No,Day,Date( SUB),serial,Battalion,Company Name,Test Type,Date ( test),Classification,#200,AVERAGE VALUE,Sampling Location,Zone,ELMENT,layer ,Number of Tests,Performed Test ,Area(m2),sample status,Document Status,NUM. OF PAGES,Done BY,DURATION,Note
1,Saturday,01-11-25,35184,36,El-BATAL,SOIL,28-10-25,A-1-B,8.20%,,Bottom of excavation,MARINA C,B-12,,1,Sieve + Proctoer ,,APPROVED AS NOTED,DONE,3,EIDG,4,
2,Saturday,01-11-25,35198,36,SAAD SHETA,DPL,31-10-25,,,52.73,Fill,MARINA C,B-20,LAYER-6,9,,,APPROVED AS NOTED,DONE,2,EIDG,1,
3,Saturday,01-11-25,35199,36,NEESR EL-ARABY,DPL,31-10-25,,,58.84,Fill,MARINA C,B-18,LAYER-4,5,,,APPROVED AS NOTED,DONE,2,EIDG,1,
4,Saturday,01-11-25,35200,36,NEESR EL-ARABY,DPL,31-10-25,,,56.59,Fill,MARINA C,B-17,LAYER-4,7,,,APPROVED AS NOTED,DONE,2,EIDG,1,
5,Saturday,01-11-25,35201,36,MOKHTAR ELSHENAWY,DPL,31-10-25,,,57.44,Fill,MARINA C,BH-9,LAYER-1,5,,,APPROVED AS NOTED,DONE,2,EIDG,1,
6,Saturday,01-11-25,35202,36,MOKHTAR ELSHENAWY,DPL,31-10-25,,,45.52,Fill,MARINA C,BH-8,LAYER-1,5,,,APPROVED AS NOTED,DONE,2,EIDG,1,
7,Saturday,01-11-25,35203,36,NEESR EL-ARABY,SOIL,30-10-25,A-1-B,7.30%,,Stockpile,MARINA C,,,1,Sieve + Proctoer ,,APPROVED AS NOTED,DONE,3,EIDG,2,
8,Saturday,01-11-25,35204,36,MOKHTAR ELSHENAWY,SOIL,30-10-25,A-4,71.90%,,Bottom of excavation,MARINA C,BH-10,,1,Sieve analysis,,APPROVED AS NOTED,DONE,2,EIDG,2,
9,Saturday,01-11-25,35206,36,U-MARK,DPL,30-10-25,,,48.41,Bottom of excavation,MARINA C,B-13,,2,,,APPROVED AS NOTED,DONE,2,EIDG,2,
10,Saturday,01-11-25,35205,36,El-BATAL,SOIL,30-10-25,A-4,81.20%,,Bottom of excavation,MARINA C,BH-9,,1,Sieve analysis,,APPROVED AS NOTED,DONE,2,EIDG,2,
11,Saturday,01-11-25,35207,36,U-MARK,DPL,30-10-25,,,55.33,Fill,MARINA C,B-12,LAYER-1,2,,,APPROVED AS NOTED,DONE,2,EIDG,2,
12,Saturday,01-11-25,35208,36,El-BATAL,DPL,29-10-25,,,78.54,Bottom of excavation,MARINA C,B-13,,3,,,APPROVED AS NOTED,DONE,3,EIDG,3,
13,Saturday,01-11-25,35209,36,El-BATAL,DPL,29-10-25,,,49.503,Bottom of excavation,MARINA C,B-12,,2,,,APPROVED AS NOTED,DONE,3,EIDG,3,
14,Saturday,01-11-25,35210,36,El-BATAL,DPL,29-10-25,,,55.54,Bottom of excavation,MARINA C,BH-6,,3,,,APPROVED AS NOTED,DONE,3,EIDG,3,
15,Saturday,01-11-25,35211,36,El-BATAL,SOIL,29-10-25,A-4,71.10%,,Bottom of excavation,MARINA C,BH-7,,1,Sieve analysis,,APPROVED AS NOTED,DONE,2,EIDG,3,
16,Saturday,01-11-25,35213,36,U-MARK,SOIL,29-10-25,A-3,6.70%,,Stockpile,MARINA C,,,1,Sieve + Proctoer ,,APPROVED AS NOTED,DONE,3,EIDG,3,
17,Saturday,01-11-25,35214,36,U-MARK,SOIL,29-10-25,A-3,8.20%,,Stockpile,MARINA C,,,1,Sieve + Proctoer ,,APPROVED AS NOTED,DONE,3,EIDG,3,
18,Saturday,01-11-25,35215,36,U-MARK,DPL,28-10-25,,,45.54,Fill,MARINA C,B-12,,12,,,APPROVED AS NOTED,DONE,3,EIDG,4,
19,Saturday,01-11-25,35216,36,NEESR EL-ARABY,DPL,28-10-25,,,52.187,Fill,MARINA C,B-18,LAYER-3,6,,,APPROVED AS NOTED,DONE,3,EIDG,4,
20,Saturday,01-11-25,35217,36,NEESR EL-ARABY,DPL,28-10-25,,,49.57,Fill,MARINA C,B-17,LAYER-3,6,,,APPROVED AS NOTED,DONE,3,EIDG,4,
21,Saturday,01-11-25,35218,36,SAAD SHETA,DPL,27-10-25,,,40.49,Fill,MARINA C,B-20,LAYER-5,9,,,REVISE,DONE,3,EIDG,5,
22,Saturday,01-11-25,35219,36,SAAD SHETA,DPL,27-10-25,,,43.95,Fill,MARINA C,B-20,LAYER-5,5,,,APPROVED AS NOTED,DONE,3,EIDG,5,
23,Saturday,01-11-25,35220,36,NEESR EL-ARABY,DPL,27-10-25,,,47.37,Fill,MARINA C,B-18,LAYER-2,6,,,APPROVED AS NOTED,DONE,3,EIDG,5,
24,Saturday,01-11-25,35221,36,U-MARK,DPL,27-10-25,,,46.716,Fill,MARINA C,B-12,LAYER-1,7,,,APPROVED AS NOTED,DONE,3,EIDG,5,
25,Saturday,01-11-25,35212,36,U-MARK,SOIL,29-10-25,A-3,8.50%,,Stockpile,MARINA C,,,1,Sieve + Proctoer ,,APPROVED AS NOTED,DONE,3,EIDG,3,
26,Saturday,01-11-25,35212,36,El-BATAL,SOIL,29-10-25,A-1-B,4.80%,,Stockpile,MARINA C,,,1,Sieve + Proctoer ,,APPROVED AS NOTED,DONE,3,EIDG,3,
27,Sunday,26-10-25,35052,36,NEESR EL-ARABY,DPL,23-10-25,,,80.97,Bottom of excavation,MARINA C,B-20,,3,,,APPROVED AS NOTED,DONE,3,EIDG,3,
28,Sunday,26-10-25,35051,36,SAAD SHETA,DPL,23-10-25,,,47.449,Fill,MARINA C,B-20,LAYER-2,8,,,APPROVED AS NOTED,DONE,3,EIDG,3,
29,Sunday,26-10-25,35050,36,NEESR EL-ARABY,DPL,23-10-25,,,64.072,Fill,MARINA C,B-18,LAYER-1,4,,,APPROVED AS NOTED,DONE,3,EIDG,3,
30,Sunday,26-10-25,35049,36,SAAD SHETA,DPL,22-10-25,,,45.57,Fill,MARINA C,B-20,LAYER-1,6,,,APPROVED AS NOTED,DONE,3,EIDG,4,
31,Sunday,26-10-25,35055,36,NEESR EL-ARABY,SOIL,23-10-25,A-2-4,13.00%,,Stockpile,MARINA C,,,1,Sieve + Proctoer ,,APPROVED AS NOTED,DONE,3,EIDG,3,
32,Sunday,26-10-25,35053,36,U-MARK,SOIL,23-10-25,A-1-B,7.10%,,Bottom of excavation,MARINA C,B-12,,1,Sieve + Proctoer ,,APPROVED AS NOTED,DONE,3,EIDG,3,
33,Sunday,26-10-25,35054,36,SAAD SHETA,SOIL,21-10-25,A-2-4,13.30%,,Stockpile,MARINA C,,,1,Sieve + Proctoer ,,APPROVED AS NOTED,DONE,3,EIDG,5,
34,Tuesday,21-10-25,35043,36,NEESR EL-ARABY,SOIL,20-10-25,A-4,80.80%,,Bottom of excavation,MARINA C,B-17,,1,Sieve analysis,,APPROVED AS NOTED,DONE,2,EIDG,1,
35,Tuesday,21-10-25,35042,36,NEESR EL-ARABY,SOIL,20-10-25,A-4,69.80%,,Bottom of excavation,MARINA C,B-17,,1,Sieve analysis,,APPROVED AS NOTED,DONE,2,EIDG,1,
36,Tuesday,21-10-25,35041,36,SAAD SHETA,SOIL,18-10-25,A-4,53.10%,,Bottom of excavation,MARINA C,B-20,,1,Sieve analysis,,APPROVED AS NOTED,DONE,2,EIDG,3,
37,Tuesday,21-10-25,35040,36,SAAD SHETA,SOIL,18-10-25,A-4,60.40%,,Bottom of excavation,MARINA C,B-20,,1,Sieve analysis,,APPROVED AS NOTED,DONE,2,EIDG,3,
38,Wednesday,29-10-25,35135,36,NEESR EL-ARABY,DPL,26-10-25,,,58.93,Fill,MARINA C,B-18,LAYER-1,4,,,APPROVED AS NOTED,DONE,3,EIDG,3,
39,Monday,27-10-25,35106,36,U-MARK,DPL,25-10-25,,,61.94,Bottom of excavation,MARINA C,B-12,,9,,,APPROVED AS NOTED,DONE,3,EIDG,2,
40,Monday,27-10-25,35107,36,SAAD SHETA,DPL,25-10-25,,,51.99,Fill,MARINA C,B-20,LAYER-3,6,,,APPROVED AS NOTED,DONE,3,EIDG,2,
41,Wednesday,29-10-25,35133,36,U-MARK,DPL,26-10-25,,,41.02,Fill,MARINA C,B-12,LAYER-1,9,,,REVISE,DONE,3,EIDG,3,
42,Wednesday,29-10-25,35134,36,SAAD SHETA,DPL,26-10-25,,,56.016,Fill,MARINA C,B-20,LAYER-4,7,,,APPROVED AS NOTED,DONE,3,EIDG,3,
43,Wednesday,29-10-25,35144,36,NEESR EL-ARABY,SOIL,25-10-25,A-2-4,22.60%,,Bottom of excavation,MARINA C,B-17,,1,Sieve + Proctoer ,,APPROVED AS NOTED,DONE,3,EIDG,4,
44,Wednesday,29-10-25,35145,36,NEESR EL-ARABY,SOIL,25-10-25,A-2-4,23.90%,,Bottom of excavation,MARINA C,B-18,,1,Sieve + Proctoer ,,APPROVED AS NOTED,DONE,3,EIDG,4,
45,Wednesday,29-10-25,35147,36,El-BATAL,SOIL,26-10-25,A-3,7.00%,,Bottom of excavation,MARINA C,B-13,,1,Sieve + Proctoer ,,APPROVED AS NOTED,DONE,3,EIDG,3,
46,Wednesday,29-10-25,35146,36,U-MARK,SOIL,26-10-25,A-1-B,3.70%,,Bottom of excavation,MARINA C,B-13,,1,Sieve + Proctoer ,,APPROVED AS NOTED,DONE,3,EIDG,3,
47,Wednesday,29-10-25,35148,36,El-BATAL,SOIL,26-10-25,A-4,57.00%,,Bottom of excavation,MARINA C,B-13,,1,Sieve analysis,,APPROVED AS NOTED,DONE,2,EIDG,3,
48,Wednesday,29-10-25,35130,36,El-BATAL,SOIL,27-10-25,A-4,61.00%,,Bottom of excavation,MARINA C,B-15,,1,Sieve analysis,,APPROVED AS NOTED,DONE,2,EIDG,2,
49,Wednesday,29-10-25,35129,36,El-BATAL,SOIL,27-10-25,A-4,40.80%,,Bottom of excavation,MARINA C,BH-8,,1,Sieve analysis,,APPROVED AS NOTED,DONE,2,EIDG,2,
50,Wednesday,29-10-25,35127,36,El-BATAL,SOIL,27-10-25,A-2-4,19.00%,,Stockpile,MARINA C,,,1,Sieve + Proctoer ,,APPROVED AS NOTED,DONE,2,EIDG,2,
51,Wednesday,29-10-25,35128,36,El-BATAL,SOIL,27-10-25,A-1-B,11.60%,,Bottom of excavation,MARINA C,BH-6,,1,Sieve + Proctoer ,,APPROVED AS NOTED,DONE,3,EIDG,2,
52,Wednesday,29-10-25,35131,36,NEESR EL-ARABY,SOIL,27-10-25,A-4,63.10%,,Bottom of excavation,MARINA C,B-19,,1,Sieve analysis,,APPROVED AS NOTED,DONE,2,EIDG,2,
53,Wednesday,29-10-25,35132,36,SAAD SHETA,SOIL,27-10-25,A-2-4,14.40%,,Stockpile,MARINA C,,,1,Sieve + Proctoer ,,APPROVED AS NOTED,DONE,3,EIDG,2,
54,Sunday,02-11-25,35230,36,El-BATAL,SOIL,01-11-25,A-2-4,13.80%,,Stockpile,MARINA C,,,1,Sieve + Proctoer ,,APPROVED AS NOTED,DONE,3,EIDG,1,
55,Sunday,02-11-25,35243,36,MOKHTAR ELSHENAWY,DPL,01-11-25,,,45.148,Fill,MARINA C,BH-9,LAYER-2,6,,,APPROVED AS NOTED,DONE,2,EIDG,1,
56,Sunday,02-11-25,35242,36,El-BATAL,DPL,01-11-25,,,47.73,Fill,MARINA C,BH-8,LAYER-1,5,,,APPROVED AS NOTED,DONE,2,EIDG,1,
57,Sunday,02-11-25,35241,36,MOKHTAR ELSHENAWY,DPL,01-11-25,,,44.43,Fill,MARINA C,BH-8,LAYER-3,7,,,APPROVED AS NOTED,DONE,2,EIDG,1,
58,Sunday,02-11-25,35240,36,MOKHTAR ELSHENAWY,DPL,01-11-25,,,44.95,Fill,MARINA C,BH-8,LAYER-2,4,,,APPROVED AS NOTED,DONE,2,EIDG,1,
59,Sunday,02-11-25,35239,36,SAAD SHETA,DPL,01-11-25,,,49.16,Fill,MARINA C,B-20,LAYER-7,6,,,APPROVED AS NOTED,DONE,2,EIDG,1,
60,Sunday,02-11-25,35238,36,NEESR EL-ARABY,DPL,01-11-25,,,56.089,Fill,MARINA C,B-18,LAYER-5,8,,,APPROVED AS NOTED,DONE,2,EIDG,1,
61,Sunday,02-11-25,35237,36,NEESR EL-ARABY,DPL,01-11-25,,,45.038,Fill,MARINA C,B-17,LAYER-5,7,,,APPROVED AS NOTED,DONE,2,EIDG,1,
62,Sunday,02-11-25,35236,36,El-BATAL,DPL,01-11-25,,,55.86,Fill,MARINA C,B-15,LAYER-1,6,,,APPROVED AS NOTED,DONE,2,EIDG,1,
63,Sunday,02-11-25,35235,36,El-BATAL,DPL,01-11-25,,,47.38,Fill,MARINA C,B-13,LAYER-1,4,,,APPROVED AS NOTED,DONE,2,EIDG,1,
64,Sunday,02-11-25,35234,36,U-MARK,DPL,01-11-25,,,41.236,Fill,MARINA C,B-12,LAYER-2,2,,,APPROVED AS NOTED,DONE,2,EIDG,1,
65,Sunday,02-11-25,35233,36,U-MARK,DPL,01-11-25,,,49.36,Fill,MARINA C,B-12,LAYER-3,12,,,APPROVED AS NOTED,DONE,2,EIDG,1,
66,Saturday,01-11-25,35210,36,SAAD SHETA,DPL,30-10-25,,,36.78,Bottom of excavation,MARINA C,BH-7,,4,,,REVISE,DONE,2,EIDG,2,
67,Monday,03-11-25,35248,36,El-BATAL,DPL,02-11-25,,,50.233,Fill,MARINA C,B-13,LAYER-2,4,,,APPROVED AS NOTED,DONE,2,EIDG,1,
68,Monday,03-11-25,35247,36,U-MARK,DPL,02-11-25,,,43.74,Fill,MARINA C,B-12,LAYER-3,2,,,APPROVED AS NOTED,DONE,2,EIDG,1,
69,Monday,03-11-25,35246,36,MOKHTAR ELSHENAWY,DPL,02-11-25,,,49.215,Fill,MARINA C,BH-9,LAYER-3,4,,,APPROVED AS NOTED,DONE,2,EIDG,1,
70,Monday,03-11-25,35245,36,El-BATAL,DPL,02-11-25,,,54.132,Fill,MARINA C,BH-8,LAYER-1,8,,,APPROVED AS NOTED,DONE,2,EIDG,1,
71,Monday,03-11-25,35244,36,MOKHTAR ELSHENAWY,DPL,02-11-25,,,45.559,Fill,MARINA C,BH-8,LAYER-4,6,,,APPROVED AS NOTED,DONE,2,EIDG,1,
72,Tuesday,04-11-25,35264,36,MOKHTAR ELSHENAWY,DPL,03-11-25,,,46.298,Fill,MARINA C,BH-8,LAYER-5,5,,,APPROVED AS NOTED,DONE,2,EIDG,1,
73,Tuesday,04-11-25,35263,36,MOKHTAR ELSHENAWY,DPL,03-11-25,,,44.041,Fill,MARINA C,BH-9,LAYER-5,8,,,APPROVED AS NOTED,DONE,2,EIDG,1,
74,Tuesday,04-11-25,35262,36,MOKHTAR ELSHENAWY,DPL,03-11-25,,,45.94,Fill,MARINA C,BH-9,LAYER-4,5,,,APPROVED AS NOTED,DONE,2,EIDG,1,
75,Tuesday,04-11-25,35261,36,NEESR EL-ARABY,DPL,03-11-25,,,52.97,Fill,MARINA C,B-18,LAYER-6,7,,,APPROVED AS NOTED,DONE,2,EIDG,1,
76,Tuesday,04-11-25,35260,36,NEESR EL-ARABY,DPL,03-11-25,,,53.71,Fill,MARINA C,B-17,LAYER-6,8,,,APPROVED AS NOTED,DONE,2,EIDG,1,
77,Tuesday,04-11-25,35259,36,U-MARK,DPL,03-11-25,,,46.23,Fill,MARINA C,B-12,LAYER-4,8,,,APPROVED AS NOTED,DONE,2,EIDG,1,
78,Monday,10-11-25,35448,36,SAAD SHETA,PLATE LOAD,08-11-25,,,,Fill,MARINA C,B-20,20.35,1,,,APPROVED AS NOTED,DONE,5,CEL,2,
79,Monday,10-11-25,35447,36,SAAD SHETA,PLATE LOAD,08-11-25,,,,Fill,MARINA C,B-20,20.35,1,,,APPROVED AS NOTED,DONE,5,CEL,2,
80,Monday,10-11-25,35445,36,NEESR EL-ARABY,PLATE LOAD,08-11-25,,,,Fill,MARINA C,B-17,22.3,1,,,APPROVED AS NOTED,DONE,3,BONYAN MISR,2,
81,Monday,10-11-25,35446,36,NEESR EL-ARABY,PLATE LOAD,08-11-25,,,,Fill,MARINA C,B-18,21.3,1,,,APPROVED AS NOTED,DONE,3,BONYAN MISR,2,
82,Thursday,06-11-25,35298,36,MOKHTAR ELSHENAWY,DPL,05-11-25,,,52.449,Fill,MARINA C,BH-10,LAYER-1,9,,,APPROVED AS NOTED,DONE,2,EIDG,1,
83,Thursday,06-11-25,35297,36,El-BATAL,DPL,05-11-25,,,65.86,Fill,MARINA C,BH-8,LAYER-3,3,,,APPROVED AS NOTED,DONE,2,EIDG,1,
84,Thursday,06-11-25,35296,36,MOKHTAR ELSHENAWY,DPL,05-11-25,,,42.336,Fill,MARINA C,BH-8,LAYER-7,3,,,APPROVED AS NOTED,DONE,2,EIDG,1,
85,Thursday,06-11-25,35295,36,MOKHTAR ELSHENAWY,DPL,05-11-25,,,47.239,Fill,MARINA C,BH-9,LAYER-7,5,,,APPROVED AS NOTED,DONE,2,EIDG,1,
86,Friday,07-11-25,35323,36,NEESR EL-ARABY,PLATE LOAD,01-11-25,,,,Fill,MARINA C,B-18,19.1,1,,,APPROVED AS NOTED,DONE,3,BONYAN MISR,6,
87,Friday,07-11-25,35322,36,NEESR EL-ARABY,PLATE LOAD,03-11-25,,,,Fill,MARINA C,B-17,20.35,1,,,APPROVED AS NOTED,DONE,3,BONYAN MISR,4,
88,Friday,07-11-25,35321,36,NEESR EL-ARABY,PLATE LOAD,03-11-25,,,,Fill,MARINA C,B-17,20.39,1,,,APPROVED AS NOTED,DONE,3,BONYAN MISR,4,
89,Friday,07-11-25,35324,36,NEESR EL-ARABY,PLATE LOAD,01-11-25,,,,Fill,MARINA C,B-18,19.1,1,,,REVISE,DONE,3,BONYAN MISR,6,
90,Friday,07-11-25,35326,36,SAAD SHETA,PLATE LOAD,31-10-25,,,,Fill,MARINA C,B-20,18.35,1,,,APPROVED AS NOTED,DONE,3,BONYAN MISR,7,
91,Friday,07-11-25,35325,36,SAAD SHETA,PLATE LOAD,31-10-25,,,,Fill,MARINA C,B-20,18.35,1,,,APPROVED AS NOTED,DONE,3,BONYAN MISR,7,
92,Friday,07-11-25,35338,36,MOKHTAR ELSHENAWY,DPL,06-11-25,,,51.05,Fill,MARINA C,BH-10,LAYER-2,5,,,APPROVED AS NOTED,DONE,2,EIDG,1,
93,Friday,07-11-25,35339,36,MOKHTAR ELSHENAWY,DPL,06-11-25,,,49.99,Fill,MARINA C,BH-9,LAYER-8,4,,,APPROVED AS NOTED,DONE,2,EIDG,1,
94,Friday,07-11-25,35340,36,MOKHTAR ELSHENAWY,DPL,06-11-25,,,46.66,Fill,MARINA C,BH-8,LAYER-8,4,,,APPROVED AS NOTED,DONE,2,EIDG,1,
95,Friday,07-11-25,35341,36,El-BATAL,DPL,06-11-25,,,52.304,Fill,MARINA C,B-13,LAYER-4,4,,,APPROVED AS NOTED,DONE,2,EIDG,1,
96,Friday,07-11-25,35342,36,NEESR EL-ARABY,DPL,06-11-25,,,54.249,Fill,MARINA C,B-18,LAYER-9,6,,,APPROVED AS NOTED,DONE,2,EIDG,1,
97,Friday,07-11-25,35343,36,SAAD SHETA,DPL,06-11-25,,,36.94,Fill,MARINA C,B-20,LAYER-10,6,,,APPROVED AS NOTED,DONE,2,EIDG,1,
98,Friday,07-11-25,35344,36,NEESR EL-ARABY,DPL,06-11-25,,,47.407,Fill,MARINA C,B-17,LAYER-8,6,,,APPROVED AS NOTED,DONE,2,EIDG,1,
99,Friday,07-11-25,35345,36,MOKHTAR ELSHENAWY,DPL,06-11-25,,,48.77,Fill,MARINA C,BH-10,LAYER-3,6,,,APPROVED AS NOTED,DONE,2,EIDG,1,
100,Friday,07-11-25,35346,36,El-BATAL,DPL,06-11-25,,,54.35,Fill,MARINA C,B-15,LAYER-4,6,,,APPROVED AS NOTED,DONE,2,EIDG,1,
101,Saturday,08-11-25,35358,36,MOKHTAR ELSHENAWY,PLATE LOAD,07-11-25,,,,Fill,MARINA C,BH-10,17.5,1,,,APPROVED AS NOTED,DONE,5,CEL,1,
102,Saturday,08-11-25,35359,36,MOKHTAR ELSHENAWY,PLATE LOAD,07-11-25,,,,Fill,MARINA C,BH-10,17.5,1,,,APPROVED AS NOTED,DONE,5,CEL,1,
103,Saturday,08-11-25,35360,36,U-MARK,PLATE LOAD,06-11-25,,,,Fill,MARINA C,B-12,20.85,1,,,APPROVED AS NOTED,DONE,5,CEL,2,
104,Saturday,08-11-25,35361,36,U-MARK,PLATE LOAD,06-11-25,,,,Fill,MARINA C,B-12,20.85,1,,,APPROVED AS NOTED,DONE,5,CEL,2,
105,Saturday,08-11-25,35362,36,NEESR EL-ARABY,PLATE LOAD,06-11-25,,,,Fill,MARINA C,B-17,20.85,1,,,APPROVED AS NOTED,DONE,3,BONYAN MISR,2,
106,Saturday,08-11-25,35363,36,NEESR EL-ARABY,PLATE LOAD,06-11-25,,,,Fill,MARINA C,B-18,20.85,1,,,APPROVED AS NOTED,DONE,3,BONYAN MISR,2,
107,Saturday,08-11-25,35284,36,MOKHTAR ELSHENAWY,DPL,04-11-25,,,44.59,Fill,MARINA C,BH-9,LAYER-6,4,,,APPROVED AS NOTED,DONE,2,EIDG,4,
108,Saturday,08-11-25,35283,36,MOKHTAR ELSHENAWY,DPL,04-11-25,,,44.134,Fill,MARINA C,BH-8,LAYER-6,7,,,APPROVED AS NOTED,DONE,2,EIDG,4,
109,Saturday,08-11-25,35282,36,El-BATAL,DPL,04-11-25,,,51.65,Fill,MARINA C,BH-8,LAYER-2,5,,,APPROVED AS NOTED,DONE,2,EIDG,4,
110,Wednesday,05-11-25,35281,36,El-BATAL,DPL,04-11-25,,,47.202,Fill,MARINA C,BH-7,LAYER-2,4,,,APPROVED AS NOTED,DONE,2,EIDG,1,
111,Wednesday,05-11-25,35280,36,El-BATAL,DPL,04-11-25,,,44.678,Fill,MARINA C,BH-6,LAYER-1,3,,,APPROVED AS NOTED,DONE,2,EIDG,1,
112,Wednesday,05-11-25,35279,36,SAAD SHETA,DPL,04-11-25,,,46.339,Fill,MARINA C,B-20,LAYER-9,9,,,APPROVED AS NOTED,DONE,2,EIDG,1,
113,Wednesday,05-11-25,35278,36,NEESR EL-ARABY,DPL,04-11-25,,,49.78,Fill,MARINA C,B-18,LAYER-7,6,,,APPROVED AS NOTED,DONE,2,EIDG,1,
114,Wednesday,05-11-25,35277,36,El-BATAL,DPL,04-11-25,,,48.073,Fill,MARINA C,B-18,LAYER-2,5,,,APPROVED AS NOTED,DONE,2,EIDG,1,
115,Wednesday,05-11-25,35276,36,El-BATAL,DPL,04-11-25,,,49.76,Fill,MARINA C,B-13,LAYER-3,7,,,APPROVED AS NOTED,DONE,2,EIDG,1,
116,Saturday,08-11-25,35372,36,SAAD SHETA,DPL,07-11-25,,,38.13,Fill,MARINA C,B-20,LAYER-10,5,,,REVISE,DONE,2,EIDG,1,
117,Saturday,08-11-25,35373,36,NEESR EL-ARABY,DPL,07-11-25,,,46.8,Fill,MARINA C,B-17,LAYER-9,6,,,APPROVED AS NOTED,DONE,2,EIDG,1,
118,Saturday,08-11-25,35371,36,El-BATAL,DPL,07-11-25,,,41.99,Fill,MARINA C,BH-8,LAYER-4,5,,,APPROVED AS NOTED,DONE,2,EIDG,1,
119,Saturday,08-11-25,35370,36,U-MARK,DPL,07-11-25,,,40.89,Fill,MARINA C,BH-3,LAYER-1,2,,,APPROVED AS NOTED,DONE,2,EIDG,1,
120,Saturday,08-11-25,35369,36,U-MARK,DPL,07-11-25,,,42.066,Fill,MARINA C,BH-1,LAYER-1,3,,,APPROVED AS NOTED,DONE,2,EIDG,1,
121,Saturday,08-11-25,35368,36,U-MARK,DPL,07-11-25,,,47.65,Fill,MARINA C,B-12,LAYER-6,7,,,APPROVED AS NOTED,DONE,2,EIDG,1,
122,Saturday,08-11-25,35367,36,U-MARK,DPL,07-11-25,,,41.43,Fill,MARINA C,BH-2,LAYER-1,2,,,APPROVED AS NOTED,DONE,2,EIDG,1,
123,Saturday,08-11-25,35366,36,U-MARK,DPL,07-11-25,,,43.78,Fill,MARINA C,BH-4,LAYER-1,2,,,APPROVED AS NOTED,DONE,2,EIDG,1,
124,Saturday,08-11-25,35365,36,MOKHTAR ELSHENAWY,DPL,07-11-25,,,46.28,Fill,MARINA C,BH-10,LAYER-4,7,,,APPROVED AS NOTED,DONE,2,EIDG,1,
125,Thursday,06-11-25,35300,36,NEESR EL-ARABY,DPL,05-11-25,,,60.29,Fill,MARINA C,B-17,LAYER-7,6,,,APPROVED AS NOTED,DONE,2,EIDG,1,
126,Thursday,06-11-25,35301,36,El-BATAL,DPL,05-11-25,,,56.4,Fill,MARINA C,B-15,LAYER-3,6,,,APPROVED AS NOTED,DONE,2,EIDG,1,
127,Thursday,06-11-25,35299,36,NEESR EL-ARABY,DPL,05-11-25,,,50.24,Fill,MARINA C,B-18,LAYER-8,4,,,APPROVED AS NOTED,DONE,2,EIDG,1,
128,Sunday,09-11-25,35391,36,El-BATAL,DPL,08-11-25,,,53.127,Fill,MARINA C,B-15,LAYER-5,4,,,APPROVED AS NOTED,DONE,2,EIDG,1,
129,Sunday,09-11-25,35390,36,SAAD SHETA,DPL,08-11-25,,,48.66,Fill,MARINA C,B-20,LAYER-10,6,,,APPROVED AS NOTED,DONE,2,EIDG,1,
130,Sunday,09-11-25,35389,36,El-BATAL,DPL,08-11-25,,,48.048,Fill,MARINA C,B-13,LAYER-5,6,,,APPROVED AS NOTED,DONE,2,EIDG,1,
131,Sunday,09-11-25,35388,36,El-BATAL,DPL,08-11-25,,,45.105,Fill,MARINA C,B-15,LAYER-1,2,,,APPROVED AS NOTED,DONE,2,EIDG,1,
132,Sunday,09-11-25,35387,36,MOKHTAR ELSHENAWY,DPL,08-11-25,,,50.76,Fill,MARINA C,BH-8,LAYER-9,4,,,APPROVED AS NOTED,DONE,2,EIDG,1,
133,Sunday,09-11-25,35386,36,NEESR EL-ARABY,DPL,08-11-25,,,46.551,Fill,MARINA C,B-17,LAYER-10,4,,,APPROVED AS NOTED,DONE,2,EIDG,1,
134,Sunday,09-11-25,35384,36,MOKHTAR ELSHENAWY,DPL,08-11-25,,,45.42,Fill,MARINA C,BH-9,LAYER-9,8,,,APPROVED AS NOTED,DONE,2,EIDG,1,
135,Sunday,09-11-25,35385,36,NEESR EL-ARABY,DPL,08-11-25,,,47.62,Fill,MARINA C,B-18,LAYER-10,8,,,APPROVED AS NOTED,DONE,2,EIDG,1,
136,Sunday,09-11-25,35383,36,El-BATAL,DPL,08-11-25,,,49.49,Fill,MARINA C,BH-7,LAYER-2,4,,,APPROVED AS NOTED,DONE,2,EIDG,1,
137,Sunday,09-11-25,35382,36,MOKHTAR ELSHENAWY,DPL,08-11-25,,,45.203,Fill,MARINA C,BH-10,LAYER-5,8,,,APPROVED AS NOTED,DONE,2,EIDG,1,
138,Thursday,06-11-25,35302,36,U-MARK,DPL,05-11-25,,,46.68,Fill,MARINA C,B-12,LAYER-5,6,,,APPROVED AS NOTED,DONE,2,EIDG,1,
139,Monday,10-11-25,35436,36,MOKHTAR ELSHENAWY,DPL,09-11-25,,,46.16,Fill,MARINA C,BH-10,LAYER-7,8,,,APPROVED AS NOTED,DONE,2,EIDG,1,
140,Monday,10-11-25,35435,36,NEESR EL-ARABY,DPL,09-11-25,,,53.64,Fill,MARINA C,B-17,LAYER-11,3,,,APPROVED AS NOTED,DONE,2,EIDG,1,
141,Monday,10-11-25,35434,36,MOKHTAR ELSHENAWY,DPL,09-11-25,,,52.62,Fill,MARINA C,BH-9,LAYER-10,7,,,APPROVED AS NOTED,DONE,2,EIDG,1,
142,Monday,10-11-25,35433,36,MOKHTAR ELSHENAWY,DPL,09-11-25,,,45.99,Fill,MARINA C,BH-8,LAYER-10,4,,,APPROVED AS NOTED,DONE,2,EIDG,1,
143,Monday,10-11-25,35432,36,MOKHTAR ELSHENAWY,DPL,09-11-25,,,50.73,Fill,MARINA C,BH-10,LAYER-6,7,,,APPROVED AS NOTED,DONE,2,EIDG,1,
144,Tuesday,11-11-25,35490,36,El-BATAL,PLATE LOAD,09-11-25,,,,Fill,MARINA C,B-15,20.27,1,,,APPROVED AS NOTED,DONE,3,BONYAN MISR,2,
145,Tuesday,11-11-25,35489,36,El-BATAL,PLATE LOAD,09-11-25,,,,Fill,MARINA C,B-15,20.3,1,,,APPROVED AS NOTED,DONE,3,BONYAN MISR,2,
146,Tuesday,11-11-25,35488,36,El-BATAL,PLATE LOAD,10-11-25,,,,Fill,MARINA C,B-18,20.55,1,,,APPROVED AS NOTED,DONE,3,BONYAN MISR,1,
147,Tuesday,11-11-25,35487,36,MOKHTAR ELSHENAWY,PLATE LOAD,10-11-25,,,,Fill,MARINA C,BH-8,22.25,1,,,APPROVED AS NOTED,DONE,5,CEL,1,
148,Tuesday,11-11-25,35486,36,MOKHTAR ELSHENAWY,PLATE LOAD,10-11-25,,,,Fill,MARINA C,BH-9,21.25,1,,,APPROVED AS NOTED,DONE,5,CEL,1,
149,Tuesday,11-11-25,35485,36,MOKHTAR ELSHENAWY,PLATE LOAD,10-11-25,,,,Fill,MARINA C,BH-9,21.25,1,,,APPROVED AS NOTED,DONE,5,CEL,1,
150,Tuesday,11-11-25,35449,36,El-BATAL,DPL,10-11-25,,,49.53,Fill,MARINA C,B-15,LAYER-2,2,,,APPROVED AS NOTED,DONE,2,EIDG,1,
151,Tuesday,11-11-25,35450,36,SAAD SHETA,DPL,10-11-25,,,48.166,Fill,MARINA C,B-20,LAYER-11,7,,,APPROVED AS NOTED,DONE,2,EIDG,1,
152,Tuesday,11-11-25,35492,36,El-BATAL,PLATE LOAD,09-11-25,,,,Fill,MARINA C,B-13,20.32,1,,,APPROVED AS NOTED,DONE,3,BONYAN MISR,2,
153,Tuesday,11-11-25,35491,36,El-BATAL,PLATE LOAD,09-11-25,,,,Fill,MARINA C,B-13,20.37,1,,,APPROVED AS NOTED,DONE,3,BONYAN MISR,2,
154,Tuesday,11-11-25,35459,36,El-BATAL,DPL,10-11-25,,,48.085,Fill,MARINA C,BH-7,LAYER-3,4,,,APPROVED AS NOTED,DONE,2,EIDG,1,
155,Tuesday,11-11-25,35451,36,NEESR EL-ARABY,DPL,10-11-25,,,51.95,Fill,MARINA C,B-17,LAYER-12,4,,,APPROVED AS NOTED,DONE,2,EIDG,1,
156,Tuesday,11-11-25,35452,36,U-MARK,DPL,10-11-25,,,44.661,Fill,MARINA C,B-12,LAYER-7,6,,,APPROVED AS NOTED,DONE,2,EIDG,1,
157,Tuesday,11-11-25,35453,36,U-MARK,DPL,10-11-25,,,44.252,Fill,MARINA C,BH-2,LAYER-2,2,,,APPROVED AS NOTED,DONE,2,EIDG,1,
158,Tuesday,11-11-25,35454,36,U-MARK,DPL,10-11-25,,,46.727,Fill,MARINA C,BH-1,LAYER-2,2,,,APPROVED AS NOTED,DONE,2,EIDG,1,
159,Tuesday,11-11-25,35455,36,U-MARK,DPL,10-11-25,,,41.63,Fill,MARINA C,BH-3,LAYER-2,2,,,APPROVED AS NOTED,DONE,2,EIDG,1,
160,Tuesday,11-11-25,35456,36,U-MARK,DPL,10-11-25,,,40.63,Fill,MARINA C,BH-4,LAYER-2,2,,,APPROVED AS NOTED,DONE,2,EIDG,1,
161,Tuesday,11-11-25,35457,36,El-BATAL,DPL,10-11-25,,,56.207,Fill,MARINA C,BH-8,LAYER-5,4,,,APPROVED AS NOTED,DONE,2,EIDG,1,
162,Tuesday,11-11-25,35458,36,El-BATAL,DPL,10-11-25,,,48.035,Fill,MARINA C,BH-6,LAYER-2,3,,,APPROVED AS NOTED,DONE,2,EIDG,1,
163,Wednesday,12-11-25,35534,36,SAAD SHETA,DPL,11-11-25,,,49.56,Fill,MARINA C,B-20,LAYER-12,6,,,APPROVED AS NOTED,DONE,2,EIDG,1,
164,Wednesday,12-11-25,35533,36,U-MARK,DPL,11-11-25,,,48.48,Fill,MARINA C,BH-2,LAYER-3,2,,,APPROVED AS NOTED,DONE,2,EIDG,1,
165,Wednesday,12-11-25,35532,36,U-MARK,DPL,11-11-25,,,43.98,Fill,MARINA C,BH-1,LAYER-3,2,,,APPROVED AS NOTED,DONE,2,EIDG,1,
166,Wednesday,12-11-25,35531,36,U-MARK,DPL,11-11-25,,,48.84,Fill,MARINA C,BH-4,LAYER-3,2,,,APPROVED AS NOTED,DONE,2,EIDG,1,
167,Wednesday,12-11-25,35530,36,U-MARK,DPL,11-11-25,,,49.224,Fill,MARINA C,BH-3,LAYER-3,2,,,APPROVED AS NOTED,DONE,2,EIDG,1,
168,Wednesday,12-11-25,35529,36,NEESR EL-ARABY,DPL,11-11-25,,,46.973,Fill,MARINA C,B-18,LAYER-11,4,,,APPROVED AS NOTED,DONE,2,EIDG,1,
169,Wednesday,12-11-25,35528,36,NEESR EL-ARABY,DPL,11-11-25,,,55.359,Fill,MARINA C,B-17,LAYER-13,5,,,APPROVED AS NOTED,DONE,2,EIDG,1,
170,Wednesday,12-11-25,35527,36,MOKHTAR ELSHENAWY,DPL,11-11-25,,,48.77,Fill,MARINA C,BH-10,LAYER-8,7,,,APPROVED AS NOTED,DONE,2,EIDG,1,
171,Wednesday,12-11-25,35526,36,MOKHTAR ELSHENAWY,DPL,11-11-25,,,43.76,Fill,MARINA C,BH-9,LAYER-11,3,,,APPROVED AS NOTED,DONE,2,EIDG,1,
172,Wednesday,12-11-25,35525,36,MOKHTAR ELSHENAWY,DPL,11-11-25,,,49.73,Fill,MARINA C,BH-8,LAYER-11,5,,,APPROVED AS NOTED,DONE,2,EIDG,1,
173,Wednesday,12-11-25,35524,36,El-BATAL,DPL,11-11-25,,,61.57,Fill,MARINA C,B-15,LAYER-3,2,,,APPROVED AS NOTED,DONE,2,EIDG,1,
174,Wednesday,12-11-25,35523,36,El-BATAL,DPL,11-11-25,,,46.74,Fill,MARINA C,B-13,LAYER-6,4,,,APPROVED AS NOTED,DONE,2,EIDG,1,
175,Wednesday,12-11-25,35522,36,El-BATAL,DPL,11-11-25,,,53.64,Fill,MARINA C,B-15,LAYER-6,6,,,APPROVED AS NOTED,DONE,2,EIDG,1,
176,Wednesday,12-11-25,35521,36,El-BATAL,DPL,11-11-25,,,54.59,Fill,MARINA C,BH-8,LAYER-6,2,,,APPROVED AS NOTED,DONE,2,EIDG,1,
177,Wednesday,12-11-25,35520,36,El-BATAL,DPL,11-11-25,,,54.72,Fill,MARINA C,BH-7,LAYER-4,2,,,APPROVED AS NOTED,DONE,2,EIDG,1,
178,Wednesday,12-11-25,35519,36,El-BATAL,DPL,11-11-25,,,51.022,Fill,MARINA C,B-15,LAYER-4,2,,,APPROVED AS NOTED,DONE,2,EIDG,1,
179,Wednesday,12-11-25,35518,36,El-BATAL,DPL,11-11-25,,,52.97,Fill,MARINA C,BH-6,LAYER-3,2,,,APPROVED AS NOTED,DONE,2,EIDG,1,
180,Wednesday,12-11-25,35514,36,MOKHTAR ELSHENAWY,PLATE LOAD,11-11-25,,,,Fill,MARINA C,BH-10,19.5,1,,,APPROVED AS NOTED,DONE,5,CEL,1,
181,Wednesday,12-11-25,35513,36,MOKHTAR ELSHENAWY,PLATE LOAD,11-11-25,,,,Fill,MARINA C,BH-10,19.5,1,,,APPROVED AS NOTED,DONE,5,CEL,1,
182,Thursday,13-11-25,35558,36,NEESR EL-ARABY,DPL,12-11-25,,,49.567,Fill,MARINA C,B-17,LAYER-14,6,,,APPROVED AS NOTED,DONE,2,EIDG,1,
183,Thursday,13-11-25,35557,36,NEESR EL-ARABY,DPL,12-11-25,,,46.973,Fill,MARINA C,B-18,LAYER-12,4,,,APPROVED AS NOTED,DONE,2,EIDG,1,
184,Thursday,13-11-25,35556,36,SAAD SHETA,DPL,12-11-25,,,45.162,Fill,MARINA C,B-20,LAYER-13,6,,,APPROVED AS NOTED,DONE,2,EIDG,1,
185,Thursday,13-11-25,35559,36,El-BATAL,DPL,12-11-25,,,53.64,Fill,MARINA C,B-15,LAYER-5,6,,,APPROVED AS NOTED,DONE,2,EIDG,1,
186,Saturday,15-11-25,35566,36,MOKHTAR ELSHENAWY,DPL,13-11-25,,,51.171,Fill,MARINA C,BH-10,LAYER-10,5,,,APPROVED AS NOTED,DONE,2,EIDG,2,
187,Saturday,15-11-25,35565,36,MOKHTAR ELSHENAWY,DPL,13-11-25,,,53.465,Fill,MARINA C,BH-9,LAYER-13,6,,,APPROVED AS NOTED,DONE,2,EIDG,2,
188,Saturday,15-11-25,35564,36,El-BATAL,DPL,13-11-25,,,50.291,Fill,MARINA C,B-13,LAYER-7,5,,,APPROVED AS NOTED,DONE,2,EIDG,2,
189,Saturday,15-11-25,35563,36,U-MARK,DPL,13-11-25,,,53.924,Fill,MARINA C,B-12,LAYER-8,8,,,APPROVED AS NOTED,DONE,2,EIDG,2,
190,Saturday,15-11-25,35562,36,NEESR EL-ARABY,DPL,27-10-25,,,65.771,Fill,MARINA C,B-17,LAYER-2,8,,,APPROVED AS NOTED,DONE,2,EIDG,19,
191,Saturday,15-11-25,35561,36,NEESR EL-ARABY,DPL,23-10-25,,,64.072,Fill,MARINA C,B-17,LAYER-1,4,,,APPROVED AS NOTED,DONE,2,EIDG,23,
192,Saturday,15-11-25,35560,36,SAAD SHETA,DPL,03-11-25,,,44.53,Fill,MARINA C,B-20,LAYER-8,4,,,APPROVED AS NOTED,DONE,2,EIDG,12,
193,Saturday,15-11-25,35586,36,El-BATAL,DPL,13-11-25,,,38.81,Fill,MARINA C,B-15,LAYER-7,9,,,REVISE,DONE,2,EIDG,2,
194,Saturday,15-11-25,35588,36,NEESR EL-ARABY,DPL,13-11-25,,,47.078,Fill,MARINA C,B-18,LAYER-13,4,,,APPROVED AS NOTED,DONE,2,EIDG,2,
195,Saturday,15-11-25,35589,36,MOKHTAR ELSHENAWY,DPL,13-11-25,,,53.465,Fill,MARINA C,BH-9,LAYER-13,6,,,APPROVED AS NOTED,DONE,2,EIDG,2,
196,Saturday,15-11-25,35590,36,MOKHTAR ELSHENAWY,DPL,12-11-25,,,50.368,Fill,MARINA C,BH-9,LAYER-12,5,,,APPROVED AS NOTED,DONE,2,EIDG,3,
197,Saturday,15-11-25,35591,36,MOKHTAR ELSHENAWY,DPL,12-11-25,,,48.162,Fill,MARINA C,BH-10,LAYER-9,7,,,APPROVED AS NOTED,DONE,2,EIDG,3,
198,Saturday,15-11-25,35627,36,SAAD SHETA,DPL,14-11-25,,,47.903,Fill,MARINA C,B-20,LAYER-14,9,,,APPROVED AS NOTED,DONE,2,EIDG,1,
199,Saturday,15-11-25,35628,36,NEESR EL-ARABY,DPL,14-11-25,,,45.54,Fill,MARINA C,B-18,LAYER-14,4,,,APPROVED AS NOTED,DONE,2,EIDG,1,
200,Saturday,15-11-25,35592,36,MOKHTAR ELSHENAWY,DPL,14-11-25,,,45.139,Fill,MARINA C,BH-10,LAYER-11,6,,,APPROVED AS NOTED,DONE,2,EIDG,1,
201,Saturday,15-11-25,35593,36,U-MARK,DPL,14-11-25,,,51.202,Fill,MARINA C,BH-1,LAYER-4,2,,,APPROVED AS NOTED,DONE,2,EIDG,1,
202,Saturday,15-11-25,35594,36,U-MARK,DPL,14-11-25,,,46.847,Fill,MARINA C,BH-2,LAYER-4,2,,,APPROVED AS NOTED,DONE,2,EIDG,1,
203,Saturday,15-11-25,35595,36,U-MARK,DPL,14-11-25,,,37.955,Fill,MARINA C,BH-3,LAYER-4,2,,,REVISE,DONE,2,EIDG,1,
204,Saturday,15-11-25,35597,36,El-BATAL,DPL,14-11-25,,,52.105,Fill,MARINA C,BH-6,LAYER-4,4,,,APPROVED AS NOTED,DONE,2,EIDG,1,
205,Saturday,15-11-25,35596,36,U-MARK,DPL,14-11-25,,,40.562,Fill,MARINA C,BH-4,LAYER-4,2,,,REVISE,DONE,2,EIDG,1,
206,Saturday,15-11-25,35599,36,El-BATAL,DPL,14-11-25,,,44.8,Fill,MARINA C,BH-7,LAYER-5,2,,,APPROVED AS NOTED,DONE,2,EIDG,1,
207,Saturday,15-11-25,35598,36,El-BATAL,DPL,14-11-25,,,51.742,Fill,MARINA C,BH-8,LAYER-7,3,,,APPROVED AS NOTED,DONE,2,EIDG,1,
208,Saturday,15-11-25,35600,36,El-BATAL,DPL,14-11-25,,,45.76,Fill,MARINA C,B-15,LAYER-7,5,,,APPROVED AS NOTED,DONE,2,EIDG,1,
209,Saturday,15-11-25,35601,36,NEESR EL-ARABY,DPL,14-11-25,,,48.545,Fill,MARINA C,B-17,LAYER-15,5,,,APPROVED AS NOTED,DONE,2,EIDG,1,
210,Saturday,15-11-25,35621,36,SAAD SHETA,PLATE LOAD,14-11-25,,,,Fill,MARINA C,B-20,22.35,1,,,APPROVED AS NOTED,DONE,3,BONYAN MISR,1,
211,Saturday,15-11-25,35622,36,SAAD SHETA,PLATE LOAD,14-11-25,,,,Fill,MARINA C,B-20,22.35,1,,,APPROVED AS NOTED,DONE,3,BONYAN MISR,1,
212,Saturday,15-11-25,35623,36,NEESR EL-ARABY,PLATE LOAD,12-11-25,,,,Fill,MARINA C,B-17,24.3,1,,,APPROVED AS NOTED,DONE,6,CEDC,3,
213,Saturday,15-11-25,35620,36,El-BATAL,PLATE LOAD,12-11-25,,,,Fill,MARINA C,B-15,20.3,1,,,APPROVED AS NOTED,DONE,6,BONYAN MISR,3,
214,Sunday,16-11-25,35630,36,MOKHTAR ELSHENAWY,DPL,15-11-25,,,49.75,Fill,MARINA C,BH-8,LAYER-12,6,,,APPROVED AS NOTED,DONE,2,EIDG,1,
215,Sunday,16-11-25,35631,36,MOKHTAR ELSHENAWY,DPL,15-11-25,,,52.77,Fill,MARINA C,BH-9,LAYER-14,7,,,APPROVED AS NOTED,DONE,2,EIDG,1,
216,Sunday,16-11-25,35632,36,NEESR EL-ARABY,DPL,15-11-25,,,47.435,Fill,MARINA C,B-17,LAYER-16,4,,,APPROVED AS NOTED,DONE,2,EIDG,1,
217,Sunday,16-11-25,35633,36,NEESR EL-ARABY,DPL,15-11-25,,,48.67,Fill,MARINA C,B-18,LAYER-15,2,,,APPROVED AS NOTED,DONE,2,EIDG,1,
218,Sunday,16-11-25,35634,36,U-MARK,DPL,15-11-25,,,47.929,Fill,MARINA C,B-12,LAYER-9,7,,,APPROVED AS NOTED,DONE,2,EIDG,1,
219,Sunday,16-11-25,35635,36,MOKHTAR ELSHENAWY,DPL,15-11-25,,,45.793,Fill,MARINA C,BH-10,LAYER-12,7,,,APPROVED AS NOTED,DONE,2,EIDG,1,
220,Sunday,16-11-25,35639,36,El-BATAL,DPL,15-11-25,,,50.755,Fill,MARINA C,B-15,LAYER-8,5,,,APPROVED AS NOTED,DONE,2,EIDG,1,
221,Sunday,16-11-25,35640,36,El-BATAL,DPL,15-11-25,,,53.635,Fill,MARINA C,B-13,LAYER-8,5,,,APPROVED AS NOTED,DONE,2,EIDG,1,
222,Monday,17-11-25,35656,36,U-MARK,DPL,14-11-25,,,43.258,Fill,MARINA C,BH-4,LAYER-4,2,,,APPROVED AS NOTED,DONE,2,EIDG,3,
223,Monday,17-11-25,35655,36,U-MARK,DPL,14-11-25,,,43.258,Fill,MARINA C,BH-3,LAYER-4,2,,,APPROVED AS NOTED,DONE,2,EIDG,3,
224,Monday,17-11-25,35667,36,U-MARK,DPL,16-11-25,,,51.761,Fill,MARINA C,BH-3,LAYER-5,2,,,APPROVED AS NOTED,DONE,2,EIDG,1,
225,Monday,17-11-25,35666,36,U-MARK,DPL,16-11-25,,,44.627,Fill,MARINA C,BH-4,LAYER-5,2,,,APPROVED AS NOTED,DONE,2,EIDG,1,
226,Monday,17-11-25,35665,36,U-MARK,DPL,16-11-25,,,42.513,Fill,MARINA C,BH-5,LAYER-5,2,,,APPROVED AS NOTED,DONE,2,EIDG,1,
227,Monday,17-11-25,35664,36,U-MARK,DPL,16-11-25,,,42.38,Fill,MARINA C,BH-2,LAYER-5,2,,,APPROVED AS NOTED,DONE,2,EIDG,1,
228,Monday,17-11-25,35663,36,MOKHTAR ELSHENAWY,DPL,16-11-25,,,54.048,Fill,MARINA C,BH-10,LAYER-13,6,,,APPROVED AS NOTED,DONE,2,EIDG,1,
229,Monday,17-11-25,35662,36,El-BATAL,DPL,16-11-25,,,51.356,Fill,MARINA C,BH-6,LAYER-5,2,,,APPROVED AS NOTED,DONE,2,EIDG,1,
230,Monday,17-11-25,35661,36,El-BATAL,DPL,16-11-25,,,58.383,Fill,MARINA C,BH-7,LAYER-6,2,,,APPROVED AS NOTED,DONE,2,EIDG,1,
231,Monday,17-11-25,35660,36,El-BATAL,DPL,16-11-25,,,64.626,Fill,MARINA C,B-15,LAYER-7,2,,,APPROVED AS NOTED,DONE,2,EIDG,1,
232,Monday,17-11-25,35659,36,El-BATAL,DPL,16-11-25,,,62.916,Fill,MARINA C,BH-8,LAYER-8,2,,,APPROVED AS NOTED,DONE,2,EIDG,1,
233,Monday,17-11-25,35658,36,MOKHTAR ELSHENAWY,DPL,16-11-25,,,53.443,Fill,MARINA C,BH-8,LAYER-13,3,,,APPROVED AS NOTED,DONE,2,EIDG,1,
234,Monday,17-11-25,35657,36,MOKHTAR ELSHENAWY,DPL,16-11-25,,,48.404,Fill,MARINA C,BH-9,LAYER-15,5,,,APPROVED AS NOTED,DONE,2,EIDG,1,
235,Sunday,23-11-25,35865,36,SAAD SHETA,SOIL,12-11-25,A-2-4,17.60%,,Stockpile,MARINA C,,,1,Sieve + Proctoer ,,APPROVED AS NOTED,DONE,3,EIDG,11,
236,Sunday,23-11-25,35864,36,NEESR EL-ARABY,SOIL,17-11-25,A-2-4,16.20%,,Stockpile,MARINA C,,,1,Sieve + Proctoer ,,APPROVED AS NOTED,DONE,3,EIDG,6,
237,Sunday,23-11-25,35781,36,U-MARK,DPL,20-11-25,,,43.045,Fill,MARINA C,BH-3,LAYER-7,2,,,APPROVED AS NOTED,DONE,2,EIDG,3,
238,Sunday,23-11-25,35783,36,NEESR EL-ARABY,DPL,22-11-25,,,44.56,Fill,MARINA C,B-17,LAYER-19,4,,,APPROVED AS NOTED,DONE,2,EIDG,1,
239,Sunday,23-11-25,35870,36,MOKHTAR ELSHENAWY,SOIL,15-11-25,A-2-4,16.50%,,Stockpile,MARINA C,,,1,Sieve + Proctoer ,,APPROVED AS NOTED,DONE,3,EIDG,8,
240,Sunday,23-11-25,35863,36,NEESR EL-ARABY,SOIL,11-11-25,A-2-4,13.60%,,Stockpile,MARINA C,,,1,Sieve + Proctoer ,,APPROVED AS NOTED,DONE,3,EIDG,12,
241,Sunday,23-11-25,35862,36,El-BATAL,SOIL,16-11-25,A-2-4,15.90%,,Stockpile,MARINA C,,,1,Sieve + Proctoer ,,APPROVED AS NOTED,DONE,3,EIDG,7,
242,Sunday,23-11-25,35860,36,El-BATAL,SOIL,16-11-25,A-2-4,14.70%,,Stockpile,MARINA C,,,1,Sieve + Proctoer ,,APPROVED AS NOTED,DONE,3,EIDG,7,
243,Sunday,23-11-25,35787,36,U-MARK,DPL,22-11-25,,,50.625,Fill,MARINA C,B-12,LAYER-12,6,,,APPROVED AS NOTED,DONE,2,EIDG,1,
244,Sunday,23-11-25,35789,36,El-BATAL,DPL,22-11-25,,,60.579,Fill,MARINA C,B-13,LAYER-12,4,,,APPROVED AS NOTED,DONE,2,EIDG,1,
245,Sunday,23-11-25,35790,36,El-BATAL,DPL,22-11-25,,,46.066,Fill,MARINA C,B-15,LAYER-9,3,,,APPROVED AS NOTED,DONE,2,EIDG,1,
246,Sunday,23-11-25,35791,36,MOKHTAR ELSHENAWY,DPL,22-11-25,,,57.334,Fill,MARINA C,BH-10,LAYER-17,5,,,APPROVED AS NOTED,DONE,2,EIDG,1,
247,Sunday,23-11-25,35792,36,El-BATAL,DPL,22-11-25,,,56.218,Fill,MARINA C,B-15,LAYER-11,6,,,APPROVED AS NOTED,DONE,2,EIDG,1,
248,Sunday,23-11-25,35777,36,NEESR EL-ARABY,DPL,20-11-25,,,54.339,Fill,MARINA C,B-18,LAYER-18,3,,,APPROVED AS NOTED,DONE,2,EIDG,3,
249,Sunday,23-11-25,35778,36,MOKHTAR ELSHENAWY,DPL,20-11-25,,,46.826,Fill,MARINA C,BH-9,LAYER-18,4,,,APPROVED AS NOTED,DONE,2,EIDG,3,
250,Sunday,23-11-25,35779,36,MOKHTAR ELSHENAWY,DPL,20-11-25,,,48.8,Fill,MARINA C,BH-8,LAYER-16,5,,,APPROVED AS NOTED,DONE,2,EIDG,3,
251,Sunday,23-11-25,35780,36,MOKHTAR ELSHENAWY,DPL,20-11-25,,,48.156,Fill,MARINA C,BH-14,LAYER-8,2,,,APPROVED AS NOTED,DONE,2,EIDG,3,
252,Sunday,23-11-25,35857,36,El-BATAL,PLATE LOAD,18-11-25,,,,Fill,MARINA C,BH-15,22.3,1,,,APPROVED AS NOTED,DONE,3,BONYAN MISR,5,
253,Sunday,23-11-25,35782,36,U-MARK,DPL,20-11-25,,,43.317,Fill,MARINA C,BH-2,LAYER-7,2,,,APPROVED AS NOTED,DONE,2,EIDG,3,
254,Sunday,23-11-25,35861,36,El-BATAL,SOIL,16-11-25,A-2-4,15.80%,,Stockpile,MARINA C,,,1,Sieve + Proctoer ,,APPROVED AS NOTED,DONE,3,EIDG,7,
255,Sunday,23-11-25,35784,36,NEESR EL-ARABY,DPL,22-11-25,,,51.25,Fill,MARINA C,B-18,LAYER-19,4,,,APPROVED AS NOTED,DONE,2,EIDG,1,
256,Sunday,23-11-25,35785,36,MOKHTAR ELSHENAWY,DPL,22-11-25,,,48.972,Fill,MARINA C,BH-14,LAYER-9,2,,,APPROVED AS NOTED,DONE,2,EIDG,1,
257,Sunday,23-11-25,35786,36,U-MARK,DPL,22-11-25,,,57.12,Fill,MARINA C,BH-13,LAYER-1,3,,,APPROVED AS NOTED,DONE,2,EIDG,1,
258,Sunday,23-11-25,35788,36,El-BATAL,DPL,22-11-25,,,49.316,Fill,MARINA C,BH-5,LAYER-2,2,,,APPROVED AS NOTED,DONE,2,EIDG,1,
259,Sunday,23-11-25,35756,36,U-MARK,DPL,19-11-25,,,41.926,Fill,MARINA C,BH-1,LAYER-6,2,,,APPROVED AS NOTED,DONE,2,EIDG,4,
260,Sunday,23-11-25,35757,36,U-MARK,DPL,19-11-25,,,44.631,Fill,MARINA C,BH-2,LAYER-6,2,,,APPROVED AS NOTED,DONE,2,EIDG,4,
261,Sunday,23-11-25,35758,36,U-MARK,DPL,19-11-25,,,44.687,Fill,MARINA C,BH-3,LAYER-6,2,,,APPROVED AS NOTED,DONE,2,EIDG,4,
262,Sunday,23-11-25,35759,36,U-MARK,DPL,19-11-25,,,42.368,Fill,MARINA C,BH-4,LAYER-6,2,,,APPROVED AS NOTED,DONE,2,EIDG,4,
263,Sunday,23-11-25,35760,36,MOKHTAR ELSHENAWY,DPL,19-11-25,,,45.096,Fill,MARINA C,BH-14,LAYER-6,2,,,APPROVED AS NOTED,DONE,2,EIDG,4,
264,Sunday,23-11-25,35761,36,El-BATAL,DPL,19-11-25,,,50.296,Fill,MARINA C,BH-6,LAYER-6,10,,,APPROVED AS NOTED,DONE,2,EIDG,4,
265,Sunday,23-11-25,35762,36,MOKHTAR ELSHENAWY,DPL,19-11-25,,,49.587,Fill,MARINA C,BH-8,LAYER-15,5,,,APPROVED AS NOTED,DONE,2,EIDG,4,
266,Sunday,23-11-25,35763,36,MOKHTAR ELSHENAWY,DPL,19-11-25,,,50.11,Fill,MARINA C,BH-10,LAYER-16,6,,,APPROVED AS NOTED,DONE,2,EIDG,4,
267,Sunday,23-11-25,35764,36,SAAD SHETA,DPL,19-11-25,,,46.758,Fill,MARINA C,B-20,LAYER-17,6,,,APPROVED AS NOTED,DONE,2,EIDG,4,
268,Sunday,23-11-25,35765,36,MOKHTAR ELSHENAWY,DPL,19-11-25,,,47.73,Fill,MARINA C,BH-14,LAYER-7,3,,,APPROVED AS NOTED,DONE,2,EIDG,4,
269,Sunday,23-11-25,35766,36,U-MARK,DPL,19-11-25,,,44.563,Fill,MARINA C,B-12,LAYER-11,8,,,APPROVED AS NOTED,DONE,2,EIDG,4,
270,Sunday,23-11-25,35767,36,NEESR EL-ARABY,DPL,19-11-25,,,55.151,Fill,MARINA C,B-18,LAYER-17,4,,,APPROVED AS NOTED,DONE,2,EIDG,4,
271,Sunday,23-11-25,35768,36,NEESR EL-ARABY,DPL,19-11-25,,,56.639,Fill,MARINA C,B-17,LAYER-18,4,,,APPROVED AS NOTED,DONE,2,EIDG,4,
272,Sunday,23-11-25,35769,36,SAAD SHETA,DPL,22-11-25,,,50.205,Fill,MARINA C,B-20,LAYER-18,6,,,APPROVED AS NOTED,DONE,2,EIDG,1,
273,Sunday,23-11-25,35770,36,U-MARK,DPL,21-11-25,,,42.388,Fill,MARINA C,BH-1,LAYER-7,3,,,APPROVED AS NOTED,DONE,2,EIDG,2,
274,Sunday,23-11-25,35771,36,U-MARK,DPL,21-11-25,,,46.864,Fill,MARINA C,BH-12,LAYER-1,2,,,APPROVED AS NOTED,DONE,2,EIDG,2,
275,Sunday,23-11-25,35772,36,U-MARK,DPL,21-11-25,,,50.843,Fill,MARINA C,BH-4,LAYER-7,2,,,APPROVED AS NOTED,DONE,2,EIDG,2,
276,Sunday,23-11-25,35773,36,El-BATAL,DPL,20-11-25,,,50.843,Fill,MARINA C,B-13,LAYER-10,5,,,APPROVED AS NOTED,DONE,2,EIDG,3,
277,Sunday,23-11-25,35774,36,El-BATAL,DPL,20-11-25,,,54.724,Fill,MARINA C,B-15,LAYER-10,5,,,APPROVED AS NOTED,DONE,2,EIDG,3,
278,Sunday,23-11-25,35775,36,El-BATAL,DPL,20-11-25,,,47.728,Fill,MARINA C,BH-8,LAYER-10,3,,,APPROVED AS NOTED,DONE,2,EIDG,3,
279,Sunday,23-11-25,35776,36,El-BATAL,DPL,20-11-25,,,49.453,Fill,MARINA C,BH-7,LAYER-8,4,,,APPROVED AS NOTED,DONE,2,EIDG,3,
280,Wednesday,19-11-25,35752,36,U-MARK,DPL,18-11-25,,,40.5,Fill,MARINA C,BH-1,LAYER-6,3,,,REVISE,DONE,2,EIDG,1,
281,Wednesday,19-11-25,35753,36,U-MARK,DPL,18-11-25,,,40.537,Fill,MARINA C,BH-2,LAYER-6,3,,,REVISE,DONE,2,EIDG,1,
282,Wednesday,19-11-25,35755,36,U-MARK,DPL,18-11-25,,,42.684,Fill,MARINA C,BH-3,LAYER-6,2,,,REVISE,DONE,2,EIDG,1,
283,Wednesday,19-11-25,35754,36,U-MARK,DPL,18-11-25,,,44.59,Fill,MARINA C,BH-4,LAYER-6,2,,,REVISE,DONE,2,EIDG,1,
284,Wednesday,19-11-25,35713,36,MOKHTAR ELSHENAWY,DPL,18-11-25,,,52.843,Fill,MARINA C,BH-10,LAYER-15,7,,,APPROVED AS NOTED,DONE,2,EIDG,1,
285,Wednesday,19-11-25,35712,36,MOKHTAR ELSHENAWY,DPL,18-11-25,,,47.239,Fill,MARINA C,BH-14,LAYER-5,4,,,APPROVED AS NOTED,DONE,2,EIDG,1,
286,Wednesday,19-11-25,35714,36,MOKHTAR ELSHENAWY,DPL,18-11-25,,,51.64,Fill,MARINA C,BH-14,LAYER-4,2,,,APPROVED AS NOTED,DONE,2,EIDG,1,
287,Tuesday,18-11-25,35707,36,MOKHTAR ELSHENAWY,DPL,17-11-25,,,49.475,Fill,MARINA C,BH-10,LAYER-14,7,,,APPROVED AS NOTED,DONE,2,EIDG,1,
288,Tuesday,18-11-25,35706,36,MOKHTAR ELSHENAWY,DPL,17-11-25,,,52.301,Fill,MARINA C,BH-11,LAYER-3,2,,,APPROVED AS NOTED,DONE,2,EIDG,1,
289,Tuesday,18-11-25,35705,36,MOKHTAR ELSHENAWY,DPL,17-11-25,,,56.804,Fill,MARINA C,BH-11,LAYER-1,2,,,APPROVED AS NOTED,DONE,2,EIDG,1,
290,Tuesday,18-11-25,35704,36,El-BATAL,DPL,17-11-25,,,53.079,Fill,MARINA C,B-13,LAYER-9,5,,,APPROVED AS NOTED,DONE,2,EIDG,1,
291,Tuesday,18-11-25,35703,36,SAAD SHETA,DPL,18-11-25,,,45.413,Fill,MARINA C,B-20,LAYER-16,10,,,APPROVED AS NOTED,DONE,2,EIDG,0,
292,Tuesday,18-11-25,35702,36,SAAD SHETA,DPL,17-11-25,,,47.32,Fill,MARINA C,B-20,LAYER-15,5,,,APPROVED AS NOTED,DONE,2,EIDG,1,
293,Tuesday,18-11-25,35701,36,NEESR EL-ARABY,DPL,17-11-25,,,49.266,Fill,MARINA C,B-18,LAYER-16,5,,,APPROVED AS NOTED,DONE,2,EIDG,1,
294,Tuesday,18-11-25,35700,36,NEESR EL-ARABY,DPL,17-11-25,,,49.794,Fill,MARINA C,B-17,LAYER-17,3,,,APPROVED AS NOTED,DONE,2,EIDG,1,
295,Tuesday,18-11-25,35699,36,El-BATAL,DPL,17-11-25,,,54.668,Fill,MARINA C,B-15,LAYER-9,5,,,APPROVED AS NOTED,DONE,2,EIDG,1,
296,Tuesday,18-11-25,35698,36,El-BATAL,DPL,17-11-25,,,62.03,Bottom of excavation,MARINA C,BH-5,LAYER-0,2,,,APPROVED AS NOTED,DONE,2,EIDG,1,
297,Tuesday,18-11-25,35697,36,U-MARK,DPL,17-11-25,,,44.509,Fill,MARINA C,B-12,LAYER-10,10,,,APPROVED AS NOTED,DONE,2,EIDG,1,
298,Tuesday,18-11-25,35696,36,U-MARK,DPL,17-11-25,,,47.989,Fill,MARINA C,BH-9,LAYER-16,6,,,APPROVED AS NOTED,DONE,2,EIDG,1,
299,Tuesday,18-11-25,35694,36,MOKHTAR ELSHENAWY,DPL,17-11-25,,,42.258,Fill,MARINA C,BH-11,LAYER-2,2,,,APPROVED AS NOTED,DONE,2,EIDG,1,
300,Tuesday,18-11-25,35695,36,MOKHTAR ELSHENAWY,DPL,17-11-25,,,47.349,Fill,MARINA C,BH-8,LAYER-14,7,,,APPROVED AS NOTED,DONE,2,EIDG,1,
301,Wednesday,19-11-25,35732,36,El-BATAL,PLATE LOAD,17-11-25,,,,Fill,MARINA C,B-13,22.3,1,,,APPROVED AS NOTED,DONE,3,BONYAN MISR,2,
302,Wednesday,19-11-25,35733,36,El-BATAL,PLATE LOAD,17-11-25,,,,Fill,MARINA C,B-13,22.3,1,,,APPROVED AS NOTED,DONE,3,BONYAN MISR,2,
303,Wednesday,19-11-25,35749,36,MOKHTAR ELSHENAWY,PLATE LOAD,15-11-25,,,,Fill,MARINA C,BH-10,21.5,1,,,REVISE,DONE,6,CEDC,4,
304,Wednesday,19-11-25,35743,36,MOKHTAR ELSHENAWY,PLATE LOAD,15-11-25,,,,Fill,MARINA C,BH-10,21.5,1,,,APPROVED AS NOTED,DONE,5,CEL,4,
305,Wednesday,19-11-25,35744,36,MOKHTAR ELSHENAWY,PLATE LOAD,15-11-25,,,,Fill,MARINA C,BH-9,23.25,1,,,APPROVED AS NOTED,DONE,5,CEL,4,
306,Wednesday,19-11-25,35745,36,MOKHTAR ELSHENAWY,PLATE LOAD,15-11-25,,,,Fill,MARINA C,BH-9,23.25,1,,,APPROVED AS NOTED,DONE,5,CEL,4,
307,Wednesday,19-11-25,35747,36,MOKHTAR ELSHENAWY,PLATE LOAD,17-11-25,,,,Fill,MARINA C,BH-8,24.25,1,,,APPROVED AS NOTED,DONE,6,CEDC,2,
308,Wednesday,19-11-25,35734,36,NEESR EL-ARABY,PLATE LOAD,15-11-25,,,,Fill,MARINA C,B-18,23.3,1,,,APPROVED AS NOTED,DONE,3,BONYAN MISR,4,
309,Wednesday,19-11-25,35727,36,U-MARK,PLATE LOAD,17-11-25,,,,Fill,MARINA C,B-12,22.8,1,,,APPROVED AS NOTED,DONE,5,CEL,2,
310,Wednesday,19-11-25,35726,36,U-MARK,PLATE LOAD,16-11-25,,,,Fill,MARINA C,BH-1-2-3-4,23,1,,,APPROVED AS NOTED,DONE,5,CEL,3,
311,Wednesday,19-11-25,35728,36,U-MARK,PLATE LOAD,17-11-25,,,,Fill,MARINA C,B-12,22.8,1,,,REVISE,DONE,5,CEL,2,
312,Wednesday,19-11-25,35729,36,U-MARK,PLATE LOAD,17-11-25,,,,Fill,MARINA C,B-12,22.8,1,,,APPROVED AS NOTED,DONE,5,CEL,2,
313,Wednesday,19-11-25,35730,36,El-BATAL,PLATE LOAD,17-11-25,,,,Fill,MARINA C,B-15,22.3,1,,,APPROVED AS NOTED,DONE,3,BONYAN MISR,2,
314,Wednesday,19-11-25,35731,36,El-BATAL,PLATE LOAD,17-11-25,,,,Fill,MARINA C,B-15,22.3,1,,,APPROVED AS NOTED,DONE,3,BONYAN MISR,2,
315,Wednesday,26-11-25,35901,36,NEESR EL-ARABY,PLATE LOAD,22-11-25,,,,Fill,MARINA C,B-17,26.78,1,,,APPROVED AS NOTED,DONE,3,BONYAN MISR,4,
316,Wednesday,26-11-25,35902,36,NEESR EL-ARABY,PLATE LOAD,22-11-25,,,,Fill,MARINA C,B-18,25.8,1,,,APPROVED AS NOTED,DONE,3,BONYAN MISR,4,
317,Wednesday,26-11-25,35903,36,El-BATAL,PLATE LOAD,22-11-25,,,,Fill,MARINA C,B-15,25.8,1,,,APPROVED AS NOTED,DONE,3,BONYAN MISR,4,
318,Wednesday,26-11-25,35907,36,El-BATAL,PLATE LOAD,21-11-25,,,,Fill,MARINA C,BH-7,23.5,1,,,APPROVED AS NOTED,DONE,3,BONYAN MISR,5,
319,Wednesday,26-11-25,35908,36,SAAD SHETA,PLATE LOAD,24-11-25,,,,Fill,MARINA C,B-20,24.85,1,,,APPROVED AS NOTED,DONE,3,BONYAN MISR,2,
320,Wednesday,26-11-25,35909,36,SAAD SHETA,PLATE LOAD,24-11-25,,,,Fill,MARINA C,B-20,24.85,1,,,APPROVED AS NOTED,DONE,3,BONYAN MISR,2,
321,Wednesday,26-11-25,35910,36,SAAD SHETA,PLATE LOAD,24-11-25,,,,Fill,MARINA C,B-20,24.85,1,,,APPROVED AS NOTED,DONE,3,BONYAN MISR,2,
322,Wednesday,26-11-25,35915,36,MOKHTAR ELSHENAWY,PLATE LOAD,24-11-25,,,,Fill,MARINA C,BH-9,25.75,1,,,APPROVED AS NOTED,DONE,6,CEDC,2,
323,Wednesday,26-11-25,35917,36,MOKHTAR ELSHENAWY,PLATE LOAD,24-11-25,,,,Fill,MARINA C,BH-9,25.75,1,,,APPROVED AS NOTED,DONE,6,CEDC,2,
324,Wednesday,26-11-25,35922,36,MOKHTAR ELSHENAWY,PLATE LOAD,22-11-25,,,,Fill,MARINA C,BH-10,24,1,,,APPROVED AS NOTED,DONE,6,CEDC,4,
325,Wednesday,26-11-25,35923,36,MOKHTAR ELSHENAWY,PLATE LOAD,22-11-25,,,,Fill,MARINA C,BH-10,24,1,,,APPROVED AS NOTED,DONE,6,CEDC,4,
326,Wednesday,26-11-25,35924,36,MOKHTAR ELSHENAWY,PLATE LOAD,22-11-25,,,,Fill,MARINA C,BH-14,24,1,,,APPROVED AS NOTED,DONE,6,CEDC,4,
327,Wednesday,26-11-25,25894,36,U-MARK,DPL,23-11-25,,,41.908,Fill,MARINA C,BH-4,LAYER-8,2,,,APPROVED AS NOTED,DONE,2,EIDG,3,
328,Wednesday,26-11-25,35882,36,U-MARK,DPL,23-11-25,,,47.953,Fill,MARINA C,BH-3,LAYER-8,7,,,APPROVED AS NOTED,DONE,2,EIDG,3,
329,Wednesday,26-11-25,35881,36,El-BATAL,DPL,23-11-25,,,54.283,Fill,MARINA C,BH-7,LAYER-9,2,,,APPROVED AS NOTED,DONE,2,EIDG,3,
330,Wednesday,26-11-25,35880,36,El-BATAL,DPL,23-11-25,,,52.282,Fill,MARINA C,BH-8,LAYER-11,9,,,APPROVED AS NOTED,DONE,2,EIDG,3,
331,Wednesday,26-11-25,35879,36,U-MARK,DPL,23-11-25,,,53.029,Fill,MARINA C,BH-13,LAYER-2,2,,,APPROVED AS NOTED,DONE,2,EIDG,3,
332,Wednesday,26-11-25,35883,36,U-MARK,DPL,23-11-25,,,42.055,Fill,MARINA C,BH-1,LAYER-8,2,,,APPROVED AS NOTED,DONE,2,EIDG,3,
333,Wednesday,26-11-25,35878,36,El-BATAL,DPL,23-11-25,,,50.427,Fill,MARINA C,BH-5,LAYER-3,2,,,APPROVED AS NOTED,DONE,2,EIDG,3,
334,Wednesday,26-11-25,35877,36,El-BATAL,DPL,23-11-25,,,55.183,Fill,MARINA C,BH-6,LAYER-7,2,,,APPROVED AS NOTED,DONE,2,EIDG,3,
335,Wednesday,26-11-25,35876,36,NEESR EL-ARABY,DPL,23-11-25,,,49.113,Fill,MARINA C,B-18,LAYER-20,4,,,APPROVED AS NOTED,DONE,2,EIDG,3,
336,Wednesday,26-11-25,35875,36,MOKHTAR ELSHENAWY,DPL,23-11-25,,,47.406,Fill,MARINA C,BH-10,LAYER-18,7,,,APPROVED AS NOTED,DONE,2,EIDG,3,
337,Wednesday,26-11-25,35874,36,MOKHTAR ELSHENAWY,DPL,23-11-25,,,53.153,Fill,MARINA C,BH-14,LAYER-10,2,,,APPROVED AS NOTED,DONE,2,EIDG,3,
338,Wednesday,26-11-25,35873,36,NEESR EL-ARABY,DPL,23-11-25,,,45.624,Fill,MARINA C,B-17,LAYER-20,3,,,APPROVED AS NOTED,DONE,2,EIDG,3,
339,Wednesday,26-11-25,35872,36,SAAD SHETA,DPL,24-11-25,,,47.127,Fill,MARINA C,B-20,LAYER-19,7,,,APPROVED AS NOTED,DONE,2,EIDG,2,
340,Wednesday,26-11-25,35871,36,U-MARK,DPL,23-11-25,,,50.377,Fill,MARINA C,BH-2,LAYER-8,2,,,APPROVED AS NOTED,DONE,2,EIDG,3,
341,Wednesday,26-11-25,35937,36,MOKHTAR ELSHENAWY,DPL,23-11-25,,,50.559,Fill,MARINA C,BH-9,LAYER-19,6,,,APPROVED AS NOTED,DONE,2,EIDG,3,
342,Wednesday,26-11-25,35938,36,U-MARK,DPL,24-11-25,,,56.316,Fill,MARINA C,BH-11,LAYER-1,2,,,APPROVED AS NOTED,DONE,2,EIDG,2,
343,Wednesday,26-11-25,35939,36,U-MARK,DPL,24-11-25,,,56.828,Fill,MARINA C,BH-12,LAYER-2,2,,,APPROVED AS NOTED,DONE,2,EIDG,2,
344,Wednesday,26-11-25,35940,36,U-MARK,DPL,24-11-25,,,51.887,Fill,MARINA C,BH-13,LAYER-3,3,,,APPROVED AS NOTED,DONE,2,EIDG,2,
345,Wednesday,26-11-25,35951,36,El-BATAL,DPL,24-11-25,,,61.713,Fill,MARINA C,BH-5,LAYER-4,4,,,APPROVED AS NOTED,DONE,2,EIDG,2,
346,Wednesday,26-11-25,35952,36,MOKHTAR ELSHENAWY,DPL,24-11-25,,,50.362,Fill,MARINA C,BH-10,LAYER-19,8,,,APPROVED AS NOTED,DONE,2,EIDG,2,
347,Wednesday,26-11-25,35953,36,U-MARK,DPL,24-11-25,,,50.917,Fill,MARINA C,B-12,LAYER-13,9,,,APPROVED AS NOTED,DONE,2,EIDG,2,
348,Wednesday,26-11-25,35980,36,El-BATAL,DPL,25-11-25,,,56.533,Fill,MARINA C,BH-7,LAYER-10,3,,,APPROVED AS NOTED,DONE,2,EIDG,1,
349,Wednesday,26-11-25,35928,36,MOKHTAR ELSHENAWY,DPL,24-11-25,,,48.892,Fill,MARINA C,BH-14,LAYER-11,2,,,APPROVED AS NOTED,DONE,2,EIDG,2,
350,Wednesday,26-11-25,35979,36,El-BATAL,DPL,25-11-25,,,50.622,Fill,MARINA C,BH-8,LAYER-12,3,,,APPROVED AS NOTED,DONE,2,EIDG,1,
351,Wednesday,26-11-25,35929,36,El-BATAL,DPL,24-11-25,,,44.801,Fill,MARINA C,BH-6,LAYER-8,2,,,APPROVED AS NOTED,DONE,2,EIDG,2,
352,Wednesday,26-11-25,35930,36,El-BATAL,DPL,24-11-25,,,67.754,Fill,MARINA C,B-13,LAYER-12,5,,,APPROVED AS NOTED,DONE,2,EIDG,2,
353,Wednesday,26-11-25,35931,36,El-BATAL,DPL,24-11-25,,,59.989,Fill,MARINA C,B-15,LAYER-10,3,,,APPROVED AS NOTED,DONE,2,EIDG,2,
354,Wednesday,26-11-25,35932,36,El-BATAL,DPL,24-11-25,,,53.358,Fill,MARINA C,B-15,LAYER-12,5,,,APPROVED AS NOTED,DONE,2,EIDG,2,
355,Wednesday,26-11-25,35936,36,MOKHTAR ELSHENAWY,DPL,23-11-25,,,51.35,Fill,MARINA C,BH-8,LAYER-17,4,,,APPROVED AS NOTED,DONE,2,EIDG,3,
356,Wednesday,26-11-25,35982,36,El-BATAL,DPL,25-11-25,,,45.687,Fill,MARINA C,BH-5,LAYER-5,4,,,APPROVED AS NOTED,DONE,2,EIDG,1,
357,Wednesday,26-11-25,35981,36,El-BATAL,DPL,25-11-25,,,50.564,Fill,MARINA C,BH-6,LAYER-9,3,,,APPROVED AS NOTED,DONE,2,EIDG,1,
358,Wednesday,26-11-25,35984,36,U-MARK,DPL,25-11-25,,,42.79,Fill,MARINA C,BH-12,LAYER-3,3,,,APPROVED AS NOTED,DONE,2,EIDG,1,
359,Wednesday,26-11-25,35983,36,U-MARK,DPL,25-11-25,,,44.739,Fill,MARINA C,BH-11,LAYER-2,2,,,APPROVED AS NOTED,DONE,2,EIDG,1,
360,Wednesday,26-11-25,35986,36,MOKHTAR ELSHENAWY,DPL,25-11-25,,,43.437,Fill,MARINA C,BH-10,LAYER-20,3,,,APPROVED AS NOTED,DONE,2,EIDG,1,
361,Wednesday,26-11-25,35985,36,U-MARK,DPL,25-11-25,,,44.175,Fill,MARINA C,BH-13,LAYER-4,2,,,APPROVED AS NOTED,DONE,2,EIDG,1,
362,Wednesday,26-11-25,35988,36,SAAD SHETA,DPL,25-11-25,,,46.109,Fill,MARINA C,B-20,LAYER-20,5,,,APPROVED AS NOTED,DONE,2,EIDG,1,
363,Wednesday,26-11-25,35987,36,MOKHTAR ELSHENAWY,DPL,25-11-25,,,56.26,Fill,MARINA C,BH-14,LAYER-12,2,,,APPROVED AS NOTED,DONE,2,EIDG,1,
364,Wednesday,26-11-25,35995,36,U-MARK,DPL,25-11-25,,,43.235,Fill,MARINA C,BH-1,LAYER-9,2,,,APPROVED AS NOTED,DONE,2,EIDG,1,
365,Wednesday,26-11-25,35994,36,U-MARK,DPL,25-11-25,,,54.529,Fill,MARINA C,BH-2,LAYER-9,2,,,APPROVED AS NOTED,DONE,2,EIDG,1,
366,Wednesday,26-11-25,35993,36,U-MARK,DPL,25-11-25,,,43.367,Fill,MARINA C,BH-3,LAYER-9,2,,,APPROVED AS NOTED,DONE,2,EIDG,1,
367,Wednesday,26-11-25,35992,36,U-MARK,DPL,25-11-25,,,49.133,Fill,MARINA C,BH-4,LAYER-9,2,,,APPROVED AS NOTED,DONE,2,EIDG,1,
368,Wednesday,26-11-25,35991,36,U-MARK,DPL,25-11-25,,,45.332,Fill,MARINA C,B-12,LAYER-14,8,,,APPROVED AS NOTED,DONE,2,EIDG,1,
369,Wednesday,26-11-25,35990,36,NEESR EL-ARABY,DPL,25-11-25,,,49.018,Fill,MARINA C,B-17,LAYER-21,3,,,APPROVED AS NOTED,DONE,2,EIDG,1,
370,Wednesday,26-11-25,35989,36,NEESR EL-ARABY,DPL,25-11-25,,,46.126,Fill,MARINA C,B-18,LAYER-21,7,,,APPROVED AS NOTED,DONE,2,EIDG,1,
371,Thursday,27-11-25,36024,36,U-MARK,DPL,26-11-25,,,43.725,Fill,MARINA C,BH-11,LAYER-3,2,,,APPROVED AS NOTED,DONE,2,EIDG,1,
372,Thursday,27-11-25,36023,36,U-MARK,DPL,26-11-25,,,47.906,Fill,MARINA C,BH-12,LAYER-4,2,,,APPROVED AS NOTED,DONE,2,EIDG,1,
373,Thursday,27-11-25,36022,36,U-MARK,DPL,26-11-25,,,56.922,Fill,MARINA C,BH-13,LAYER-5,2,,,APPROVED AS NOTED,DONE,2,EIDG,1,
374,Thursday,27-11-25,36021,36,MOKHTAR ELSHENAWY,DPL,26-11-25,,,52.023,Fill,MARINA C,BH-8,LAYER-18,7,,,APPROVED AS NOTED,DONE,2,EIDG,1,
375,Thursday,27-11-25,36020,36,MOKHTAR ELSHENAWY,DPL,26-11-25,,,49.156,Fill,MARINA C,BH-9,LAYER-20,4,,,APPROVED AS NOTED,DONE,2,EIDG,1,
376,Thursday,27-11-25,36019,36,El-BATAL,DPL,26-11-25,,,51.105,Fill,MARINA C,B-13,LAYER-13,4,,,APPROVED AS NOTED,DONE,2,EIDG,1,
377,Thursday,27-11-25,36018,36,El-BATAL,DPL,26-11-25,,,50.184,Fill,MARINA C,B-15,LAYER-11,2,,,APPROVED AS NOTED,DONE,2,EIDG,1,
378,Thursday,27-11-25,36017,36,El-BATAL,DPL,26-11-25,,,57.098,Fill,MARINA C,B-15,LAYER-13,2,,,APPROVED AS NOTED,DONE,2,EIDG,1,
379,Saturday,29-11-25,36037,36,U-MARK,DPL,27-11-25,,,43.409,Fill,MARINA C,BH-3,LAYER-10,2,,,APPROVED AS NOTED,DONE,2,EIDG,2,
380,Saturday,29-11-25,36036,36,U-MARK,DPL,27-11-25,,,49.506,Fill,MARINA C,BH-4,LAYER-10,2,,,APPROVED AS NOTED,DONE,2,EIDG,2,
381,Saturday,29-11-25,36035,36,El-BATAL,DPL,27-11-25,,,46.483,Fill,MARINA C,BH-7,LAYER-11,2,,,APPROVED AS NOTED,DONE,2,EIDG,2,
382,Saturday,29-11-25,36034,36,El-BATAL,DPL,27-11-25,,,61.744,Fill,MARINA C,BH-6,LAYER-10,2,,,APPROVED AS NOTED,DONE,2,EIDG,2,
383,Saturday,29-11-25,36033,36,El-BATAL,DPL,27-11-25,,,63.932,Fill,MARINA C,BH-5,LAYER-6,2,,,APPROVED AS NOTED,DONE,2,EIDG,2,
384,Saturday,29-11-25,36032,36,El-BATAL,DPL,27-11-25,,,49.05,Fill,MARINA C,BH-8,LAYER-13,2,,,APPROVED AS NOTED,DONE,2,EIDG,2,
385,Saturday,29-11-25,36031,36,El-BATAL,DPL,27-11-25,,,58.259,Fill,MARINA C,BH-12,LAYER-15,6,,,APPROVED AS NOTED,DONE,2,EIDG,2,
386,Saturday,29-11-25,36030,36,SAAD SHETA,DPL,27-11-25,,,51.828,Fill,MARINA C,B-20,LAYER-21,4,,,APPROVED AS NOTED,DONE,2,EIDG,2,
387,Saturday,29-11-25,36029,36,SAAD SHETA,DPL,27-11-25,,,50.402,Fill,MARINA C,B-20,LAYER-22,4,,,APPROVED AS NOTED,DONE,2,EIDG,2,
388,Saturday,29-11-25,36028,36,EL-THNAA,DPL,27-11-25,,,52.414,Bottom of excavation,MARINA C,B-25,LAYER-0,4,,,APPROVED AS NOTED,DONE,2,EIDG,2,
389,Saturday,29-11-25,36027,36,U-MARK,DPL,27-11-25,,,44.026,Fill,MARINA C,BH-1,LAYER-10,2,,,APPROVED AS NOTED,DONE,2,EIDG,2,
390,Saturday,29-11-25,36026,36,U-MARK,DPL,27-11-25,,,44.026,Fill,MARINA C,BH-2,LAYER-10,2,,,APPROVED AS NOTED,DONE,2,EIDG,2,
391,Sunday,30-11-25,36049,36,NEESR EL-ARABY,SOIL,11-11-25,A-2-4,12.60%,,Stockpile,MARINA C,,,1,Sieve + Proctoer ,,APPROVED AS NOTED,DONE,3,EIDG,19,
392,Sunday,30-11-25,36050,36,El-BATAL,SOIL,16-11-25,A-2-4,15.90%,,Stockpile,MARINA C,,,1,Sieve + Proctoer ,,APPROVED AS NOTED,DONE,3,EIDG,14,
393,Sunday,30-11-25,36051,36,El-BATAL,SOIL,16-11-25,A-2-4,15.80%,,Stockpile,MARINA C,,,1,Sieve + Proctoer ,,APPROVED AS NOTED,DONE,3,EIDG,14,
394,Sunday,30-11-25,36052,36,El-BATAL,SOIL,16-11-25,A-2-4,14.70%,,Stockpile,MARINA C,,,1,Sieve + Proctoer ,,APPROVED AS NOTED,DONE,3,EIDG,14,
395,Sunday,30-11-25,36058,36,NEESR EL-ARABY,SOIL,17-11-25,A-2-4,16.20%,,Stockpile,MARINA C,,,1,Sieve + Proctoer ,,APPROVED AS NOTED,DONE,3,EIDG,13,
396,Sunday,30-11-25,36063,36,EL-THNAA,SOIL,24-11-25,A-2-4,20.90%,,Bottom of excavation,MARINA C,B-25,,1,Sieve + Proctoer ,,APPROVED AS NOTED,DONE,3,EIDG,6,
397,Sunday,30-11-25,36072,36,SAAD SHETA,SOIL,12-11-25,A-2-4,17.60%,,Stockpile,MARINA C,,,1,Sieve + Proctoer ,,APPROVED AS NOTED,DONE,3,EIDG,18,
398,Sunday,30-11-25,36093,36,MOKHTAR ELSHENAWY,SOIL,15-11-25,A-2-4,16.50%,,Stockpile,MARINA C,,,1,Sieve + Proctoer ,,APPROVED AS NOTED,DONE,3,EIDG,15,
399,Monday,01-12-25,36102,36,El-BATAL,DPL,29-11-25,,,55.526,Fill,MARINA C,B-13,LAYER-14,7,,,APPROVED AS NOTED,DONE,2,EIDG,2,
400,Monday,01-12-25,36103,36,El-BATAL,DPL,29-11-25,,,57.533,Fill,MARINA C,B-15,LAYER-14,6,,,APPROVED AS NOTED,DONE,2,EIDG,2,
401,Monday,01-12-25,36101,36,U-MARK,DPL,29-11-25,,,48.449,Fill,MARINA C,BH-11,LAYER-4,2,,,APPROVED AS NOTED,DONE,2,EIDG,2,
402,Monday,01-12-25,36100,36,U-MARK,DPL,29-11-25,,,52.284,Fill,MARINA C,BH-12,LAYER-5,2,,,APPROVED AS NOTED,DONE,2,EIDG,2,
403,Monday,01-12-25,36099,36,U-MARK,DPL,29-11-25,,,45.532,Fill,MARINA C,BH-13,LAYER-6,2,,,APPROVED AS NOTED,DONE,2,EIDG,2,
404,Monday,01-12-25,36098,36,El-BATAL,DPL,29-11-25,,,50.378,Fill,MARINA C,B-15,LAYER-12,2,,,APPROVED AS NOTED,DONE,2,EIDG,2,
405,Monday,01-12-25,36097,36,AHMED SAEED,DPL,29-11-25,,,46.006,Fill,MARINA C,B-22,LAYER-1,3,,,APPROVED AS NOTED,DONE,2,EIDG,2,
406,Monday,01-12-25,36141,36,El-BATAL,PLATE LOAD,30-11-25,,,,Fill,MARINA C,B-15,24.8,1,,,APPROVED AS NOTED,DONE,3,BONYAN MISR,1,
407,Monday,01-12-25,36142,36,El-BATAL,PLATE LOAD,30-11-25,,,,Fill,MARINA C,B-13,24.8,1,,,APPROVED AS NOTED,DONE,3,BONYAN MISR,1,
408,Monday,01-12-25,35708,36,U-MARK,DPL,29-11-25,,,46.979,Fill,MARINA C,B-12,LAYER-16,7,,,APPROVED AS NOTED,DONE,2,EIDG,2,
409,Monday,01-12-25,36122,36,MOKHTAR ELSHENAWY,DPL,30-11-25,,,51.176,Fill,MARINA C,BH-10,LAYER-21,5,,,APPROVED AS NOTED,DONE,2,EIDG,1,
410,Monday,01-12-25,36123,36,MOKHTAR ELSHENAWY,DPL,30-11-25,,,52.068,Fill,MARINA C,BH-14,LAYER-13,2,,,APPROVED AS NOTED,DONE,2,EIDG,1,
411,Monday,01-12-25,36124,36,U-MARK,DPL,30-11-25,,,54.285,Fill,MARINA C,BH-1,LAYER-11,2,,,APPROVED AS NOTED,DONE,2,EIDG,1,
412,Monday,01-12-25,36125,36,U-MARK,DPL,30-11-25,,,47.795,Fill,MARINA C,BH-2,LAYER-11,2,,,APPROVED AS NOTED,DONE,2,EIDG,1,
413,Monday,01-12-25,36126,36,U-MARK,DPL,30-11-25,,,49.409,Fill,MARINA C,BH-3,LAYER-11,2,,,APPROVED AS NOTED,DONE,2,EIDG,1,
414,Monday,01-12-25,36127,36,U-MARK,DPL,30-11-25,,,49.409,Fill,MARINA C,BH-4,LAYER-11,2,,,APPROVED AS NOTED,DONE,2,EIDG,1,
415,Monday,01-12-25,36128,36,U-MARK,DPL,30-11-25,,,49.823,Fill,MARINA C,B-12,LAYER-17,7,,,APPROVED AS NOTED,DONE,2,EIDG,1,
416,Monday,01-12-25,36129,36,NEESR EL-ARABY,DPL,30-11-25,,,45.764,Fill,MARINA C,B-18,LAYER-23,3,,,APPROVED AS NOTED,DONE,2,EIDG,1,
417,Monday,01-12-25,36132,36,EL-THNAA,DPL,30-11-25,,,52.492,Fill,MARINA C,B-25,LAYER-1,4,,,APPROVED AS NOTED,DONE,2,EIDG,1,
418,Monday,01-12-25,36147,36,El-BATAL,PLATE LOAD,27-11-25,,,,Fill,MARINA C,BH-5-6-7,24.5,1,,,APPROVED AS NOTED,DONE,3,BONYAN MISR,4,
419,Monday,01-12-25,36148,36,El-BATAL,PLATE LOAD,27-11-25,,,,Fill,MARINA C,BH-8,24.5,1,,,APPROVED AS NOTED,DONE,3,BONYAN MISR,4,
420,Monday,01-12-25,36114,36,AHMED SAEED,DPL,29-11-25,,,46.063,Fill,MARINA C,B-22,LAYER-2,3,,,APPROVED AS NOTED,DONE,2,EIDG,2,
421,Monday,01-12-25,36150,36,U-MARK,PLATE LOAD,27-11-25,,,,Fill,MARINA C,BH-1-2-3-4,25.8,1,,,APPROVED AS NOTED,DONE,5,CEL,4,
422,Monday,01-12-25,36151,36,U-MARK,PLATE LOAD,27-11-25,,,,Fill,MARINA C,B-12,25.8,1,,,APPROVED AS NOTED,DONE,5,CEL,4,
423,Monday,01-12-25,36143,36,El-BATAL,PLATE LOAD,29-11-25,,,,Fill,MARINA C,B-13,24.8,1,,,REVISE,DONE,3,BONYAN MISR,2,
424,Monday,01-12-25,36152,36,U-MARK,PLATE LOAD,27-11-25,,,,Fill,MARINA C,B-12,25.8,1,,,APPROVED AS NOTED,DONE,5,CEL,4,
425,Monday,01-12-25,36144,36,El-BATAL,PLATE LOAD,29-11-25,,,,Fill,MARINA C,B-15,24.8,1,,,REVISE,DONE,3,BONYAN MISR,2,
426,Monday,01-12-25,36130,36,SAAD SHETA,DPL,30-11-25,,,51.354,Fill,MARINA C,B-20,LAYER-22,7,,,APPROVED AS NOTED,DONE,2,EIDG,1,
427,Monday,01-12-25,36145,36,El-BATAL,PLATE LOAD,29-11-25,,,,Fill,MARINA C,B-13,24.8,1,,,APPROVED,DONE,3,BONYAN MISR,2,
428,Monday,01-12-25,36131,36,AHMED SAEED,DPL,30-11-25,,,52.182,Fill,MARINA C,B-22,LAYER-3,4,,,APPROVED AS NOTED,DONE,2,EIDG,1,
429,Monday,01-12-25,36146,36,El-BATAL,PLATE LOAD,29-11-25,,,,Fill,MARINA C,B-15,24.8,1,,,APPROVED,DONE,3,BONYAN MISR,2,
430,Tuesday,02-12-25,36245,36,U-MARK,DPL,01-12-25,,,44.53,Fill,MARINA C,BH-13,LAYER-7,2,,,APPROVED AS NOTED,DONE,2,EIDG,1,
431,Tuesday,02-12-25,36178,36,AHMED SAEED,SOIL,28-11-25,A-2-4,34.10%,,Bottom of excavation,MARINA C,B-22,,1,Sieve + Proctoer ,,APPROVED AS NOTED,DONE,3,EIDG,4,
432,Tuesday,02-12-25,36219,36,AHMED SAEED,DPL,30-11-25,,,52.175,Fill,MARINA C,B-22,LAYER-4,4,,,APPROVED AS NOTED,DONE,2,EIDG,2,
433,Tuesday,02-12-25,36218,36,U-MARK,PLATE LOAD,01-12-25,,,,Fill,MARINA C,BH-11-12-13,23,1,,,APPROVED AS NOTED,DONE,5,CEL,1,
434,Tuesday,02-12-25,36217,36,MOKHTAR ELSHENAWY,PLATE LOAD,01-12-25,,,,Fill,MARINA C,BH-10 & 14,26.5,1,,,APPROVED AS NOTED,DONE,5,CEL,1,
435,Tuesday,02-12-25,36216,36,MOKHTAR ELSHENAWY,PLATE LOAD,01-12-25,,,,Fill,MARINA C,BH-10 & 14,26.5,1,,,APPROVED AS NOTED,DONE,5,CEL,1,
436,Tuesday,02-12-25,36215,36,MOKHTAR ELSHENAWY,PLATE LOAD,01-12-25,,,,Fill,MARINA C,BH-8,26.75,1,,,APPROVED AS NOTED,DONE,5,CEL,1,
437,Tuesday,02-12-25,36211,36,AHMED SAEED,PLATE LOAD,01-12-25,,,,Fill,MARINA C,B-22,20.3,1,,,APPROVED AS NOTED,DONE,3,BONYAN MISR,1,
438,Tuesday,02-12-25,36179,36,AHMED SAEED,SOIL,29-11-25,A-2-4,16.10%,,Stockpile,MARINA C,,,1,Sieve + Proctoer ,,APPROVED AS NOTED,DONE,3,EIDG,3,
439,Tuesday,02-12-25,36175,36,MOKHTAR ELSHENAWY,SOIL,25-11-25,A-2-4,11.40%,,Stockpile,MARINA C,,,1,Sieve + Proctoer ,,APPROVED AS NOTED,DONE,3,EIDG,7,
440,Tuesday,02-12-25,36182,36,EL-THNAA,SOIL,29-11-25,A-2-4,19.20%,,Stockpile,MARINA C,,,1,Sieve + Proctoer ,,APPROVED AS NOTED,DONE,3,EIDG,3,
441,Tuesday,02-12-25,36181,36,El-BATAL,SOIL,25-11-25,A-2-4,17.60%,,Stockpile,MARINA C,,,1,Sieve + Proctoer ,,APPROVED AS NOTED,DONE,3,EIDG,7,
442,Tuesday,02-12-25,36237,36,MOKHTAR ELSHENAWY,DPL,01-12-25,,,49.098,Fill,MARINA C,BH-8,LAYER-19,5,,,APPROVED AS NOTED,DONE,2,EIDG,1,
443,Tuesday,02-12-25,36236,36,El-BATAL,DPL,01-12-25,,,43.35,Fill,MARINA C,B-15,LAYER-13,3,,,APPROVED AS NOTED,DONE,2,EIDG,1,
444,Tuesday,02-12-25,36235,36,SAAD SHETA,DPL,01-12-25,,,46.702,Fill,MARINA C,B-20,LAYER-23,5,,,APPROVED AS NOTED,DONE,2,EIDG,1,
445,Tuesday,02-12-25,36230,36,EL-THNAA,DPL,01-12-25,,,48.48,Fill,MARINA C,B-25,LAYER-2,5,,,APPROVED AS NOTED,DONE,2,EIDG,1,
446,Tuesday,02-12-25,36229,36,EL-THNAA,DPL,01-12-25,,,45.186,Fill,MARINA C,B-22,LAYER-5,3,,,APPROVED AS NOTED,DONE,2,EIDG,1,
447,Tuesday,02-12-25,36249,36,El-BATAL,DPL,01-12-25,,,51.134,Fill,MARINA C,BH-7,LAYER-12,2,,,APPROVED AS NOTED,DONE,2,EIDG,1,
448,Tuesday,02-12-25,36248,36,El-BATAL,DPL,01-12-25,,,62.318,Fill,MARINA C,BH-6,LAYER-11,3,,,APPROVED AS NOTED,DONE,2,EIDG,1,
449,Tuesday,02-12-25,36247,36,El-BATAL,DPL,01-12-25,,,57.45,Fill,MARINA C,BH-5,LAYER-7,2,,,APPROVED AS NOTED,DONE,2,EIDG,1,
450,Tuesday,02-12-25,36246,36,MOKHTAR ELSHENAWY,DPL,01-12-25,,,56.271,Fill,MARINA C,BH-14,LAYER-14,2,,,APPROVED AS NOTED,DONE,2,EIDG,1,
451,Tuesday,02-12-25,36244,36,U-MARK,DPL,01-12-25,,,44.53,Fill,MARINA C,BH-12,LAYER-6,2,,,APPROVED AS NOTED,DONE,2,EIDG,1,
452,Tuesday,02-12-25,36243,36,MOKHTAR ELSHENAWY,DPL,01-12-25,,,55.94,Fill,MARINA C,BH-10,LAYER-22,8,,,APPROVED AS NOTED,DONE,2,EIDG,1,
453,Tuesday,02-12-25,36242,36,U-MARK,DPL,01-12-25,,,42.84,Fill,MARINA C,BH-11,LAYER-5,2,,,APPROVED AS NOTED,DONE,2,EIDG,1,
454,Tuesday,02-12-25,36239,36,MOKHTAR ELSHENAWY,DPL,01-12-25,,,52.42,Fill,MARINA C,BH-9,LAYER-21,6,,,APPROVED AS NOTED,DONE,2,EIDG,1,
455,Tuesday,02-12-25,36238,36,El-BATAL,DPL,01-12-25,,,53.47,Fill,MARINA C,BH-8,LAYER-14,3,,,APPROVED AS NOTED,DONE,2,EIDG,1,
456,Wednesday,03-12-25,36264,36,MOKHTAR ELSHENAWY,DPL,02-12-25,,,46.61,Fill,MARINA C,BH-8,LAYER-20,5,,,APPROVED AS NOTED,DONE,2,EIDG,1,
457,Wednesday,03-12-25,36263,36,MOKHTAR ELSHENAWY,DPL,02-12-25,,,50.44,Fill,MARINA C,BH-14,LAYER-15,4,,,APPROVED AS NOTED,DONE,2,EIDG,1,
458,Wednesday,03-12-25,36266,36,MOKHTAR ELSHENAWY,DPL,02-12-25,,,45.44,Fill,MARINA C,BH-10,LAYER-23,4,,,APPROVED AS NOTED,DONE,2,EIDG,1,
459,Wednesday,03-12-25,36265,36,MOKHTAR ELSHENAWY,DPL,02-12-25,,,47.34,Fill,MARINA C,BH-9,LAYER-22,5,,,APPROVED AS NOTED,DONE,2,EIDG,1,
460,Wednesday,03-12-25,36257,36,El-BATAL,DPL,02-12-25,,,48.634,Fill,MARINA C,B-15,LAYER-15,2,,,APPROVED AS NOTED,DONE,2,EIDG,1,
461,Wednesday,03-12-25,36259,36,NEESR EL-ARABY,DPL,02-12-25,,,49.46,Fill,MARINA C,B-17,LAYER-22,4,,,APPROVED AS NOTED,DONE,2,EIDG,1,
462,Wednesday,03-12-25,36258,36,AHMED SAEED,DPL,02-12-25,,,47.323,Fill,MARINA C,B-22,LAYER-7,2,,,APPROVED AS NOTED,DONE,2,EIDG,1,
463,Wednesday,03-12-25,36261,36,U-MARK,DPL,02-12-25,,,43.278,Fill,MARINA C,B-12,LAYER-18,3,,,APPROVED AS NOTED,DONE,2,EIDG,1,
464,Wednesday,03-12-25,36256,36,AHMED SAEED,DPL,02-12-25,,,53.76,Fill,MARINA C,B-22,LAYER-6,3,,,APPROVED AS NOTED,DONE,2,EIDG,1,
465,Wednesday,03-12-25,36262,36,El-BATAL,DPL,02-12-25,,,46.45,Fill,MARINA C,B-13,LAYER-15,3,,,APPROVED AS NOTED,DONE,2,EIDG,1,
466,Sunday,07-12-25,36383,36,MOKHTAR ELSHENAWY,DPL,06-12-25,,,50.65,Fill,MARINA C,BH-8,LAYER-22,8,,,APPROVED AS NOTED,DONE,2,EIDG,1,
467,Sunday,07-12-25,36381,36,U-MARK,DPL,06-12-25,,,46.53,Fill,MARINA C,BH-13,LAYER-9,2,,,APPROVED AS NOTED,DONE,2,EIDG,1,
468,Sunday,07-12-25,36382,36,MOKHTAR ELSHENAWY,DPL,06-12-25,,,49.61,Fill,MARINA C,BH-9,LAYER-24,4,,,APPROVED AS NOTED,DONE,2,EIDG,1,
469,Sunday,07-12-25,36380,36,U-MARK,DPL,06-12-25,,,42.035,Fill,MARINA C,BH-12,LAYER-8,2,,,APPROVED AS NOTED,DONE,2,EIDG,1,
470,Sunday,07-12-25,36379,36,El-BATAL,DPL,05-12-25,,,47.81,Fill,MARINA C,B-13,LAYER-16,5,,,APPROVED AS NOTED,DONE,2,EIDG,2,
471,Sunday,07-12-25,36378,36,El-BATAL,DPL,05-12-25,,,40.191,Fill,MARINA C,B-15,LAYER-16,2,,,APPROVED AS NOTED,DONE,2,EIDG,2,
472,Sunday,07-12-25,36377,36,AHMED SAEED,DPL,05-12-25,,,42.69,Fill,MARINA C,B-22,LAYER-10,4,,,APPROVED AS NOTED,DONE,2,EIDG,2,
473,Sunday,07-12-25,36376,36,AL-ASIFA,DPL,06-12-25,,,43.77,Fill,MARINA C,B-28,LAYER-3,2,,,APPROVED AS NOTED,DONE,2,EIDG,1,
474,Sunday,07-12-25,36375,36,AL-ASIFA,DPL,06-12-25,,,44.154,Fill,MARINA C,B-28,LAYER-2,2,,,APPROVED AS NOTED,DONE,2,EIDG,1,
475,Sunday,07-12-25,36371,36,U-MARK,DPL,06-12-25,,,42.035,Fill,MARINA C,BH-11,LAYER-7,2,,,APPROVED AS NOTED,DONE,2,EIDG,1,
476,Thursday,04-12-25,36281,36,U-MARK,DPL,03-12-25,,,41.025,Fill,MARINA C,BH-11,LAYER-6,2,,,APPROVED AS NOTED,DONE,2,EIDG,1,
477,Thursday,04-12-25,36282,36,U-MARK,DPL,03-12-25,,,41.708,Fill,MARINA C,BH-12,LAYER-7,2,,,APPROVED AS NOTED,DONE,2,EIDG,1,
478,Thursday,04-12-25,36283,36,U-MARK,DPL,03-12-25,,,51.186,Fill,MARINA C,BH-13,LAYER-8,2,,,APPROVED AS NOTED,DONE,2,EIDG,1,
479,Thursday,04-12-25,36284,36,NEESR EL-ARABY,DPL,03-12-25,,,52.55,Fill,MARINA C,B-18,LAYER-24,3,,,APPROVED AS NOTED,DONE,2,EIDG,1,
480,Thursday,04-12-25,36285,36,SAAD SHETA,DPL,03-12-25,,,43.94,Fill,MARINA C,B-20,LAYER-24,3,,,APPROVED AS NOTED,DONE,2,EIDG,1,
481,Thursday,04-12-25,36286,36,AHMED SAEED,DPL,03-12-25,,,43.38,Fill,MARINA C,B-22,LAYER-8,4,,,APPROVED AS NOTED,DONE,2,EIDG,1,
482,Thursday,04-12-25,36287,36,EL-THNAA,DPL,03-12-25,,,51.094,Fill,MARINA C,B-25,LAYER-3,8,,,APPROVED AS NOTED,DONE,2,EIDG,1,
483,Saturday,06-12-25,36306,36,SAAD SHETA,PLATE LOAD,04-12-25,,,,Fill,MARINA C,B-20,27.35,1,,,APPROVED AS NOTED,DONE,3,BONYAN MISR,2,
484,Saturday,06-12-25,36307,36,SAAD SHETA,PLATE LOAD,04-12-25,,,,Fill,MARINA C,B-20,27.35,1,,,APPROVED AS NOTED,DONE,3,BONYAN MISR,2,
485,Monday,08-12-25,36387,36,MOKHTAR ELSHENAWY,DPL,07-12-25,,,54.178,Fill,MARINA C,BH-14,LAYER-17,2,,,APPROVED AS NOTED,DONE,2,EIDG,1,
486,Monday,08-12-25,36385,36,AL-ASIFA,DPL,07-12-25,,,42.96,Fill,MARINA C,B-28,LAYER-4,2,,,APPROVED AS NOTED,DONE,2,EIDG,1,
487,Monday,08-12-25,36384,36,AL-ASIFA,DPL,07-12-25,,,46.05,Fill,MARINA C,B-28,LAYER-5,2,,,APPROVED AS NOTED,DONE,2,EIDG,1,
488,Monday,08-12-25,36386,36,MOKHTAR ELSHENAWY,DPL,07-12-25,,,58.53,Fill,MARINA C,BH-10,LAYER-25,4,,,APPROVED AS NOTED,DONE,2,EIDG,1,
489,Monday,08-12-25,36388,36,El-BATAL,DPL,07-12-25,,,52.35,Fill,MARINA C,BH-5,LAYER-9,2,,,APPROVED AS NOTED,DONE,2,EIDG,1,
490,Monday,08-12-25,36389,36,El-BATAL,DPL,07-12-25,,,47.54,Fill,MARINA C,BH-6,LAYER-13,3,,,APPROVED AS NOTED,DONE,2,EIDG,1,
491,Monday,08-12-25,36391,36,El-BATAL,DPL,07-12-25,,,54.58,Fill,MARINA C,BH-7,LAYER-14,2,,,APPROVED AS NOTED,DONE,2,EIDG,1,
492,Monday,08-12-25,36390,36,El-BATAL,DPL,07-12-25,,,48.062,Fill,MARINA C,BH-8,LAYER-16,3,,,APPROVED AS NOTED,DONE,2,EIDG,1,
493,Monday,08-12-25,36392,36,El-BATAL,DPL,07-12-25,,,48.17,Fill,MARINA C,BH-15,LAYER-15,2,,,APPROVED AS NOTED,DONE,2,EIDG,1,
494,Saturday,06-12-25,36308,36,NEESR EL-ARABY,PLATE LOAD,03-12-25,,,,Fill,MARINA C,B-18,28.3,1,,,APPROVED AS NOTED,DONE,3,BONYAN MISR,3,
495,Saturday,06-12-25,36309,36,NEESR EL-ARABY,PLATE LOAD,03-12-25,,,,Fill,MARINA C,B-17,28.3,1,,,APPROVED AS NOTED,DONE,3,BONYAN MISR,3,
496,Saturday,06-12-25,36313,36,AL-ASIFA,DPL,05-12-25,,,47.92,Fill,MARINA C,B-28,LAYER-1,4,,,APPROVED AS NOTED,DONE,2,EIDG,1,
497,Saturday,06-12-25,36314,36,AHMED SAEED,DPL,05-12-25,,,49.775,Fill,MARINA C,B-22,LAYER-9,4,,,APPROVED AS NOTED,DONE,2,EIDG,1,
498,Saturday,06-12-25,36315,36,El-BATAL,DPL,04-12-25,,,49.13,Fill,MARINA C,B-15,LAYER-14,2,,,APPROVED AS NOTED,DONE,2,EIDG,2,
499,Saturday,06-12-25,36316,36,U-MARK,DPL,05-12-25,,,46.26,Fill,MARINA C,B-12,LAYER-19,7,,,APPROVED AS NOTED,DONE,2,EIDG,1,
500,Saturday,06-12-25,36317,36,El-BATAL,DPL,04-12-25,,,49.45,Fill,MARINA C,BH-8,LAYER-15,2,,,APPROVED AS NOTED,DONE,2,EIDG,2,
501,Saturday,06-12-25,36318,36,El-BATAL,DPL,04-12-25,,,40.57,Fill,MARINA C,BH-7,LAYER-13,2,,,APPROVED AS NOTED,DONE,2,EIDG,2,
502,Saturday,06-12-25,36319,36,El-BATAL,DPL,04-12-25,,,46.22,Fill,MARINA C,BH-6,LAYER-12,2,,,APPROVED AS NOTED,DONE,2,EIDG,2,
503,Saturday,06-12-25,36320,36,El-BATAL,DPL,04-12-25,,,48.07,Fill,MARINA C,BH-5,LAYER-8,2,,,APPROVED AS NOTED,DONE,2,EIDG,2,
504,Saturday,06-12-25,36321,36,U-MARK,DPL,05-12-25,,,61.83,Fill,MARINA C,BH-3,LAYER-12,2,,,APPROVED AS NOTED,DONE,2,EIDG,1,
505,Saturday,06-12-25,36322,36,U-MARK,DPL,05-12-25,,,54.93,Fill,MARINA C,BH-2,LAYER-12,3,,,APPROVED AS NOTED,DONE,2,EIDG,1,
506,Saturday,06-12-25,36323,36,U-MARK,DPL,05-12-25,,,73.29,Fill,MARINA C,BH-1,LAYER-12,3,,,APPROVED AS NOTED,DONE,2,EIDG,1,
507,Saturday,06-12-25,36324,36,MOKHTAR ELSHENAWY,DPL,05-12-25,,,48.64,Fill,MARINA C,BH-14,LAYER-16,3,,,APPROVED AS NOTED,DONE,2,EIDG,1,
508,Saturday,06-12-25,36325,36,MOKHTAR ELSHENAWY,DPL,05-12-25,,,55.706,Fill,MARINA C,BH-10,LAYER-24,4,,,APPROVED AS NOTED,DONE,2,EIDG,1,
509,Saturday,06-12-25,36338,36,U-MARK,SOIL,30-11-25,A-2-4,21.50%,,Stockpile,MARINA C,,,1,Sieve + Proctoer ,,APPROVED AS NOTED,DONE,3,EIDG,6,
510,Saturday,06-12-25,36347,36,AL-ASIFA,SOIL,02-12-25,A-2-4,16.00%,,Stockpile,MARINA C,,,1,Sieve + Proctoer ,,APPROVED AS NOTED,DONE,3,EIDG,4,
511,Saturday,06-12-25,36350,36,El-BATAL,SOIL,30-11-25,A-2-4,14.30%,,Stockpile,MARINA C,,,1,Sieve + Proctoer ,,APPROVED AS NOTED,DONE,3,EIDG,6,
512,Saturday,06-12-25,36351,36,El-BATAL,SOIL,30-11-25,A-2-4,15.30%,,Stockpile,MARINA C,,,1,Sieve + Proctoer ,,APPROVED AS NOTED,DONE,3,EIDG,6,
513,Saturday,06-12-25,36348,36,AL-ASIFA,SOIL,02-12-25,A-4,56.30%,,Bottom of excavation,MARINA C,B-28,,1,Sieve analysis,,APPROVED AS NOTED,DONE,2,EIDG,4,
514,Friday,05-12-25,36296,36,EL-THNAA,DPL,04-12-25,,,48.57,Fill,MARINA C,B-25,LAYER-4,7,,,APPROVED AS NOTED,DONE,2,EIDG,1,
515,Friday,05-12-25,36297,36,MOKHTAR ELSHENAWY,DPL,04-12-25,,,45.93,Fill,MARINA C,BH-9,LAYER-23,2,,,APPROVED AS NOTED,DONE,2,EIDG,1,
516,Friday,05-12-25,36298,36,MOKHTAR ELSHENAWY,DPL,04-12-25,,,48.303,Fill,MARINA C,BH-8,LAYER-21,3,,,APPROVED AS NOTED,DONE,2,EIDG,1,
517,Tuesday,09-12-25,36424,36,SAAD SHETA,DPL,09-12-25,,,48.94,Fill,MARINA C,B-20,LAYER-25,4,,,APPROVED AS NOTED,DONE,2,EIDG,0,
518,Tuesday,09-12-25,36419,36,U-MARK,DPL,08-12-25,,,46.209,Fill,MARINA C,BH-1,LAYER-13,5,,,APPROVED AS NOTED,DONE,2,EIDG,1,
519,Tuesday,09-12-25,36416,36,AL-ASIFA,DPL,08-12-25,,,47.036,Fill,MARINA C,B-28,LAYER-6,2,,,APPROVED AS NOTED,DONE,2,EIDG,1,
520,Tuesday,09-12-25,36417,36,AL-ASIFA,DPL,08-12-25,,,52.44,Fill,MARINA C,B-27,LAYER-1,3,,,APPROVED AS NOTED,DONE,2,EIDG,1,
521,Tuesday,09-12-25,36414,36,MOKHTAR ELSHENAWY,DPL,08-12-25,,,53.389,Fill,MARINA C,BH-14,LAYER-29,2,,,APPROVED AS NOTED,DONE,2,EIDG,1,
522,Tuesday,09-12-25,36411,36,U-MARK,DPL,08-12-25,,,48.015,Fill,MARINA C,BH-3,LAYER-13,2,,,APPROVED AS NOTED,DONE,2,EIDG,1,
523,Tuesday,09-12-25,36410,36,U-MARK,DPL,08-12-25,,,47.58,Fill,MARINA C,BH-2,LAYER-13,2,,,APPROVED AS NOTED,DONE,2,EIDG,1,
524,Tuesday,09-12-25,36412,36,MOKHTAR ELSHENAWY,DPL,08-12-25,,,63.65,Fill,MARINA C,BH-8,LAYER-23,5,,,APPROVED AS NOTED,DONE,2,EIDG,1,
525,Tuesday,09-12-25,36413,36,MOKHTAR ELSHENAWY,DPL,08-12-25,,,50.38,Fill,MARINA C,BH-9,LAYER-25,4,,,APPROVED AS NOTED,DONE,2,EIDG,1,
526,Tuesday,09-12-25,36415,36,MOKHTAR ELSHENAWY,DPL,08-12-25,,,61.39,Fill,MARINA C,BH-10,LAYER-26,3,,,APPROVED AS NOTED,DONE,2,EIDG,1,
527,Sunday,14-12-25,36565,36,AL-ASIFA,DPL,13-12-25,,,52.211,Fill,MARINA C,B-27,LAYER-5,11,,,APPROVED AS NOTED,DONE,2,EIDG,1,
528,Saturday,13-12-25,36527,36,U-MARK,DPL,11-12-25,,,46.01,Fill,MARINA C,BH-13,LAYER-10,2,,,APPROVED AS NOTED,DONE,2,EIDG,2,
529,Saturday,13-12-25,36528,36,El-BATAL,DPL,11-12-25,,,52.931,Fill,MARINA C,B-13,LAYER-17,5,,,APPROVED AS NOTED,DONE,2,EIDG,2,
530,Saturday,13-12-25,36529,36,El-BATAL,DPL,11-12-25,,,48.56,Fill,MARINA C,B-15,LAYER-17,4,,,APPROVED AS NOTED,DONE,2,EIDG,2,
531,Saturday,13-12-25,36538,36,U-MARK,DPL,11-12-25,,,49.43,Fill,MARINA C,BH-3,LAYER-14,2,,,APPROVED AS NOTED,DONE,2,EIDG,2,
532,Saturday,13-12-25,36539,36,U-MARK,DPL,11-12-25,,,47.47,Fill,MARINA C,B-11,LAYER-8,2,,,APPROVED AS NOTED,DONE,2,EIDG,2,
533,Saturday,13-12-25,36548,36,U-MARK,DPL,11-12-25,,,46.04,Fill,MARINA C,BH-12,LAYER-9,2,,,APPROVED AS NOTED,DONE,2,EIDG,2,
534,Saturday,13-12-25,36551,36,U-MARK,DPL,11-12-25,,,38.39,Fill,MARINA C,B-11,LAYER-8,2,,,REVISE,DONE,2,EIDG,2,
535,Saturday,13-12-25,36552,36,U-MARK,DPL,11-12-25,,,35.63,Fill,MARINA C,B-12,LAYER-9,2,,,REVISE,DONE,2,EIDG,2,
536,Saturday,13-12-25,36553,36,U-MARK,DPL,11-12-25,,,38.05,Fill,MARINA C,B-13,LAYER-10,2,,,REVISE,DONE,2,EIDG,2,
537,Saturday,13-12-25,36554,36,AL-ASIFA,DPL,12-12-25,,,44.53,Fill,MARINA C,B-27,LAYER-4,4,,,APPROVED AS NOTED,DONE,2,EIDG,1,
538,Saturday,13-12-25,36555,36,AL-ASIFA,DPL,12-12-25,,,50.5,Fill,MARINA C,B-28,LAYER-9,5,,,APPROVED AS NOTED,DONE,2,EIDG,1,
539,Saturday,13-12-25,36556,36,SAAD SHETA,DPL,12-12-25,,,43.315,Fill,MARINA C,B-20,LAYER-26,5,,,APPROVED AS NOTED,DONE,2,EIDG,1,
540,Wednesday,10-12-25,36440,36,AL-ASIFA,DPL,09-12-25,,,43.5,Fill,MARINA C,B-28,LAYER-7,2,,,APPROVED AS NOTED,DONE,2,EIDG,1,
541,Wednesday,10-12-25,36441,36,AL-ASIFA,DPL,09-12-25,,,45.79,Fill,MARINA C,B-27,LAYER-2,2,,,APPROVED AS NOTED,DONE,2,EIDG,1,
542,Wednesday,10-12-25,36439,36,El-BATAL,DPL,09-12-25,,,47.22,Fill,MARINA C,B-15,LAYER-16,3,,,APPROVED AS NOTED,DONE,2,EIDG,1,
543,Thursday,11-12-25,36488,36,AL-ASIFA,PLATE LOAD,09-12-25,,,,Fill,MARINA C,B-27,20.3,1,,,APPROVED AS NOTED,DONE,5,CEL,2,
544,Thursday,11-12-25,36489,36,AL-ASIFA,PLATE LOAD,07-12-25,,,,Fill,MARINA C,B-28,19.3,1,,,APPROVED AS NOTED,DONE,5,CEL,4,
545,Thursday,11-12-25,36512,36,El-BATAL,PLATE LOAD,06-12-25,,,,Fill,MARINA C,B-15,24.8,1,,,APPROVED AS NOTED,DONE,3,BONYAN MISR,5,
546,Thursday,11-12-25,36514,36,AHMED SAEED,PLATE LOAD,07-12-25,,,,Fill,MARINA C,B-22,22.8,1,,,REVISE,DONE,3,BONYAN MISR,4,
547,Thursday,11-12-25,36463,36,AL-ASIFA,DPL,10-12-25,,,43.05,Fill,MARINA C,B-28,LAYER-8,4,,,APPROVED AS NOTED,DONE,2,EIDG,1,
548,Thursday,11-12-25,36465,36,U-MARK,DPL,10-12-25,,,37.32,Fill,MARINA C,BH-12,LAYER-10,5,,,REVISE,DONE,2,EIDG,1,
549,Thursday,11-12-25,36464,36,AL-ASIFA,DPL,10-12-25,,,53.616,Fill,MARINA C,B-27,LAYER-3,7,,,APPROVED AS NOTED,DONE,2,EIDG,1,
550,Thursday,11-12-25,36466,36,U-MARK,DPL,10-12-25,,,39.31,Fill,MARINA C,BH-12,LAYER-9,3,,,REVISE,DONE,2,EIDG,1,
551,Thursday,11-12-25,36516,36,AHMED SAEED,PLATE LOAD,07-12-25,,,,Fill,MARINA C,B-22,22.8,1,,,APPROVED AS NOTED,DONE,3,BONYAN MISR,4,
552,Saturday,13-12-25,36537,36,U-MARK,DPL,11-12-25,,,39.65,Fill,MARINA C,BH-2,LAYER-14,2,,,REVISE,DONE,2,EIDG,2,
553,Friday,12-12-25,36636,36,MOKHTAR ELSHENAWY,DPL,02-12-25,,,47.34,Fill,MARINA C,BH-9,LAYER-22,5,,,APPROVED AS NOTED,DONE,2,EIDG,10,
554,Friday,12-12-25,36638,36,MOKHTAR ELSHENAWY,DPL,02-12-25,,,45.44,Fill,MARINA C,BH-10,LAYER-23,4,,,APPROVED AS NOTED,DONE,2,EIDG,10,
555,Friday,12-12-25,36639,36,MOKHTAR ELSHENAWY,DPL,02-12-25,,,50.44,Fill,MARINA C,BH-14,LAYER-15,4,,,APPROVED AS NOTED,DONE,2,EIDG,10,
556,Monday,15-12-25,36595,36,U-MARK,DPL,14-12-25,,,46.59,Fill,MARINA C,BH-15,LAYER-12,2,,,APPROVED AS NOTED,DONE,2,EIDG,1,
557,Tuesday,16-12-25,36651,36,AHMED SAEED,DPL,15-12-25,,,45.4,Fill,MARINA C,B-22,LAYER-11,3,,,APPROVED AS NOTED,DONE,2,EIDG,1,
558,Tuesday,16-12-25,36647,36,EL-THNAA,DPL,15-12-25,,,50.63,Fill,MARINA C,B-25,LAYER-5,7,,,APPROVED AS NOTED,DONE,2,EIDG,1,
559,Friday,12-12-25,36625,36,El-BATAL,DPL,01-12-25,,,62.318,Fill,MARINA C,BH-6,LAYER-11,3,,,APPROVED AS NOTED,DONE,2,EIDG,11,
560,Friday,12-12-25,36624,36,El-BATAL,DPL,01-12-25,,,57.45,Fill,MARINA C,BH-5,LAYER-7,2,,,APPROVED AS NOTED,DONE,2,EIDG,11,
561,Friday,12-12-25,36623,36,MOKHTAR ELSHENAWY,DPL,01-12-25,,,56.27,Fill,MARINA C,BH-14,LAYER-14,2,,,APPROVED AS NOTED,DONE,2,EIDG,11,
562,Friday,12-12-25,36622,36,U-MARK,DPL,01-12-25,,,44.53,Fill,MARINA C,BH-13,LAYER-7,2,,,APPROVED AS NOTED,DONE,2,EIDG,11,
563,Friday,12-12-25,36621,36,U-MARK,DPL,01-12-25,,,44.53,Fill,MARINA C,BH-12,LAYER-6,2,,,APPROVED AS NOTED,DONE,2,EIDG,11,
564,Friday,12-12-25,36620,36,U-MARK,DPL,01-12-25,,,42.84,Fill,MARINA C,BH-11,LAYER-5,2,,,APPROVED AS NOTED,DONE,2,EIDG,11,
565,Friday,12-12-25,36619,36,MOKHTAR ELSHENAWY,DPL,01-12-25,,,55.947,Fill,MARINA C,BH-10,LAYER-22,8,,,APPROVED AS NOTED,DONE,2,EIDG,11,
566,Friday,12-12-25,36626,36,El-BATAL,DPL,01-12-25,,,51.134,Fill,MARINA C,BH-7,LAYER-12,2,,,APPROVED AS NOTED,DONE,2,EIDG,11,
567,Friday,12-12-25,36627,36,El-BATAL,DPL,01-12-25,,,53.47,Fill,MARINA C,BH-8,LAYER-14,3,,,APPROVED AS NOTED,DONE,2,EIDG,11,
568,Friday,12-12-25,36628,36,MOKHTAR ELSHENAWY,DPL,01-12-25,,,49.09,Fill,MARINA C,BH-8,LAYER-19,5,,,APPROVED AS NOTED,DONE,2,EIDG,11,
569,Friday,12-12-25,36629,36,MOKHTAR ELSHENAWY,DPL,01-12-25,,,52.42,Fill,MARINA C,BH-9,LAYER-21,6,,,APPROVED AS NOTED,DONE,2,EIDG,11,
570,Friday,12-12-25,36630,36,SAAD SHETA,DPL,01-12-25,,,46.7,Fill,MARINA C,B-20,LAYER-23,5,,,APPROVED AS NOTED,DONE,2,EIDG,11,
571,Friday,12-12-25,36631,36,AHMED SAEED,DPL,01-12-25,,,45.186,Fill,MARINA C,B-22,LAYER-5,3,,,APPROVED AS NOTED,DONE,2,EIDG,11,
572,Friday,12-12-25,36632,36,EL-THNAA,DPL,01-12-25,,,48.48,Fill,MARINA C,B-25,LAYER-2,5,,,APPROVED AS NOTED,DONE,2,EIDG,11,
573,Friday,12-12-25,36633,36,AHMED SAEED,DPL,02-12-25,,,47.32,Fill,MARINA C,B-22,LAYER-7,2,,,APPROVED AS NOTED,DONE,2,EIDG,10,
574,Friday,12-12-25,36634,36,AHMED SAEED,DPL,02-12-25,,,53.76,Fill,MARINA C,B-22,LAYER-6,3,,,APPROVED AS NOTED,DONE,2,EIDG,10,
575,Friday,12-12-25,36635,36,El-BATAL,DPL,02-12-25,,,46.45,Fill,MARINA C,B-13,LAYER-15,3,,,APPROVED AS NOTED,DONE,2,EIDG,10,
576,Friday,12-12-25,36637,36,MOKHTAR ELSHENAWY,DPL,02-12-25,,,46.61,Fill,MARINA C,BH-8,LAYER-20,5,,,APPROVED AS NOTED,DONE,2,EIDG,10,
577,Monday,15-12-25,36593,36,U-MARK,DPL,14-12-25,,,62.21,Fill,MARINA C,BH-1,LAYER-14,2,,,APPROVED AS NOTED,DONE,2,EIDG,1,
578,Monday,15-12-25,36592,36,U-MARK,DPL,14-12-25,,,41.79,Fill,MARINA C,BH-13,LAYER-12,2,,,APPROVED AS NOTED,DONE,2,EIDG,1,
579,Monday,15-12-25,36591,36,U-MARK,DPL,14-12-25,,,45.15,Fill,MARINA C,BH-11,LAYER-10,2,,,APPROVED AS NOTED,DONE,2,EIDG,1,
580,Monday,15-12-25,36590,36,U-MARK,DPL,14-12-25,,,53.32,Fill,MARINA C,BH-12,LAYER-11,2,,,APPROVED AS NOTED,DONE,2,EIDG,1,
581,Monday,15-12-25,36608,36,AL-ASIFA,DPL,14-12-25,,,51.023,Fill,MARINA C,B-28,LAYER-10,5,,,APPROVED AS NOTED,DONE,2,EIDG,1,
582,Monday,15-12-25,36601,36,U-MARK,DPL,13-12-25,,,43.94,Fill,MARINA C,BH-13,LAYER-11,2,,,APPROVED AS NOTED,DONE,2,EIDG,2,
583,Monday,15-12-25,36600,36,U-MARK,DPL,13-12-25,,,47.89,Fill,MARINA C,BH-12,LAYER-10,2,,,APPROVED AS NOTED,DONE,2,EIDG,2,
584,Monday,15-12-25,36599,36,U-MARK,DPL,13-12-25,,,42.62,Fill,MARINA C,BH-11,LAYER-9,2,,,APPROVED AS NOTED,DONE,2,EIDG,2,
585,Wednesday,17-12-25,36693,36,MOKHTAR ELSHENAWY,DPL,16-12-25,,,45.402,Fill,MARINA C,B-28,LAYER-1,8,,,APPROVED AS NOTED,DONE,2,EIDG,1,
586,Wednesday,17-12-25,36692,36,EL-THNAA,DPL,16-12-25,,,43.85,Fill,MARINA C,B-23,LAYER-1,6,,,APPROVED AS NOTED,DONE,2,EIDG,1,
587,Wednesday,17-12-25,36689,36,AL-ASIFA,DPL,16-12-25,,,42.85,Fill,MARINA C,B-27,LAYER-6,2,,,APPROVED AS NOTED,DONE,2,EIDG,1,
588,Wednesday,17-12-25,36690,36,AL-ASIFA,DPL,16-12-25,,,53.023,Fill,MARINA C,B-28,LAYER-11,8,,,APPROVED AS NOTED,DONE,2,EIDG,1,
589,Wednesday,17-12-25,36691,36,AHMED SAEED,DPL,16-12-25,,,49.03,Fill,MARINA C,B-22,LAYER-12,5,,,APPROVED AS NOTED,DONE,2,EIDG,1,
590,Sunday,21-12-25,36810,36,AHMED SAEED,PLATE LOAD,19-12-25,,,,Fill,MARINA C,B-22,LAYER-15,1,,,APPROVED AS NOTED,DONE,6,CEDC,2,
591,Sunday,21-12-25,36842,36,AL-ASIFA,PLATE LOAD,14-12-25,,,,Fill,MARINA C,B-28,21.8,1,,,APPROVED AS NOTED,DONE,5,CEL,7,
592,Sunday,21-12-25,36641,36,AL-ASIFA,PLATE LOAD,14-12-25,,,,Fill,MARINA C,B-27,21.8,1,,,APPROVED AS NOTED,DONE,5,CEL,7,
593,Sunday,21-12-25,36840,36,AL-ASIFA,PLATE LOAD,14-12-25,,,,Fill,MARINA C,B-28,21.8,1,,,APPROVED AS NOTED,DONE,5,CEL,7,
594,Sunday,21-12-25,36839,36,AL-ASIFA,PLATE LOAD,14-12-25,,,,Fill,MARINA C,B-27,21.8,1,,,APPROVED AS NOTED,DONE,5,CEL,7,
595,Sunday,21-12-25,36879,36,U-MARK,PLATE LOAD,16-12-25,,,,Fill,MARINA C,BH-11-12-13,25.5,1,,,APPROVED AS NOTED,DONE,5,CEL,5,
596,Sunday,21-12-25,36890,36,EL-THNAA,PLATE LOAD,16-12-25,,,,Fill,MARINA C,B-25,LAYER-5,1,,,APPROVED AS NOTED,DONE,6,CEDC,5,
597,Sunday,21-12-25,36891,36,EL-THNAA,PLATE LOAD,16-12-25,,,,Fill,MARINA C,B-25,LAYER-5,1,,,APPROVED AS NOTED,DONE,6,CEDC,5,
598,Saturday,20-12-25,36776,36,AHMED SAEED,DPL,19-12-25,,,45.57,Fill,MARINA C,B-22,LAYER-15,8,,,APPROVED AS NOTED,DONE,2,EIDG,1,
599,Saturday,20-12-25,36757,36,EL-THNAA,DPL,19-12-25,,,44.69,Fill,MARINA C,B-25,LAYER-7,7,,,APPROVED AS NOTED,DONE,2,EIDG,1,
600,Saturday,20-12-25,36754,36,MOKHTAR ELSHENAWY,DPL,18-12-25,,,52.104,Fill,MARINA C,B-28,LAYER-3,7,,,APPROVED AS NOTED,DONE,2,EIDG,2,
601,Saturday,20-12-25,36753,36,MOKHTAR ELSHENAWY,DPL,19-12-25,,,53.33,Fill,MARINA C,B-28,LAYER-4,10,,,APPROVED AS NOTED,DONE,2,EIDG,1,
602,Saturday,20-12-25,36726,36,El-BATAL,DPL,18-12-25,,,42.83,Fill,MARINA C,BH-7,LAYER-15,2,,,APPROVED AS NOTED,DONE,2,EIDG,2,
603,Saturday,20-12-25,36725,36,El-BATAL,DPL,18-12-25,,,48.177,Fill,MARINA C,BH-6,LAYER-14,2,,,APPROVED AS NOTED,DONE,2,EIDG,2,
604,Saturday,20-12-25,36724,36,El-BATAL,DPL,18-12-25,,,47.79,Fill,MARINA C,BH-8,LAYER-17,3,,,APPROVED AS NOTED,DONE,2,EIDG,2,
605,Saturday,20-12-25,36733,36,AHMED SAEED,DPL,18-12-25,,,46.074,Fill,MARINA C,B-22,LAYER-14,5,,,APPROVED AS NOTED,DONE,2,EIDG,2,
606,Saturday,20-12-25,36722,36,El-BATAL,DPL,18-12-25,,,45.56,Fill,MARINA C,B-15,LAYER-17,2,,,APPROVED AS NOTED,DONE,2,EIDG,2,
607,Saturday,20-12-25,36734,36,U-MARK,DPL,18-12-25,,,48.96,Fill,MARINA C,BH-13,LAYER-13,2,,,APPROVED AS NOTED,DONE,2,EIDG,2,
608,Saturday,20-12-25,36735,36,U-MARK,DPL,18-12-25,,,54.502,Fill,MARINA C,BH-12,LAYER-12,2,,,APPROVED AS NOTED,DONE,2,EIDG,2,
609,Saturday,20-12-25,36736,36,U-MARK,DPL,18-12-25,,,54.502,Fill,MARINA C,BH-11,LAYER-11,2,,,APPROVED AS NOTED,DONE,2,EIDG,2,
610,Saturday,20-12-25,36737,36,El-BATAL,DPL,18-12-25,,,47.408,Fill,MARINA C,B-15,LAYER-18,6,,,APPROVED AS NOTED,DONE,2,EIDG,2,
611,Saturday,20-12-25,36738,36,AL-ASIFA,DPL,18-12-25,,,46.28,Fill,MARINA C,B-27,LAYER-8,5,,,APPROVED AS NOTED,DONE,2,EIDG,2,
612,Saturday,20-12-25,36739,36,El-BATAL,DPL,18-12-25,,,49.446,Fill,MARINA C,BH-5,LAYER-10,2,,,APPROVED AS NOTED,DONE,2,EIDG,2,
613,Saturday,20-12-25,36740,36,AL-ASIFA,DPL,18-12-25,,,49.86,Fill,MARINA C,B-28,LAYER-13,5,,,APPROVED AS NOTED,DONE,2,EIDG,2,
614,Saturday,20-12-25,36698,36,AL-ASIFA,DPL,17-12-25,,,42.27,Fill,MARINA C,B-28,LAYER-12,7,,,APPROVED AS NOTED,DONE,2,EIDG,3,
615,Saturday,20-12-25,36699,36,MOKHTAR ELSHENAWY,DPL,17-12-25,,,51.199,Fill,MARINA C,B-28,LAYER-2,8,,,APPROVED AS NOTED,DONE,2,EIDG,3,
616,Saturday,20-12-25,36716,36,El-BATAL,DPL,17-12-25,,,47.85,Fill,MARINA C,B-13,LAYER-18,7,,,APPROVED AS NOTED,DONE,2,EIDG,3,
617,Saturday,20-12-25,36717,36,AHMED SAEED,DPL,17-12-25,,,42.74,Fill,MARINA C,B-22,LAYER-13,7,,,APPROVED AS NOTED,DONE,2,EIDG,3,
618,Saturday,20-12-25,36718,36,EL-THNAA,DPL,17-12-25,,,43.46,Fill,MARINA C,B-23,LAYER-2,8,,,APPROVED AS NOTED,DONE,2,EIDG,3,
619,Saturday,20-12-25,36719,36,EL-THNAA,DPL,17-12-25,,,45.173,Fill,MARINA C,B-25,LAYER-6,6,,,APPROVED AS NOTED,DONE,2,EIDG,3,
620,Saturday,20-12-25,36720,36,AL-ASIFA,DPL,17-12-25,,,45.2,Fill,MARINA C,B-27,LAYER-7,5,,,APPROVED AS NOTED,DONE,2,EIDG,3,
621,Sunday,21-12-25,36777,36,MOKHTAR ELSHENAWY,DPL,17-11-25,,,48.57,Fill,MARINA C,BH-14,LAYER-1,2,,,APPROVED AS NOTED,DONE,2,EIDG,34,
622,Sunday,21-12-25,36778,36,MOKHTAR ELSHENAWY,DPL,17-11-25,,,47.37,Fill,MARINA C,BH-14,LAYER-2,2,,,APPROVED AS NOTED,DONE,2,EIDG,34,
623,Sunday,21-12-25,36779,36,MOKHTAR ELSHENAWY,DPL,17-11-25,,,46.29,Fill,MARINA C,BH-14,LAYER-3,2,,,APPROVED AS NOTED,DONE,2,EIDG,34,
624,Sunday,21-12-25,36783,36,MOKHTAR ELSHENAWY,DPL,20-12-25,,,55.19,Fill,MARINA C,B-28,LAYER-5,8,,,APPROVED AS NOTED,DONE,2,EIDG,1,
625,Sunday,21-12-25,36788,36,El-BATAL,DPL,20-12-25,,,47.72,Fill,MARINA C,B-13,LAYER-19,5,,,APPROVED AS NOTED,DONE,2,EIDG,1,
626,Sunday,21-12-25,36790,36,U-MARK,DPL,20-12-25,,,47.9,Fill,MARINA C,BH-11,LAYER-12,2,,,APPROVED AS NOTED,DONE,2,EIDG,1,
627,Sunday,21-12-25,36791,36,U-MARK,DPL,20-12-25,,,43.78,Fill,MARINA C,BH-13,LAYER-14,2,,,APPROVED AS NOTED,DONE,2,EIDG,1,
628,Sunday,21-12-25,36792,36,AL-ASIFA,DPL,20-12-25,,,52.69,Fill,MARINA C,B-27,LAYER-9,8,,,APPROVED AS NOTED,DONE,2,EIDG,1,
629,Sunday,21-12-25,36798,36,U-MARK,DPL,20-12-25,,,49.15,Fill,MARINA C,BH-4,LAYER-13,2,,,APPROVED AS NOTED,DONE,2,EIDG,1,
630,Sunday,21-12-25,36799,36,U-MARK,DPL,20-12-25,,,49.29,Fill,MARINA C,BH-12,LAYER-13,2,,,APPROVED AS NOTED,DONE,2,EIDG,1,
631,Sunday,21-12-25,36800,36,El-BATAL,DPL,20-12-25,,,49.39,Fill,MARINA C,B-15,LAYER-18,4,,,APPROVED AS NOTED,DONE,2,EIDG,1,
632,Sunday,21-12-25,36801,36,AHMED SAEED,DPL,20-12-25,,,43.69,Fill,MARINA C,B-22,LAYER-16,3,,,APPROVED AS NOTED,DONE,2,EIDG,1,
633,Monday,22-12-25,36918,36,El-BATAL,DPL,21-12-25,,,49.63,Fill,MARINA C,BH-8,LAYER-18,3,,,APPROVED AS NOTED,DONE,2,EIDG,1,
634,Monday,22-12-25,36916,36,AL-ASIFA,DPL,21-12-25,,,46.92,Fill,MARINA C,B-28,LAYER-14,5,,,APPROVED AS NOTED,DONE,2,EIDG,1,
635,Monday,22-12-25,36915,36,AHMED SAEED,DPL,21-12-25,,,47.64,Fill,MARINA C,B-22,LAYER-17,4,,,APPROVED AS NOTED,DONE,2,EIDG,1,
636,Monday,22-12-25,36913,36,MOKHTAR ELSHENAWY,DPL,21-12-25,,,50.19,Fill,MARINA C,B-28,LAYER-6,9,,,APPROVED AS NOTED,DONE,2,EIDG,1,
637,Monday,22-12-25,36937,36,El-BATAL,DPL,22-12-25,,,48.89,Fill,MARINA C,BH-5,LAYER-11,2,,,APPROVED AS NOTED,DONE,2,EIDG,0,
638,Tuesday,23-12-25,36936,36,AHMED SAEED,DPL,22-12-25,,,44.64,Fill,MARINA C,B-22,LAYER-18,5,,,APPROVED AS NOTED,DONE,2,EIDG,1,
639,Tuesday,23-12-25,36935,36,MOKHTAR ELSHENAWY,DPL,22-12-25,,,51.095,Fill,MARINA C,B-28,LAYER-7,5,,,APPROVED AS NOTED,DONE,2,EIDG,1,
640,Tuesday,23-12-25,36929,36,AL-ASIFA,DPL,22-12-25,,,46.95,Fill,MARINA C,B-28,LAYER-15,4,,,APPROVED AS NOTED,DONE,2,EIDG,1,
641,Tuesday,23-12-25,36928,36,AL-ASIFA,DPL,22-12-25,,,45.24,Fill,MARINA C,B-27,LAYER-10,3,,,APPROVED AS NOTED,DONE,2,EIDG,1,
642,Tuesday,23-12-25,36927,36,El-BATAL,DPL,22-12-25,,,47.41,Fill,MARINA C,BH-6,LAYER-15,2,,,APPROVED AS NOTED,DONE,2,EIDG,1,
643,Tuesday,23-12-25,36926,36,El-BATAL,DPL,22-12-25,,,45.87,Fill,MARINA C,BH-7,LAYER-16,2,,,APPROVED AS NOTED,DONE,2,EIDG,1,
644,Sunday,21-12-25,36822,36,MOKHTAR ELSHENAWY,PLATE LOAD,20-12-25,,,,Fill,MARINA C,B-28,19.3,1,,,APPROVED AS NOTED,DONE,5,CEL,1,
645,Sunday,21-12-25,36823,36,MOKHTAR ELSHENAWY,PLATE LOAD,20-12-25,,,,Fill,MARINA C,B-28,19.3,1,,,APPROVED AS NOTED,DONE,5,CEL,1,
646,Sunday,21-12-25,36824,36,MOKHTAR ELSHENAWY,PLATE LOAD,20-12-25,,,,Fill,MARINA C,B-28,19.3,1,,,APPROVED AS NOTED,DONE,5,CEL,1,
647,Wednesday,24-12-25,37004,36,AL-ASIFA,PLATE LOAD,22-12-25,,,,Fill,MARINA C,B-27,24.3,1,,,APPROVED AS NOTED,DONE,5,CEL,2,
648,Wednesday,24-12-25,37003,36,AL-ASIFA,PLATE LOAD,22-12-25,,,,Fill,MARINA C,B-27,24.3,1,,,APPROVED AS NOTED,DONE,5,CEL,2,
649,Wednesday,24-12-25,37002,36,AL-ASIFA,PLATE LOAD,22-12-25,,,,Fill,MARINA C,B-28,24.3,1,,,APPROVED AS NOTED,DONE,5,CEL,2,
650,Wednesday,24-12-25,37001,36,AL-ASIFA,PLATE LOAD,22-12-25,,,,Fill,MARINA C,B-28,24.3,1,,,APPROVED AS NOTED,DONE,5,CEL,2,
651,Wednesday,24-12-25,37027,36,AL-ASIFA,SOIL,20-12-25,A-2-4,14.70%,,Stockpile,MARINA C,,,1,Sieve + Proctoer ,,APPROVED AS NOTED,DONE,3,EIDG,4,
652,Wednesday,24-12-25,37026,36,AL-ASIFA,SOIL,13-12-25,A-2-4,15.10%,,Stockpile,MARINA C,,,1,Sieve + Proctoer ,,APPROVED AS NOTED,DONE,3,EIDG,11,
653,Wednesday,24-12-25,37025,36,AL-ASIFA,SOIL,13-12-25,A-2-4,14.60%,,Stockpile,MARINA C,,,1,Sieve + Proctoer ,,APPROVED AS NOTED,DONE,3,EIDG,11,
654,Wednesday,24-12-25,37024,36,AL-ASIFA,SOIL,06-12-25,A-2-4,24.20%,,Bottom of excavation,MARINA C,B-27,,1,Sieve + Proctoer ,,APPROVED AS NOTED,DONE,3,EIDG,18,
655,Wednesday,24-12-25,37021,36,AHMED SAEED,SOIL,21-12-25,A-2-4,20.10%,,Stockpile,MARINA C,,,1,Sieve + Proctoer ,,APPROVED AS NOTED,DONE,3,EIDG,3,
656,Wednesday,24-12-25,37020,36,El-BATAL,SOIL,05-12-25,A-2-4,20.30%,,Stockpile,MARINA C,,,1,Sieve + Proctoer ,,APPROVED AS NOTED,DONE,3,EIDG,19,
657,Wednesday,24-12-25,37019,36,AHMED SAEED,SOIL,21-12-25,A-2-4,17.70%,,Stockpile,MARINA C,,,1,Sieve + Proctoer ,,APPROVED AS NOTED,DONE,3,EIDG,3,
658,Wednesday,24-12-25,37039,36,MOKHTAR ELSHENAWY,SOIL,19-12-25,A-1-B,8.10%,,Stockpile,MARINA C,,,1,Sieve + Proctoer ,,APPROVED AS NOTED,DONE,3,EIDG,5,
659,Wednesday,24-12-25,36987,36,AL-ASIFA,DPL,23-12-25,,,53.51,Fill,MARINA C,B-27,LAYER-11,8,,,APPROVED AS NOTED,DONE,2,EIDG,1,
660,Wednesday,24-12-25,36973,36,MOKHTAR ELSHENAWY,DPL,23-12-25,,,54.47,Fill,MARINA C,B-28,LAYER-8,5,,,APPROVED AS NOTED,DONE,2,EIDG,1,
661,Wednesday,24-12-25,36971,36,El-BATAL,DPL,23-12-25,,,46.44,Fill,MARINA C,B-15,LAYER-19,4,,,APPROVED AS NOTED,DONE,2,EIDG,1,
662,Wednesday,24-12-25,36961,36,El-BATAL,DPL,23-12-25,,,43.96,Fill,MARINA C,B-15,LAYER-19,2,,,APPROVED AS NOTED,DONE,2,EIDG,1,
663,Wednesday,24-12-25,36960,36,EL-THNAA,DPL,23-12-25,,,45.93,Fill,MARINA C,B-25,LAYER-8,8,,,APPROVED AS NOTED,DONE,2,EIDG,1,
664,Wednesday,24-12-25,36959,36,AHMED SAEED,DPL,23-12-25,,,48.67,Fill,MARINA C,B-22,LAYER-19,5,,,APPROVED AS NOTED,DONE,2,EIDG,1,
665,Thursday,25-12-25,37090,36,AHMED SAEED,DPL,24-12-25,,,49.88,Fill,MARINA C,B-22,LAYER-20,3,,,APPROVED AS NOTED,DONE,2,EIDG,1,
666,Thursday,25-12-25,37087,36,El-BATAL,DPL,24-12-25,,,50.21,Fill,MARINA C,BH-8,LAYER-19,3,,,APPROVED AS NOTED,DONE,2,EIDG,1,
667,Thursday,25-12-25,37086,36,El-BATAL,DPL,24-12-25,,,54.008,Fill,MARINA C,BH-7,LAYER-17,2,,,APPROVED AS NOTED,DONE,2,EIDG,1,
668,Thursday,25-12-25,37085,36,El-BATAL,DPL,24-12-25,,,50.94,Fill,MARINA C,BH-6,LAYER-16,2,,,APPROVED AS NOTED,DONE,2,EIDG,1,
669,Thursday,25-12-25,37084,36,El-BATAL,DPL,24-12-25,,,43.4,Fill,MARINA C,BH-5,LAYER-12,3,,,APPROVED AS NOTED,DONE,2,EIDG,1,
670,Saturday,27-12-25,37129,36,El-BATAL,PLATE LOAD,23-12-25,,,,Fill,MARINA C,B-15,27.3,1,,,APPROVED AS NOTED,DONE,3,BONYAN MISR,4,
671,Saturday,27-12-25,37128,36,El-BATAL,PLATE LOAD,23-12-25,,,,Fill,MARINA C,B-13,27.3,1,,,APPROVED AS NOTED,DONE,3,BONYAN MISR,4,
672,Saturday,27-12-25,37155,36,El-BATAL,DPL,26-12-25,,,52.707,Fill,MARINA C,B-13,LAYER-20,3,,,APPROVED AS NOTED,DONE,2,EIDG,1,
673,Saturday,27-12-25,37154,36,El-BATAL,DPL,26-12-25,,,45.28,Fill,MARINA C,B-15,LAYER-20,3,,,APPROVED AS NOTED,DONE,2,EIDG,1,
674,Saturday,27-12-25,37153,36,El-BATAL,DPL,26-12-25,,,52.92,Fill,MARINA C,B-15,LAYER-20,2,,,APPROVED AS NOTED,DONE,2,EIDG,1,
675,Saturday,27-12-25,37188,36,EL-THNAA,DPL,25-12-25,,,43.62,Fill,MARINA C,B-23,LAYER-3,2,,,APPROVED AS NOTED,DONE,2,EIDG,2,
676,Saturday,27-12-25,37187,36,AL-ASIFA,DPL,25-12-25,,,48.83,Fill,MARINA C,B-28,LAYER-17,6,,,APPROVED AS NOTED,DONE,2,EIDG,2,
677,Saturday,27-12-25,37186,36,AL-ASIFA,DPL,25-12-25,,,54.63,Fill,MARINA C,B-27,LAYER-12,5,,,APPROVED AS NOTED,DONE,2,EIDG,2,
678,Saturday,27-12-25,37185,36,AHMED SAEED,DPL,25-12-25,,,48.33,Fill,MARINA C,B-22,LAYER-21,4,,,APPROVED AS NOTED,DONE,2,EIDG,2,
679,Saturday,27-12-25,37184,36,U-MARK,DPL,25-12-25,,,53.68,Fill,MARINA C,BH-4,LAYER-14,2,,,APPROVED AS NOTED,DONE,2,EIDG,2,
680,Saturday,27-12-25,37183,36,U-MARK,DPL,25-12-25,,,43.21,Fill,MARINA C,BH-11,LAYER-13,2,,,APPROVED AS NOTED,DONE,2,EIDG,2,
681,Saturday,27-12-25,37182,36,U-MARK,DPL,25-12-25,,,46.51,Fill,MARINA C,BH-12,LAYER-14,2,,,APPROVED AS NOTED,DONE,2,EIDG,2,
682,Saturday,27-12-25,37181,36,U-MARK,DPL,25-12-25,,,46.51,Fill,MARINA C,BH-13,LAYER-13,2,,,APPROVED AS NOTED,DONE,2,EIDG,2,
683,Sunday,28-12-25,37212,36,AHMED SAEED,PLATE LOAD,26-12-25,,,,Fill,MARINA C,B-22,28.3,1,,,APPROVED AS NOTED,DONE,6,CEDC,2,
684,Monday,29-12-25,37246,36,AL-ASIFA,DPL,27-12-25,,,47.49,Fill,MARINA C,B-27,LAYER-13,6,,,APPROVED AS NOTED,DONE,2,EIDG,2,
685,Monday,29-12-25,37247,36,AL-ASIFA,DPL,27-12-25,,,49.7,Fill,MARINA C,B-28,LAYER-18,8,,,APPROVED AS NOTED,DONE,2,EIDG,2,
686,Wednesday,31-12-25,37395,36,MOKHTAR ELSHENAWY,SOIL,19-12-25,A-2-4,16.50%,,Stockpile,MARINA C,,,1,Sieve + Proctoer ,,APPROVED AS NOTED,DONE,2,EIDG,12,
687,Tuesday,30-12-25,37252,36,U-MARK,DPL,28-12-25,,,44.88,Fill,MARINA C,BH-11,LAYER-14,2,,,APPROVED AS NOTED,DONE,2,EIDG,2,
688,Tuesday,30-12-25,37253,36,U-MARK,DPL,28-12-25,,,44.88,Fill,MARINA C,BH-12,LAYER-15,2,,,APPROVED AS NOTED,DONE,2,EIDG,2,
689,Tuesday,30-12-25,37271,36,U-MARK,DPL,28-12-25,,,50.17,Fill,MARINA C,BH-13,LAYER-16,2,,,APPROVED AS NOTED,DONE,2,EIDG,2,
690,Tuesday,30-12-25,37281,36,EL-THNAA,DPL,28-12-25,,,47.39,Fill,MARINA C,B-25,LAYER-9,4,,,APPROVED AS NOTED,DONE,2,EIDG,2,
691,Tuesday,30-12-25,37283,36,AL-ASIFA,DPL,28-12-25,,,47.13,Fill,MARINA C,B-27,LAYER-14,4,,,APPROVED AS NOTED,DONE,2,EIDG,2,
692,Tuesday,30-12-25,37284,36,AL-ASIFA,DPL,28-12-25,,,48.077,Fill,MARINA C,B-28,LAYER-19,5,,,APPROVED AS NOTED,DONE,2,EIDG,2,
693,Tuesday,30-12-25,37313,36,MOKHTAR ELSHENAWY,DPL,29-12-25,,,58.89,Fill,MARINA C,B-28,LAYER-9,4,,,APPROVED AS NOTED,DONE,2,EIDG,1,
694,Tuesday,30-12-25,37310,36,EL-THNAA,DPL,29-12-25,,,47.63,Fill,MARINA C,B-23,LAYER-4,6,,,APPROVED AS NOTED,DONE,2,EIDG,1,
695,Tuesday,30-12-25,37311,36,MOKHTAR ELSHENAWY,DPL,29-12-25,,,59.85,Fill,MARINA C,B-28,LAYER-8,4,,,APPROVED AS NOTED,DONE,2,EIDG,1,
696,Wednesday,31-12-25,37365,36,U-MARK,DPL,30-12-25,,,60.37,Fill,MARINA C,BH-11,LAYER-15,2,,,APPROVED AS NOTED,DONE,2,EIDG,1,
697,Wednesday,31-12-25,37364,36,U-MARK,DPL,30-12-25,,,66.35,Fill,MARINA C,BH-12,LAYER-16,2,,,APPROVED AS NOTED,DONE,2,EIDG,1,
698,Wednesday,31-12-25,37363,36,U-MARK,DPL,30-12-25,,,54.23,Fill,MARINA C,BH-13,LAYER-17,2,,,APPROVED AS NOTED,DONE,2,EIDG,1,
699,Wednesday,31-12-25,37362,36,EL-THNAA,DPL,30-12-25,,,44.72,Fill,MARINA C,B-23,LAYER-5,4,,,APPROVED AS NOTED,DONE,2,EIDG,1,
700,Wednesday,31-12-25,37361,36,EL-THNAA,DPL,30-12-25,,,50.48,Fill,MARINA C,B-25,LAYER-10,3,,,APPROVED AS NOTED,DONE,2,EIDG,1,
701,Wednesday,31-12-25,37360,36,AL-ASIFA,DPL,30-12-25,,,47.94,Fill,MARINA C,B-27,LAYER-15,5,,,APPROVED AS NOTED,DONE,2,EIDG,1,
702,Wednesday,31-12-25,37359,36,AL-ASIFA,DPL,30-12-25,,,54.717,Fill,MARINA C,B-28,LAYER-20,4,,,APPROVED AS NOTED,DONE,2,EIDG,1,
703,Wednesday,31-12-25,37358,36,MOKHTAR ELSHENAWY,DPL,30-12-25,,,45.54,Fill,MARINA C,B-28,LAYER-9,6,,,APPROVED AS NOTED,DONE,2,EIDG,1,
704,Wednesday,07-01-26,37708,36,AL-ASIFA,DPL,06-01-26,,,53.71,Fill,MARINA C,B-28,LAYER-23,12,,,APPROVED AS NOTED,DONE,2,EIDG,1,
705,Wednesday,07-01-26,37680,36,AHMED SAEED,DPL,06-01-26,,,49.47,Fill,MARINA C,B-31,LAYER-1,2,,,APPROVED AS NOTED,DONE,2,EIDG,1,
706,Wednesday,07-01-26,37681,36,AHMED SAEED,DPL,06-01-26,,,55.105,Fill,MARINA C,B-32,LAYER-1,8,,,APPROVED AS NOTED,DONE,2,EIDG,1,
707,Wednesday,07-01-26,37684,36,AL-ASIFA,DPL,06-01-26,,,56.311,Fill,MARINA C,B-27,LAYER-28,9,,,APPROVED AS NOTED,DONE,2,EIDG,1,
708,Wednesday,07-01-26,37709,36,MOKHTAR ELSHENAWY,DPL,06-01-26,,,51.79,Fill,MARINA C,B-30,LAYER-0,4,,,APPROVED AS NOTED,DONE,2,EIDG,1,
709,Wednesday,07-01-26,37660,36,AHMED SAEED,PLATE LOAD,05-01-26,,,,Fill,MARINA C,B-32,24.62,1,,,APPROVED AS NOTED,DONE,3,BONYAN MISR,2,
710,Wednesday,07-01-26,37693,36,MOKHTAR ELSHENAWY,DPL,06-01-26,,,56.41,Fill,MARINA C,B-30,LAYER-2,6,,,APPROVED AS NOTED,DONE,2,EIDG,1,
711,Wednesday,07-01-26,37661,36,MOKHTAR ELSHENAWY,PLATE LOAD,05-01-26,,,,Fill,MARINA C,B-28,24.3,1,,,APPROVED AS NOTED,DONE,3,BONYAN MISR,2,
712,Wednesday,07-01-26,37662,36,MOKHTAR ELSHENAWY,PLATE LOAD,05-01-26,,,,Fill,MARINA C,B-28,24.3,1,,,APPROVED AS NOTED,DONE,3,BONYAN MISR,2,
713,Wednesday,07-01-26,37701,36,MOKHTAR ELSHENAWY,DPL,06-01-26,,,51.72,Fill,MARINA C,B-30,LAYER-1,6,,,APPROVED AS NOTED,DONE,2,EIDG,1,
714,Monday,05-01-26,37638,36,MOKHTAR ELSHENAWY,DPL,05-01-26,,,48.53,Fill,MARINA C,B-28,LAYER-15,8,,,APPROVED AS NOTED,DONE,2,EIDG,0,
715,Monday,05-01-26,37637,36,EL-THNAA,DPL,05-01-26,,,51.75,Fill,MARINA C,B-25,LAYER-13,8,,,APPROVED AS NOTED,DONE,2,EIDG,0,
716,Sunday,04-01-26,37563,36,AL-ASIFA,DPL,03-01-26,,,53.51,Fill,MARINA C,B-28,LAYER-22,8,,,APPROVED AS NOTED,DONE,2,EIDG,1,
717,Sunday,04-01-26,37562,36,AL-ASIFA,DPL,03-01-26,,,52.085,Fill,MARINA C,B-27,LAYER-17,6,,,APPROVED AS NOTED,DONE,2,EIDG,1,
718,Sunday,04-01-26,37545,36,MOKHTAR ELSHENAWY,DPL,03-01-26,,,46.73,Fill,MARINA C,B-28,LAYER-13,6,,,APPROVED AS NOTED,DONE,2,EIDG,1,
719,Sunday,04-01-26,37544,36,EL-THNAA,DPL,03-01-26,,,54.662,Fill,MARINA C,B-25,LAYER-12,6,,,APPROVED AS NOTED,DONE,2,EIDG,1,
720,Sunday,04-01-26,37543,36,EL-THNAA,DPL,03-01-26,,,45.57,Fill,MARINA C,B-23,LAYER-6,10,,,APPROVED AS NOTED,DONE,2,EIDG,1,
721,Sunday,04-01-26,37481,36,MOKHTAR ELSHENAWY,DPL,02-01-26,,,51.9,Fill,MARINA C,B-28,LAYER-12,7,,,APPROVED AS NOTED,DONE,2,EIDG,2,
722,Saturday,03-01-26,37414,36,EL-THNAA,PLATE LOAD,30-12-25,,,,Fill,MARINA C,B-23,19.25,1,,,APPROVED AS NOTED,DONE,5,CEL,4,
723,Saturday,03-01-26,37413,36,EL-THNAA,PLATE LOAD,30-12-25,,,,Fill,MARINA C,B-23,19.25,1,,,APPROVED AS NOTED,DONE,5,CEL,4,
724,Saturday,03-01-26,37412,36,EL-THNAA,PLATE LOAD,30-12-25,,,,Fill,MARINA C,B-23,19.25,1,,,APPROVED AS NOTED,DONE,5,CEL,4,
725,Saturday,03-01-26,37472,36,EL-THNAA,DPL,01-01-26,,,38.314,Fill,MARINA C,B-23,LAYER-6,6,,,REVISE,DONE,2,EIDG,2,
726,Saturday,03-01-26,37465,36,U-MARK,DPL,01-01-26,,,86.41,Fill,MARINA C,B-12,LAYER-20,5,,,APPROVED AS NOTED,DONE,2,EIDG,2,
727,Saturday,03-01-26,37464,36,EL-THNAA,DPL,01-01-26,,,48.09,Fill,MARINA C,B-25,LAYER-11,3,,,APPROVED AS NOTED,DONE,2,EIDG,2,
728,Saturday,03-01-26,37463,36,AL-ASIFA,DPL,01-01-26,,,51.011,Fill,MARINA C,B-27,LAYER-16,5,,,APPROVED AS NOTED,DONE,2,EIDG,2,
729,Saturday,03-01-26,37462,36,AL-ASIFA,DPL,01-01-26,,,51.442,Fill,MARINA C,B-28,LAYER-21,3,,,APPROVED AS NOTED,DONE,2,EIDG,2,
730,Saturday,03-01-26,37461,36,MOKHTAR ELSHENAWY,DPL,01-01-26,,,51.37,Fill,MARINA C,B-28,LAYER-9,6,,,APPROVED AS NOTED,DONE,2,EIDG,2,
731,Saturday,03-01-26,37460,36,El-BATAL,DPL,28-12-25,,,62.318,Fill,MARINA C,BH-6,LAYER-17,3,,,APPROVED AS NOTED,DONE,2,EIDG,6,
732,Saturday,03-01-26,37459,36,El-BATAL,DPL,31-12-25,,,49.39,Fill,MARINA C,B-15,LAYER-21,4,,,APPROVED AS NOTED,DONE,2,EIDG,3,
733,Saturday,03-01-26,37458,36,El-BATAL,DPL,31-12-25,,,43.35,Fill,MARINA C,B-15,LAYER-21,3,,,APPROVED AS NOTED,DONE,2,EIDG,3,
734,Saturday,03-01-26,37457,36,El-BATAL,DPL,31-12-25,,,46.45,Fill,MARINA C,B-13,LAYER-21,3,,,APPROVED AS NOTED,DONE,2,EIDG,3,
735,Saturday,03-01-26,37456,36,El-BATAL,DPL,28-12-25,,,57.45,Fill,MARINA C,BH-5,LAYER-13,2,,,APPROVED AS NOTED,DONE,2,EIDG,6,
736,Saturday,03-01-26,37455,36,El-BATAL,DPL,28-12-25,,,51.134,Fill,MARINA C,BH-7,LAYER-18,2,,,APPROVED AS NOTED,DONE,2,EIDG,6,
737,Saturday,03-01-26,37454,36,MOKHTAR ELSHENAWY,DPL,31-12-25,,,47.403,Fill,MARINA C,B-28,LAYER-10,8,,,APPROVED AS NOTED,DONE,2,EIDG,3,
738,Saturday,03-01-26,37453,36,El-BATAL,DPL,31-12-25,,,52.83,Fill,MARINA C,BH-7,LAYER-21,2,,,APPROVED AS NOTED,DONE,2,EIDG,3,
739,Saturday,03-01-26,37429,36,El-BATAL,DPL,31-12-25,,,44.92,Fill,MARINA C,BH-7,LAYER-19,2,,,APPROVED AS NOTED,DONE,2,EIDG,3,
740,Saturday,03-01-26,37428,36,El-BATAL,DPL,31-12-25,,,59.44,Fill,MARINA C,BH-6,LAYER-18,2,,,APPROVED AS NOTED,DONE,2,EIDG,3,
741,Saturday,03-01-26,37427,36,El-BATAL,DPL,31-12-25,,,47.51,Fill,MARINA C,BH-5,LAYER-14,2,,,APPROVED AS NOTED,DONE,2,EIDG,3,
742,Monday,05-01-26,37612,36,MOKHTAR ELSHENAWY,SOIL,14-12-25,A-4,40.60%,,Bottom of excavation,MARINA C,B-28,,1,Sieve analysis,,APPROVED AS NOTED,DONE,2,EIDG,22,
743,Monday,05-01-26,37604,36,AL-ASIFA,SOIL,13-12-25,A-2-4,14.90%,,Stockpile,MARINA C,,,1,Sieve + Proctoer ,,APPROVED AS NOTED,DONE,3,EIDG,23,
744,Monday,05-01-26,37603,36,AL-ASIFA,SOIL,13-12-25,A-2-4,15.10%,,Stockpile,MARINA C,,,1,Sieve + Proctoer ,,APPROVED AS NOTED,DONE,3,EIDG,23,
745,Monday,05-01-26,37602,36,AL-ASIFA,SOIL,13-12-25,A-2-4,14.60%,,Stockpile,MARINA C,,,1,Sieve + Proctoer ,,APPROVED AS NOTED,DONE,3,EIDG,23,
746,Monday,05-01-26,37601,36,EL-THNAA,SOIL,05-12-25,A-4,46.80%,,Bottom of excavation,MARINA C,B-23,,1,Sieve analysis,,APPROVED AS NOTED,DONE,3,EIDG,31,
747,Monday,05-01-26,37588,36,AL-ASIFA,SOIL,06-12-25,A-2-4,24.20%,,Bottom of excavation,MARINA C,B-27,,1,Sieve analysis,,APPROVED AS NOTED,DONE,3,EIDG,30,
748,Monday,05-01-26,37567,36,MOKHTAR ELSHENAWY,DPL,04-01-26,,,52.69,Fill,MARINA C,B-28,LAYER-14,6,,,APPROVED AS NOTED,DONE,2,EIDG,1,
749,Monday,05-01-26,37575,36,EL-THNAA,DPL,04-01-26,,,57.711,Fill,MARINA C,B-23,LAYER-7,11,,,APPROVED AS NOTED,DONE,2,EIDG,1,
750,Sunday,04-01-26,37507,36,MOKHTAR ELSHENAWY,PLATE LOAD,31-12-25,,,,Fill,MARINA C,B-28,20.85,1,,,APPROVED AS NOTED,DONE,3,BONYAN MISR,4,
751,Sunday,04-01-26,37515,36,MOKHTAR ELSHENAWY,PLATE LOAD,31-12-25,,,,Fill,MARINA C,B-28,21.8,1,,,APPROVED AS NOTED,DONE,3,BONYAN MISR,4,
752,Sunday,04-01-26,37524,36,MOKHTAR ELSHENAWY,PLATE LOAD,31-12-25,,,,Fill,MARINA C,B-28,21.8,1,,,APPROVED AS NOTED,DONE,6,CEDC,4,
753,Sunday,04-01-26,37525,36,MOKHTAR ELSHENAWY,PLATE LOAD,31-12-25,,,,Fill,MARINA C,B-28,21.8,1,,,APPROVED AS NOTED,DONE,6,CEDC,4,
754,Saturday,10-01-26,37800,36,EL-THNAA,DPL,09-01-26,,,48.89,Fill,MARINA C,B-25,LAYER-14,5,,,APPROVED AS NOTED,DONE,2,EIDG,1,
755,Saturday,10-01-26,37798,36,AHMED SAEED,DPL,09-01-26,,,51.76,Fill,MARINA C,B-32,LAYER-1,4,,,APPROVED AS NOTED,DONE,2,EIDG,1,
756,Saturday,10-01-26,37789,36,AHMED SAEED,DPL,09-01-26,,,44.7,Fill,MARINA C,B-31,LAYER-4,4,,,APPROVED AS NOTED,DONE,2,EIDG,1,
757,Saturday,10-01-26,37788,36,MOKHTAR ELSHENAWY,DPL,09-01-26,,,45.78,Fill,MARINA C,B-30,LAYER-5,6,,,APPROVED AS NOTED,DONE,2,EIDG,1,
758,Saturday,10-01-26,37732,36,AHMED SAEED,DPL,08-01-26,,,57.12,Fill,MARINA C,B-31,LAYER-2,2,,,APPROVED AS NOTED,DONE,2,EIDG,2,
759,Saturday,10-01-26,37751,36,AHMED SAEED,DPL,08-01-26,,,54.116,Fill,MARINA C,B-31,LAYER-3,5,,,APPROVED AS NOTED,DONE,2,EIDG,2,
760,Saturday,10-01-26,37747,36,MOKHTAR ELSHENAWY,DPL,08-01-26,,,59.303,Fill,MARINA C,B-30,LAYER-17,3,,,APPROVED AS NOTED,DONE,2,EIDG,2,
761,Saturday,10-01-26,37746,36,MOKHTAR ELSHENAWY,DPL,08-01-26,,,53.83,Fill,MARINA C,B-28,LAYER-17,3,,,APPROVED AS NOTED,DONE,2,EIDG,2,
762,Saturday,10-01-26,37745,36,AHMED SAEED,DPL,08-01-26,,,57.12,Fill,MARINA C,B-32,LAYER-2,2,,,APPROVED AS NOTED,DONE,2,EIDG,2,
763,Saturday,10-01-26,37729,36,AHMED SAEED,DPL,07-01-26,,,50.75,Fill,MARINA C,B-31,LAYER-2,7,,,APPROVED AS NOTED,DONE,2,EIDG,3,
764,Saturday,10-01-26,37728,36,MOKHTAR ELSHENAWY,DPL,07-01-26,,,45.61,Fill,MARINA C,B-30,LAYER-3,4,,,APPROVED AS NOTED,DONE,2,EIDG,3,
765,Saturday,10-01-26,37727,36,MOKHTAR ELSHENAWY,DPL,07-01-26,,,48.83,Fill,MARINA C,B-28,LAYER-16,7,,,APPROVED AS NOTED,DONE,2,EIDG,3,
766,Tuesday,13-01-26,37920,36,EL-THNAA,SOIL,07-01-26,A-2-4,20.20%,,Stockpile,MARINA C,,,1,Sieve + Proctoer ,,APPROVED AS NOTED,DONE,3,EIDG,6,
767,Tuesday,13-01-26,37918,36,EL-THNAA,SOIL,07-01-26,A-2-4,17.20%,,Stockpile,MARINA C,,,1,Sieve + Proctoer ,,APPROVED AS NOTED,DONE,3,EIDG,6,
768,Tuesday,13-01-26,37955,36,AHMED SAEED,SOIL,06-01-26,A-2-4,16.40%,,Stockpile,MARINA C,,,1,Sieve + Proctoer ,,APPROVED AS NOTED,DONE,3,EIDG,7,
769,Tuesday,13-01-26,37940,36,EL-THNAA,SOIL,07-01-26,A-2-4,21.60%,,Stockpile,MARINA C,,,1,Sieve + Proctoer ,,APPROVED AS NOTED,DONE,2,EIDG,6,
770,Tuesday,13-01-26,37928,36,MOKHTAR ELSHENAWY,SOIL,04-01-26,A-3,1.60%,,Bottom of excavation,MARINA C,B-30,,1,Sieve + Proctoer ,,APPROVED AS NOTED,DONE,3,EIDG,9,
771,Tuesday,13-01-26,37900,36,MOKHTAR ELSHENAWY,DPL,12-01-26,,,42.5,Fill,MARINA C,B-30,LAYER-8,4,,,APPROVED AS NOTED,DONE,2,EIDG,1,
772,Tuesday,13-01-26,37909,36,EL-THNAA,DPL,12-01-26,,,48.97,Fill,MARINA C,B-23,LAYER-9,3,,,APPROVED AS NOTED,DONE,2,EIDG,1,
773,Tuesday,13-01-26,37910,36,AHMED SAEED,DPL,12-01-26,,,46.11,Fill,MARINA C,B-32,LAYER-4,2,,,APPROVED AS NOTED,DONE,2,EIDG,1,
774,Tuesday,13-01-26,37896,36,EL-THNAA,PLATE LOAD,11-01-26,,,,Fill,MARINA C,B-35,26.5,1,,,APPROVED AS NOTED,DONE,3,BONYAN MISR,2,
775,Monday,12-01-26,37866,36,AHMED SAEED,DPL,11-01-26,,,45.62,Fill,MARINA C,B-31,LAYER-6,5,,,APPROVED AS NOTED,DONE,2,EIDG,1,
776,Monday,12-01-26,37862,36,AHMED SAEED,DPL,11-01-26,,,44.069,Fill,MARINA C,B-32,LAYER-3,3,,,APPROVED AS NOTED,DONE,2,EIDG,1,
777,Monday,12-01-26,37861,36,MOKHTAR ELSHENAWY,DPL,11-01-26,,,51.266,Fill,MARINA C,B-28,LAYER-19,5,,,APPROVED AS NOTED,DONE,2,EIDG,1,
778,Monday,12-01-26,37892,36,MOKHTAR ELSHENAWY,DPL,11-01-26,,,47.66,Fill,MARINA C,B-30,LAYER-7,5,,,APPROVED AS NOTED,DONE,2,EIDG,1,
779,Monday,12-01-26,37870,36,EL-THNAA,DPL,11-01-26,,,49.74,Fill,MARINA C,B-25,LAYER-15,8,,,APPROVED AS NOTED,DONE,2,EIDG,1,
780,Monday,12-01-26,37831,36,AHMED SAEED,DPL,10-01-26,,,47.227,Fill,MARINA C,B-32,LAYER-2,3,,,APPROVED AS NOTED,DONE,2,EIDG,2,
781,Monday,12-01-26,37812,36,MOKHTAR ELSHENAWY,DPL,10-01-26,,,53.85,Fill,MARINA C,B-30,LAYER-6,2,,,APPROVED AS NOTED,DONE,2,EIDG,2,
782,Monday,12-01-26,37811,36,MOKHTAR ELSHENAWY,DPL,10-01-26,,,46.14,Fill,MARINA C,B-28,LAYER-18,3,,,APPROVED AS NOTED,DONE,2,EIDG,2,
783,Monday,12-01-26,37803,36,EL-THNAA,DPL,10-01-26,,,51.619,Fill,MARINA C,B-23,LAYER-5,11,,,APPROVED AS NOTED,DONE,2,EIDG,2,
784,Monday,12-01-26,37802,36,AHMED SAEED,DPL,10-01-26,,,50.42,Fill,MARINA C,B-31,LAYER-5,2,,,APPROVED AS NOTED,DONE,2,EIDG,2,
785,Monday,12-01-26,37845,36,MOKHTAR ELSHENAWY,PLATE LOAD,09-01-26,,,,Fill,MARINA C,B-30,23.2,1,,,APPROVED AS NOTED,DONE,6,CEDC,3,
786,Monday,12-01-26,37846,36,AHMED SAEED,PLATE LOAD,09-01-26,,,,Fill,MARINA C,B-31,19.7,1,,,APPROVED AS NOTED,DONE,6,CEDC,3,
787,Monday,12-01-26,37860,36,AHMED SAEED,PLATE LOAD,09-01-26,,,,Fill,MARINA C,B-31,34.25,1,,,APPROVED AS NOTED,DONE,3,BONYAN MISR,3,
788,Thursday,15-01-26,37988,36,EL-THNAA,DPL,13-01-26,,,47.07,Fill,MARINA C,B-23,LAYER-5,3,,,APPROVED AS NOTED,DONE,2,EIDG,2,
789,Thursday,15-01-26,37987,36,MOKHTAR ELSHENAWY,DPL,13-01-26,,,44.32,Fill,MARINA C,B-30,LAYER-9,3,,,APPROVED AS NOTED,DONE,2,EIDG,2,
790,Thursday,15-01-26,37986,36,MOKHTAR ELSHENAWY,DPL,13-01-26,,,44.77,Fill,MARINA C,B-28,LAYER-20,3,,,APPROVED AS NOTED,DONE,2,EIDG,2,
791,Thursday,15-01-26,37985,36,AHMED SAEED,DPL,13-01-26,,,47.85,Fill,MARINA C,B-32,LAYER-5,3,,,APPROVED AS NOTED,DONE,2,EIDG,2,
792,Thursday,15-01-26,37984,36,AHMED SAEED,DPL,13-01-26,,,46.69,Fill,MARINA C,B-31,LAYER-7,3,,,APPROVED AS NOTED,DONE,2,EIDG,2,
793,Sunday,18-01-26,55033,36,AHMED SAEED,DPL,16-01-26,,,45.58,Fill,MARINA C,B-31,LAYER-10,4,,,APPROVED AS NOTED,DONE,2,EIDG,2,
794,Sunday,18-01-26,55034,36,MOKHTAR ELSHENAWY,DPL,16-01-26,,,53.77,Fill,MARINA C,B-30,LAYER-12,6,,,APPROVED AS NOTED,DONE,2,EIDG,2,
795,Sunday,18-01-26,55035,36,AHMED SAEED,DPL,15-01-26,,,51.544,Fill,MARINA C,B-31,LAYER-9,3,,,APPROVED AS NOTED,DONE,2,EIDG,3,
796,Sunday,18-01-26,55036,36,MOKHTAR ELSHENAWY,DPL,15-01-26,,,42.984,Fill,MARINA C,B-28,LAYER-22,4,,,APPROVED AS NOTED,DONE,2,EIDG,3,
797,Sunday,18-01-26,55037,36,AHMED SAEED,DPL,15-01-26,,,57.76,Fill,MARINA C,B-32,LAYER-22,3,,,APPROVED AS NOTED,DONE,2,EIDG,3,
798,Sunday,18-01-26,55039,36,AHMED SAEED,DPL,14-01-26,,,52.01,Fill,MARINA C,B-31,LAYER-8,3,,,APPROVED AS NOTED,DONE,2,EIDG,4,
799,Sunday,18-01-26,55038,36,MOKHTAR ELSHENAWY,DPL,15-01-26,,,52.078,Fill,MARINA C,B-30,LAYER-11,5,,,APPROVED AS NOTED,DONE,2,EIDG,3,
800,Sunday,18-01-26,55040,36,AHMED SAEED,DPL,15-01-26,,,51.54,Fill,MARINA C,B-31,LAYER-9,3,,,APPROVED AS NOTED,DONE,2,EIDG,3,
801,Sunday,18-01-26,55041,36,AHMED SAEED,DPL,14-01-26,,,49.98,Fill,MARINA C,B-32,LAYER-5,2,,,APPROVED AS NOTED,DONE,2,EIDG,4,
802,Sunday,18-01-26,55042,36,MOKHTAR ELSHENAWY,DPL,14-01-26,,,48.312,Fill,MARINA C,B-28,LAYER-21,6,,,APPROVED AS NOTED,DONE,2,EIDG,4,
803,Sunday,18-01-26,55043,36,MOKHTAR ELSHENAWY,DPL,14-01-26,,,45.42,Fill,MARINA C,B-30,LAYER-10,4,,,APPROVED AS NOTED,DONE,2,EIDG,4,
804,Sunday,18-01-26,55155,36,MOKHTAR ELSHENAWY,DPL,18-01-26,,,45.32,Fill,MARINA C,B-30,LAYER-14,3,,,APPROVED AS NOTED,DONE,2,EIDG,0,
805,Sunday,18-01-26,55140,36,AHMED SAEED,DPL,18-01-26,,,52.167,Fill,MARINA C,B-32,LAYER-9,4,,,APPROVED AS NOTED,DONE,2,EIDG,0,
806,Sunday,18-01-26,55153,36,AHMED SAEED,DPL,18-01-26,,,55.39,Fill,MARINA C,B-31,LAYER-12,4,,,APPROVED AS NOTED,DONE,2,EIDG,0,
807,Sunday,18-01-26,55152,36,EL-THNAA,DPL,18-01-26,,,47.57,Fill,MARINA C,B-25,LAYER-17,4,,,APPROVED AS NOTED,DONE,2,EIDG,0,
808,Sunday,18-01-26,55054,36,MOKHTAR ELSHENAWY,PLATE LOAD,13-01-26,,,,Fill,MARINA C,B-28,26.8,1,,,APPROVED AS NOTED,DONE,6,CEDC,5,
809,Sunday,18-01-26,55053,36,MOKHTAR ELSHENAWY,PLATE LOAD,13-01-26,,,,Fill,MARINA C,B-28,26.8,1,,,APPROVED AS NOTED,DONE,6,CEDC,5,
810,Wednesday,21-01-26,55267,36,MOKHTAR ELSHENAWY,DPL,20-01-26,,,49.97,Fill,MARINA C,B-30,LAYER-16,6,,,APPROVED AS NOTED,DONE,2,EIDG,1,
811,Wednesday,21-01-26,55268,36,AHMED SAEED,DPL,20-01-26,,,47.23,Fill,MARINA C,B-32,LAYER-11,6,,,APPROVED AS NOTED,DONE,2,EIDG,1,
812,Saturday,24-01-26,55338,36,AHMED SAEED,DPL,21-01-26,,,50.85,Fill,MARINA C,B-31,LAYER-15,4,,,APPROVED AS NOTED,DONE,2,EIDG,3,
813,Saturday,24-01-26,55335,36,AHMED SAEED,DPL,21-01-26,,,45.46,Fill,MARINA C,B-31,LAYER-14,3,,,APPROVED AS NOTED,DONE,2,EIDG,3,
814,Saturday,24-01-26,55336,36,MOKHTAR ELSHENAWY,DPL,21-01-26,,,35.95,Fill,MARINA C,B-35,LAYER-0,2,,,REVISE,DONE,2,EIDG,3,
815,Saturday,24-01-26,55337,36,MOKHTAR ELSHENAWY,DPL,21-01-26,,,39.27,Fill,MARINA C,B-33,LAYER-0,2,,,REVISE,DONE,2,EIDG,3,
816,Saturday,24-01-26,55301,36,AHMED SAEED,DPL,22-01-26,,,47.39,Fill,MARINA C,B-31,LAYER-15,4,,,APPROVED AS NOTED,DONE,2,EIDG,2,
817,Saturday,24-01-26,55302,36,MOKHTAR ELSHENAWY,DPL,22-01-26,,,49.02,Fill,MARINA C,B-36,LAYER-1,2,,,APPROVED AS NOTED,DONE,2,EIDG,2,
818,Saturday,24-01-26,55303,36,AHMED SAEED,DPL,22-01-26,,,48.57,Fill,MARINA C,B-32,LAYER-13,5,,,APPROVED AS NOTED,DONE,2,EIDG,2,
819,Saturday,24-01-26,55304,36,MOKHTAR ELSHENAWY,DPL,22-01-26,,,47.25,Fill,MARINA C,B-36,LAYER-1,4,,,APPROVED AS NOTED,DONE,2,EIDG,2,
820,Saturday,24-01-26,55305,36,MOKHTAR ELSHENAWY,DPL,22-01-26,,,50.98,Fill,MARINA C,B-36,LAYER-0,3,,,APPROVED AS NOTED,DONE,2,EIDG,2,
821,Saturday,24-01-26,55306,36,EL-THNAA,DPL,22-01-26,,,56.95,Fill,MARINA C,B-25,LAYER-18,9,,,APPROVED AS NOTED,DONE,2,EIDG,2,
822,Saturday,24-01-26,55339,36,AHMED SAEED,DPL,21-01-26,,,51.19,Fill,MARINA C,B-32,LAYER-12,4,,,APPROVED AS NOTED,DONE,2,EIDG,3,
823,Sunday,25-01-26,55346,36,AHMED SAEED,DPL,23-01-26,,,46.89,Fill,MARINA C,B-32,LAYER-14,4,,,APPROVED AS NOTED,DONE,2,EIDG,2,
824,Sunday,25-01-26,55347,36,MOKHTAR ELSHENAWY,DPL,23-01-26,,,46.65,Fill,MARINA C,B-34,LAYER-0,4,,,APPROVED AS NOTED,DONE,2,EIDG,2,
825,Sunday,25-01-26,55348,36,AHMED SAEED,DPL,23-01-26,,,48.037,Fill,MARINA C,B-31,LAYER-16,4,,,APPROVED AS NOTED,DONE,2,EIDG,2,
826,Sunday,25-01-26,55349,36,MOKHTAR ELSHENAWY,DPL,23-01-26,,,46.89,Fill,MARINA C,B-36,LAYER-2,4,,,APPROVED AS NOTED,DONE,2,EIDG,2,
827,Monday,19-01-26,55164,36,EL-THNAA,PLATE LOAD,18-01-26,,,,Fill,MARINA C,BH-23,21.75,1,,,APPROVED AS NOTED,DONE,3,BONYAN MISR,1,
828,Monday,19-01-26,55163,36,EL-THNAA,PLATE LOAD,18-01-26,,,,Fill,MARINA C,BH-23,21.75,1,,,APPROVED AS NOTED,DONE,3,BONYAN MISR,1,
829,Tuesday,20-01-26,55192,36,MOKHTAR ELSHENAWY,DPL,19-01-26,,,43.73,Fill,MARINA C,B-32,LAYER-10,2,,,APPROVED AS NOTED,DONE,2,EIDG,1,
830,Tuesday,20-01-26,55191,36,EL-THNAA,DPL,19-01-26,,,45.86,Fill,MARINA C,B-23,LAYER-11,4,,,APPROVED AS NOTED,DONE,2,EIDG,1,
831,Tuesday,20-01-26,55190,36,AHMED SAEED,DPL,19-01-26,,,45.38,Fill,MARINA C,B-31,LAYER-13,4,,,APPROVED AS NOTED,DONE,2,EIDG,1,
832,Tuesday,20-01-26,55189,36,AHMED SAEED,DPL,19-01-26,,,43.15,Fill,MARINA C,B-30,LAYER-15,3,,,APPROVED AS NOTED,DONE,2,EIDG,1,
833,Sunday,18-01-26,55097,36,AHMED SAEED,PLATE LOAD,13-01-26,,,,Fill,MARINA C,B-32,23.3,1,,,APPROVED AS NOTED,DONE,3,BONYAN MISR,5,
834,Sunday,18-01-26,55099,36,U-MARK,PLATE LOAD,16-01-26,,,,Fill,MARINA C,B-12,28.3,1,,,APPROVED AS NOTED,DONE,3,BONYAN MISR,2,
835,Sunday,18-01-26,55100,36,AHMED SAEED,PLATE LOAD,16-01-26,,,,Fill,MARINA C,B-31,22.4,1,,,APPROVED AS NOTED,DONE,3,BONYAN MISR,2,
836,Sunday,18-01-26,55125,36,EL-THNAA,DPL,17-01-26,,,,Fill,MARINA C,B-23,LAYER-10,4,,,APPROVED AS NOTED,DONE,2,EIDG,1,
837,Sunday,18-01-26,55127,36,AHMED SAEED,DPL,17-01-26,,,47.78,Fill,MARINA C,B-32,LAYER-8,4,,,APPROVED AS NOTED,DONE,2,EIDG,1,
838,Sunday,18-01-26,55126,36,MOKHTAR ELSHENAWY,DPL,17-01-26,,,46.16,Fill,MARINA C,B-30,LAYER-13,6,,,APPROVED AS NOTED,DONE,2,EIDG,1,
839,Sunday,18-01-26,55128,36,AHMED SAEED,DPL,17-01-26,,,49.36,Fill,MARINA C,B-31,LAYER-11,3,,,REVISE,DONE,2,EIDG,1,
840,Monday,26-01-26,55350,36,MOKHTAR ELSHENAWY,DPL,24-01-26,,,53.87,Fill,MARINA C,B-33,LAYER-2,2,,,APPROVED AS NOTED,DONE,2,EIDG,2,
841,Monday,26-01-26,55358,36,MOKHTAR ELSHENAWY,DPL,24-01-26,,,48.54,Fill,MARINA C,B-34,LAYER-2,2,,,APPROVED AS NOTED,DONE,2,EIDG,2,
842,Monday,26-01-26,55364,36,MOKHTAR ELSHENAWY,DPL,24-01-26,,,45.21,Fill,MARINA C,B-35,LAYER-1,3,,,APPROVED AS NOTED,DONE,2,EIDG,2,
843,Monday,26-01-26,55366,36,AHMED SAEED,DPL,24-01-26,,,46.07,Fill,MARINA C,B-31,LAYER-17,4,,,APPROVED AS NOTED,DONE,2,EIDG,2,
844,Monday,26-01-26,55378,36,MOKHTAR ELSHENAWY,DPL,24-01-26,,,53.302,Fill,MARINA C,B-34,LAYER-1,4,,,APPROVED AS NOTED,DONE,2,EIDG,2,
845,Monday,26-01-26,55400,36,AHMED SAEED,DPL,25-01-26,,,44.79,Fill,MARINA C,B-31,LAYER-19,2,,,APPROVED AS NOTED,DONE,2,EIDG,1,
846,Monday,26-01-26,55379,36,AHMED SAEED,DPL,25-01-26,,,53.13,Fill,MARINA C,B-32,LAYER-15,4,,,APPROVED AS NOTED,DONE,2,EIDG,1,
847,Monday,26-01-26,55380,36,MOKHTAR ELSHENAWY,DPL,25-01-26,,,44.96,Fill,MARINA C,B-36,LAYER-4,4,,,APPROVED AS NOTED,DONE,2,EIDG,1,
848,Monday,26-01-26,55382,36,MOKHTAR ELSHENAWY,DPL,24-01-26,,,47.13,Fill,MARINA C,B-36,LAYER-2,3,,,APPROVED AS NOTED,DONE,2,EIDG,2,
849,Monday,26-01-26,55383,36,MOKHTAR ELSHENAWY,DPL,24-01-26,,,42.77,Fill,MARINA C,B-36,LAYER-3,4,,,APPROVED AS NOTED,DONE,2,EIDG,2,
850,Monday,26-01-26,55390,36,MOKHTAR ELSHENAWY,DPL,25-01-26,,,44.71,Fill,MARINA C,B-36,LAYER-3,2,,,APPROVED AS NOTED,DONE,2,EIDG,1,
851,Monday,26-01-26,55391,36,MOKHTAR ELSHENAWY,DPL,25-01-26,,,42.18,Fill,MARINA C,B-34,LAYER-3,3,,,APPROVED AS NOTED,DONE,2,EIDG,1,
852,Monday,26-01-26,55392,36,AHMED SAEED,DPL,25-01-26,,,57.64,Fill,MARINA C,B-31,LAYER-18,2,,,APPROVED AS NOTED,DONE,2,EIDG,1,
853,Tuesday,27-01-26,55420,36,AHMED SAEED,DPL,26-01-26,,,46.46,Fill,MARINA C,B-31,LAYER-20,3,,,APPROVED AS NOTED,DONE,2,EIDG,1,
854,Tuesday,27-01-26,55425,36,MOKHTAR ELSHENAWY,DPL,26-01-26,,,45.72,Fill,MARINA C,B-35,LAYER-2,2,,,APPROVED AS NOTED,DONE,2,EIDG,1,
855,Tuesday,27-01-26,55422,36,MOKHTAR ELSHENAWY,DPL,26-01-26,,,46.709,Fill,MARINA C,B-33,LAYER-3,2,,,APPROVED AS NOTED,DONE,2,EIDG,1,
856,Tuesday,27-01-26,55421,36,MOKHTAR ELSHENAWY,DPL,26-01-26,,,43.66,Fill,MARINA C,B-34,LAYER-4,2,,,APPROVED AS NOTED,DONE,2,EIDG,1,
857,Tuesday,27-01-26,55440,36,EL-THNAA,DPL,26-01-26,,,51.12,Fill,MARINA C,B-23,LAYER-12,4,,,APPROVED AS NOTED,DONE,2,EIDG,1,
858,Tuesday,27-01-26,55436,36,EL-THNAA,DPL,26-01-26,,,44.91,Fill,MARINA C,B-25,LAYER-19,4,,,APPROVED AS NOTED,DONE,2,EIDG,1,
859,Tuesday,27-01-26,55488,36,AHMED SAEED,PLATE LOAD,26-01-26,,,,Fill,MARINA C,B-31,27.4,1,,,REVISE,DONE,5,EIDG,1,
860,Tuesday,27-01-26,55454,36,AHMED SAEED,PLATE LOAD,22-01-26,,,,Fill,MARINA C,B-31,24.9,1,,,APPROVED AS NOTED,DONE,5,EIDG,5,
861,Saturday,31-01-26,55561,36,MOKHTAR ELSHENAWY,DPL,29-01-26,,,53.6,Fill,MARINA C,B-36,LAYER-2,4,,,APPROVED AS NOTED,DONE,2,EIDG,2,
862,Saturday,31-01-26,55564,36,MOKHTAR ELSHENAWY,DPL,27-01-26,,,45.77,Fill,MARINA C,B-36,LAYER-1,4,,,APPROVED AS NOTED,DONE,2,EIDG,4,
863,Saturday,31-01-26,55560,36,AHMED SAEED,DPL,29-01-26,,,51.097,Fill,MARINA C,B-31,LAYER-21,4,,,APPROVED AS NOTED,DONE,2,EIDG,2,
864,Saturday,31-01-26,55565,36,AHMED SAEED,DPL,27-01-26,,,46.73,Fill,MARINA C,B-23,LAYER-13,6,,,APPROVED AS NOTED,DONE,2,EIDG,4,
865,Saturday,31-01-26,55582,36,AHMED SAEED,DPL,30-01-26,,,56.68,Fill,MARINA C,B-23,LAYER-14,3,,,APPROVED AS NOTED,DONE,2,EIDG,1,
866,Saturday,31-01-26,55567,36,MOKHTAR ELSHENAWY,DPL,27-01-26,,,42.04,Fill,MARINA C,B-33,LAYER-4,3,,,APPROVED AS NOTED,DONE,2,EIDG,4,
867,Saturday,31-01-26,55584,36,MOKHTAR ELSHENAWY,DPL,30-01-26,,,47.38,Fill,MARINA C,B-33,LAYER-5,3,,,APPROVED AS NOTED,DONE,2,EIDG,1,
868,Saturday,31-01-26,55562,36,MOKHTAR ELSHENAWY,DPL,29-01-26,,,49.78,Fill,MARINA C,B-34,LAYER-3,4,,,APPROVED AS NOTED,DONE,2,EIDG,2,
869,Saturday,31-01-26,55563,36,MOKHTAR ELSHENAWY,DPL,27-01-26,,,46.601,Fill,MARINA C,B-34,LAYER-1,3,,,APPROVED AS NOTED,DONE,2,EIDG,4,
870,Saturday,31-01-26,55566,36,MOKHTAR ELSHENAWY,DPL,27-01-26,,,49.64,Fill,MARINA C,B-35,LAYER-3,2,,,APPROVED AS NOTED,DONE,2,EIDG,4,
871,Saturday,31-01-26,55583,36,MOKHTAR ELSHENAWY,DPL,30-01-26,,,51.64,Fill,MARINA C,B-35,LAYER-4,2,,,APPROVED AS NOTED,DONE,2,EIDG,1,
872,Monday,02-02-26,55615,36,MOKHTAR ELSHENAWY,DPL,31-01-26,,,46.56,Fill,MARINA C,B-36,LAYER-3,5,,,APPROVED AS NOTED,DONE,2,EIDG,2,
873,Monday,02-02-26,55614,36,MOKHTAR ELSHENAWY,DPL,31-01-26,,,52.23,Fill,MARINA C,B-34,LAYER-4,2,,,APPROVED AS NOTED,DONE,2,EIDG,2,
874,Monday,02-02-26,55611,36,AHMED SAEED,DPL,31-01-26,,,53.18,Fill,MARINA C,B-23,LAYER-14,3,,,APPROVED AS NOTED,DONE,2,EIDG,2,
875,Monday,02-02-26,55630,36,AHMED SAEED,DPL,01-02-26,,,45.55,Fill,MARINA C,B-23,LAYER-15,2,,,APPROVED AS NOTED,DONE,2,EIDG,1,
876,Monday,02-02-26,55646,36,MOKHTAR ELSHENAWY,DPL,02-02-26,,,50.39,Fill,MARINA C,B-36,LAYER-4,3,,,APPROVED AS NOTED,DONE,2,EIDG,0,
877,Monday,02-02-26,55648,36,AHMED SAEED,DPL,02-02-26,,,50.25,Fill,MARINA C,B-23,LAYER-16,5,,,APPROVED AS NOTED,DONE,2,EIDG,0,
878,Thursday,05-02-26,55740,36,MOKHTAR ELSHENAWY,DPL,04-02-26,,,44.212,Fill,MARINA C,B-33,LAYER-7,2,,,APPROVED AS NOTED,DONE,2,EIDG,1,
879,Thursday,05-02-26,55739,36,MOKHTAR ELSHENAWY,DPL,04-02-26,,,43.802,Fill,MARINA C,B-35,LAYER-6,2,,,APPROVED AS NOTED,DONE,2,EIDG,1,
880,Thursday,05-02-26,55738,36,AHMED SAEED,DPL,04-02-26,,,45.61,Fill,MARINA C,B-23,LAYER-18,7,,,APPROVED AS NOTED,DONE,2,EIDG,1,
881,Thursday,05-02-26,55737,36,MOKHTAR ELSHENAWY,DPL,04-02-26,,,51.75,Fill,MARINA C,B-34,LAYER-8,3,,,APPROVED AS NOTED,DONE,2,EIDG,1,
882,Thursday,05-02-26,55736,36,MOKHTAR ELSHENAWY,DPL,04-02-26,,,39.9,Fill,MARINA C,B-36,LAYER-6,3,,,REVISE,DONE,2,EIDG,1,
883,Saturday,07-02-26,55952,36,MOKHTAR ELSHENAWY,PLATE LOAD,02-02-26,,,,Fill,MARINA C,B-35,23.2,1,,,APPROVED AS NOTED,DONE,5,EIDG,5,
884,Saturday,07-02-26,55951,36,AHMED SAEED,PLATE LOAD,28-01-26,,,,Fill,MARINA C,B-31,27.4,1,,,APPROVED AS NOTED,DONE,5,EIDG,10,
885,Saturday,07-02-26,55930,36,MOKHTAR ELSHENAWY,DPL,05-02-26,,,48.39,Fill,MARINA C,B-33,LAYER-8,2,,,APPROVED AS NOTED,DONE,2,EIDG,2,
886,Saturday,07-02-26,55929,36,AHMED SAEED,DPL,05-02-26,,,46.63,Fill,MARINA C,B-23,LAYER-19,3,,,APPROVED AS NOTED,DONE,2,EIDG,2,
887,Saturday,07-02-26,55928,36,MOKHTAR ELSHENAWY,DPL,05-02-26,,,52.57,Fill,MARINA C,B-34,LAYER-9,2,,,APPROVED AS NOTED,DONE,2,EIDG,2,
888,Saturday,07-02-26,55927,36,MOKHTAR ELSHENAWY,DPL,05-02-26,,,59.82,Fill,MARINA C,B-35,LAYER-7,2,,,APPROVED AS NOTED,DONE,2,EIDG,2,
889,Saturday,07-02-26,55926,36,MOKHTAR ELSHENAWY,DPL,05-02-26,,,66.57,Fill,MARINA C,B-36,LAYER-6,2,,,APPROVED AS NOTED,DONE,2,EIDG,2,
890,Saturday,07-02-26,55925,36,MOKHTAR ELSHENAWY,DPL,05-02-26,,,39.5,Fill,MARINA C,B-34,LAYER-9,3,,,REVISE,DONE,2,EIDG,2,
891,Saturday,07-02-26,55924,36,MOKHTAR ELSHENAWY,DPL,05-02-26,,,36.32,Fill,MARINA C,B-35,LAYER-7,3,,,REVISE,DONE,2,EIDG,2,
892,Saturday,07-02-26,55923,36,MOKHTAR ELSHENAWY,DPL,05-02-26,,,38.69,Fill,MARINA C,B-33,LAYER-8,4,,,REVISE,DONE,2,EIDG,2,
893,Saturday,07-02-26,56373,36,MOKHTAR ELSHENAWY,DPL,06-02-26,,,46.62,Fill,MARINA C,B-36,LAYER-7,8,,,APPROVED AS NOTED,DONE,2,EIDG,1,
894,Saturday,07-02-26,56372,36,AHMED SAEED,DPL,06-02-26,,,48.42,Fill,MARINA C,B-23,LAYER-20,9,,,APPROVED AS NOTED,DONE,2,EIDG,1,
895,Thursday,05-02-26,55695,36,AHMED SAEED,DPL,03-02-26,,,48.92,Fill,MARINA C,B-23,LAYER-17,10,,,APPROVED AS NOTED,DONE,2,EIDG,2,
896,Thursday,05-02-26,55696,36,MOKHTAR ELSHENAWY,DPL,03-02-26,,,48.08,Fill,MARINA C,B-35,LAYER-5,2,,,APPROVED AS NOTED,DONE,2,EIDG,2,
897,Thursday,05-02-26,55697,36,MOKHTAR ELSHENAWY,DPL,03-02-26,,,45.29,Fill,MARINA C,B-33,LAYER-6,3,,,APPROVED AS NOTED,DONE,2,EIDG,2,
898,Thursday,05-02-26,55698,36,MOKHTAR ELSHENAWY,DPL,03-02-26,,,48.81,Fill,MARINA C,B-34,LAYER-7,4,,,APPROVED AS NOTED,DONE,2,EIDG,2,
899,Thursday,05-02-26,55699,36,MOKHTAR ELSHENAWY,DPL,03-02-26,,,43.53,Fill,MARINA C,B-34,LAYER-6,3,,,APPROVED AS NOTED,DONE,2,EIDG,2,
900,Thursday,05-02-26,55700,36,MOKHTAR ELSHENAWY,DPL,03-02-26,,,49.19,Fill,MARINA C,B-36,LAYER-5,5,,,APPROVED AS NOTED,DONE,2,EIDG,2,
901,Thursday,05-02-26,55702,36,AHMED SAEED,DPL,03-02-26,,,56.13,Fill,MARINA C,B-23,LAYER-17,4,,,APPROVED AS NOTED,DONE,2,EIDG,2,
902,Saturday,07-02-26,56358,36,MOKHTAR ELSHENAWY,SOIL,21-01-26,A-4,39.60%,,Bottom of excavation,MARINA C,B-36,,1,Sieve analysis,,APPROVED AS NOTED,DONE,2,EIDG,17,
903,Thursday,05-02-26,55893,36,AHMED SAEED,SOIL,26-01-26,A-2-4,17.00%,,Stockpile,MARINA C,,,1,Sieve + Proctoer ,,APPROVED AS NOTED,DONE,3,EIDG,10,
904,Thursday,05-02-26,56894,36,AHMED SAEED,SOIL,26-01-26,A-2-4,20.20%,,Stockpile,MARINA C,,,1,Sieve + Proctoer ,,APPROVED AS NOTED,DONE,3,EIDG,10,
905,Sunday,08-02-26,56836,36,AHMED SAEED,SOIL,26-01-26,A-2-4,20.00%,,Stockpile,MARINA C,,,1,Sieve + Proctoer ,,APPROVED AS NOTED,DONE,3,EIDG,13,
906,Sunday,08-02-26,56498,36,MOKHTAR ELSHENAWY,SOIL,22-01-26,A-2-4,21.90%,,Stockpile,MARINA C,,,1,Sieve + Proctoer ,,APPROVED AS NOTED,DONE,3,EIDG,17,
907,Sunday,08-02-26,56527,36,EL-THNAA,SOIL,28-12-25,A-2-4,19.70%,,Stockpile,MARINA C,,,1,Sieve + Proctoer ,,APPROVED AS NOTED,DONE,3,EIDG,42,
908,Sunday,08-02-26,56528,36,EL-THNAA,SOIL,31-12-25,A-2-4,16.70%,,Stockpile,MARINA C,,,1,Sieve + Proctoer ,,APPROVED AS NOTED,DONE,3,EIDG,39,
909,Sunday,08-02-26,56529,36,EL-THNAA,SOIL,31-12-25,A-2-4,19.10%,,Stockpile,MARINA C,,,1,Sieve + Proctoer ,,APPROVED AS NOTED,DONE,3,EIDG,39,
910,Sunday,08-02-26,56530,36,AHMED SAEED,SOIL,06-12-25,A-2-4,17.80%,,Stockpile,MARINA C,,,1,Sieve + Proctoer ,,APPROVED AS NOTED,DONE,3,EIDG,64,
911,Sunday,08-02-26,56531,36,AHMED SAEED,SOIL,06-12-25,A-2-4,17.70%,,Stockpile,MARINA C,,,1,Sieve + Proctoer ,,APPROVED AS NOTED,DONE,3,EIDG,64,
912,Sunday,08-02-26,56532,36,AL-ASIFA,SOIL,25-12-25,A-2-4,20.60%,,Stockpile,MARINA C,,,1,Sieve + Proctoer ,,APPROVED AS NOTED,DONE,3,EIDG,45,
913,Sunday,08-02-26,56533,36,SAAD SHETA,SOIL,24-11-25,A-2-4,16.50%,,Stockpile,MARINA C,,,1,Sieve + Proctoer ,,APPROVED AS NOTED,DONE,3,EIDG,76,
914,Sunday,08-02-26,56534,36,SAAD SHETA,SOIL,14-11-25,A-2-4,17.50%,,Stockpile,MARINA C,,,1,Sieve + Proctoer ,,APPROVED AS NOTED,DONE,3,EIDG,86,
915,Sunday,08-02-26,56485,36,AHMED SAEED,SOIL,25-01-26,A-2-4,18.00%,,Stockpile,MARINA C,,,1,Sieve + Proctoer ,,APPROVED AS NOTED,DONE,3,EIDG,14,
916,Sunday,08-02-26,56486,36,AHMED SAEED,SOIL,12-12-25,A-2-4,19.70%,,Stockpile,MARINA C,,,1,Sieve + Proctoer ,,APPROVED AS NOTED,DONE,3,EIDG,58,
917,Sunday,08-02-26,56487,36,AHMED SAEED,SOIL,12-12-25,A-2-4,19.00%,,Stockpile,MARINA C,,,1,Sieve + Proctoer ,,APPROVED AS NOTED,DONE,3,EIDG,58,
918,Sunday,08-02-26,56484,36,AHMED SAEED,SOIL,25-01-26,A-2-4,18.80%,,Stockpile,MARINA C,,,1,Sieve + Proctoer ,,APPROVED AS NOTED,DONE,3,EIDG,14,
919,Sunday,08-02-26,56488,36,AHMED SAEED,SOIL,09-01-26,A-2-4,18.10%,,Stockpile,MARINA C,,,1,Sieve + Proctoer ,,APPROVED AS NOTED,DONE,3,EIDG,30,
920,Sunday,08-02-26,56536,36,NEESR EL-ARABY,SOIL,23-11-25,A-2-4,19.10%,,Stockpile,MARINA C,,,1,Sieve + Proctoer ,,APPROVED AS NOTED,DONE,3,EIDG,77,
921,Sunday,08-02-26,56535,36,NEESR EL-ARABY,SOIL,07-11-25,A-2-4,19.90%,,Stockpile,MARINA C,,,1,Sieve + Proctoer ,,APPROVED AS NOTED,DONE,3,EIDG,93,
922,Sunday,08-02-26,56537,36,NEESR EL-ARABY,SOIL,30-11-25,A-2-4,15.10%,,Stockpile,MARINA C,,,1,Sieve + Proctoer ,,APPROVED AS NOTED,DONE,3,EIDG,70,
923,Sunday,08-02-26,56539,36,U-MARK,SOIL,04-12-25,A-2-4,18.20%,,Stockpile,MARINA C,,,1,Sieve + Proctoer ,,APPROVED AS NOTED,DONE,3,EIDG,66,
924,Sunday,08-02-26,56538,36,U-MARK,SOIL,04-12-25,A-2-4,15.20%,,Stockpile,MARINA C,,,1,Sieve + Proctoer ,,APPROVED AS NOTED,DONE,3,EIDG,66,
925,Sunday,08-02-26,56541,36,U-MARK,SOIL,10-11-25,A-2-4,20.20%,,Stockpile,MARINA C,,,1,Sieve + Proctoer ,,APPROVED AS NOTED,DONE,3,EIDG,90,
926,Sunday,08-02-26,56540,36,U-MARK,SOIL,10-11-25,A-2-4,20.50%,,Stockpile,MARINA C,,,1,Sieve + Proctoer ,,APPROVED AS NOTED,DONE,3,EIDG,90,
927,Sunday,08-02-26,56542,36,U-MARK,SOIL,24-11-25,A-2-4,21.20%,,Stockpile,MARINA C,,,1,Sieve + Proctoer ,,APPROVED AS NOTED,DONE,3,EIDG,76,
928,Sunday,08-02-26,56489,36,AHMED SAEED,SOIL,09-01-26,A-2-4,18.60%,,Stockpile,MARINA C,,,1,Sieve + Proctoer ,,APPROVED AS NOTED,DONE,3,EIDG,30,
929,Sunday,08-02-26,56547,36,MOKHTAR ELSHENAWY,SOIL,31-01-26,A-2-4,19.40%,,Stockpile,MARINA C,,,1,Sieve + Proctoer ,,APPROVED AS NOTED,DONE,3,EIDG,8,
930,Sunday,08-02-26,56490,36,MOKHTAR ELSHENAWY,SOIL,15-01-26,A-2-4,18.60%,,Stockpile,MARINA C,,,1,Sieve + Proctoer ,,APPROVED AS NOTED,DONE,3,EIDG,24,
931,Sunday,08-02-26,56491,36,AHMED SAEED,SOIL,15-01-26,A-2-4,16.60%,,Stockpile,MARINA C,,,1,Sieve + Proctoer ,,APPROVED AS NOTED,DONE,3,EIDG,24,
932,Sunday,08-02-26,56492,36,AHMED SAEED,SOIL,20-01-26,A-2-4,18.20%,,Stockpile,MARINA C,,,1,Sieve + Proctoer ,,APPROVED AS NOTED,DONE,3,EIDG,19,
933,Sunday,08-02-26,56493,36,AHMED SAEED,SOIL,20-01-26,A-2-4,17.80%,,Stockpile,MARINA C,,,1,Sieve + Proctoer ,,APPROVED AS NOTED,DONE,3,EIDG,19,
934,Sunday,08-02-26,56494,36,MOKHTAR ELSHENAWY,SOIL,19-01-26,A-2-4,19.00%,,Stockpile,MARINA C,,,1,Sieve + Proctoer ,,APPROVED AS NOTED,DONE,3,EIDG,20,
935,Sunday,08-02-26,56495,36,MOKHTAR ELSHENAWY,SOIL,19-01-26,A-2-4,18.40%,,Stockpile,MARINA C,,,1,Sieve + Proctoer ,,APPROVED AS NOTED,DONE,3,EIDG,20,
936,Sunday,08-02-26,56496,36,MOKHTAR ELSHENAWY,SOIL,20-01-26,A-2-4,21.90%,,Stockpile,MARINA C,,,1,Sieve + Proctoer ,,APPROVED AS NOTED,DONE,3,EIDG,19,
937,Sunday,08-02-26,56497,36,MOKHTAR ELSHENAWY,SOIL,20-01-26,A-2-4,19.00%,,Stockpile,MARINA C,,,1,Sieve + Proctoer ,,APPROVED AS NOTED,DONE,3,EIDG,19,
938,Sunday,08-02-26,56546,36,MOKHTAR ELSHENAWY,SOIL,31-01-26,A-2-4,17.00%,,Stockpile,MARINA C,,,1,Sieve + Proctoer ,,APPROVED AS NOTED,DONE,3,EIDG,8,
939,Sunday,08-02-26,56545,36,MOKHTAR ELSHENAWY,SOIL,28-01-26,A-2-4,18.40%,,Stockpile,MARINA C,,,1,Sieve + Proctoer ,,APPROVED AS NOTED,DONE,3,EIDG,11,
940,Sunday,08-02-26,56524,36,EL-THNAA,SOIL,14-01-26,A-2-4,20.10%,,Stockpile,MARINA C,,,1,Sieve + Proctoer ,,APPROVED AS NOTED,DONE,3,EIDG,25,
941,Sunday,08-02-26,56523,36,EL-THNAA,SOIL,07-01-26,A-2-4,20.00%,,Stockpile,MARINA C,,,1,Sieve + Proctoer ,,APPROVED AS NOTED,DONE,3,EIDG,32,
942,Sunday,08-02-26,56522,36,AL-ASIFA,SOIL,31-12-25,A-2-4,19.80%,,Stockpile,MARINA C,,,1,Sieve + Proctoer ,,APPROVED AS NOTED,DONE,3,EIDG,39,
943,Sunday,08-02-26,56521,36,AL-ASIFA,SOIL,31-12-25,A-2-4,21.00%,,Stockpile,MARINA C,,,1,Sieve + Proctoer ,,APPROVED AS NOTED,DONE,3,EIDG,39,
944,Sunday,08-02-26,56520,36,AL-ASIFA,SOIL,25-12-25,A-2-4,20.10%,,Stockpile,MARINA C,,,1,Sieve + Proctoer ,,APPROVED AS NOTED,DONE,3,EIDG,45,
945,Sunday,08-02-26,56519,36,SAAD SHETA,SOIL,04-11-25,A-2-4,17.10%,,Stockpile,MARINA C,,,1,Sieve + Proctoer ,,APPROVED AS NOTED,DONE,3,EIDG,96,
946,Sunday,08-02-26,56525,36,EL-THNAA,SOIL,14-01-26,A-2-4,20.60%,,Stockpile,MARINA C,,,1,Sieve + Proctoer ,,APPROVED AS NOTED,DONE,3,EIDG,25,
947,Sunday,08-02-26,56504,36,MOKHTAR ELSHENAWY,SOIL,25-01-26,A-2-4,17.40%,,Stockpile,MARINA C,,,1,Sieve + Proctoer ,,APPROVED AS NOTED,DONE,3,EIDG,14,
948,Sunday,08-02-26,56503,36,MOKHTAR ELSHENAWY,SOIL,26-01-26,A-2-4,17.90%,,Stockpile,MARINA C,,,1,Sieve + Proctoer ,,APPROVED AS NOTED,DONE,3,EIDG,13,
949,Sunday,08-02-26,56502,36,MOKHTAR ELSHENAWY,SOIL,24-01-26,A-2-4,19.80%,,Stockpile,MARINA C,,,1,Sieve + Proctoer ,,APPROVED AS NOTED,DONE,3,EIDG,15,
950,Sunday,08-02-26,56501,36,MOKHTAR ELSHENAWY,SOIL,24-01-26,A-2-4,19.70%,,Stockpile,MARINA C,,,1,Sieve + Proctoer ,,APPROVED AS NOTED,DONE,3,EIDG,15,
951,Sunday,08-02-26,56500,36,MOKHTAR ELSHENAWY,SOIL,22-01-26,A-2-4,20.90%,,Stockpile,MARINA C,,,1,Sieve + Proctoer ,,APPROVED AS NOTED,DONE,3,EIDG,17,
952,Sunday,08-02-26,56499,36,MOKHTAR ELSHENAWY,SOIL,22-01-26,A-2-4,20.20%,,Stockpile,MARINA C,,,1,Sieve + Proctoer ,,APPROVED AS NOTED,DONE,3,EIDG,17,
953,Sunday,08-02-26,56526,36,EL-THNAA,SOIL,28-12-25,A-2-4,19.10%,,Stockpile,MARINA C,,,1,Sieve + Proctoer ,,APPROVED AS NOTED,DONE,3,EIDG,42,
954,Sunday,08-02-26,56509,36,MOKHTAR ELSHENAWY,SOIL,04-02-26,A-2-4,21.40%,,Stockpile,MARINA C,,,1,Sieve + Proctoer ,,APPROVED AS NOTED,DONE,3,EIDG,4,
955,Sunday,08-02-26,56508,36,MOKHTAR ELSHENAWY,SOIL,04-02-26,A-2-4,16.80%,,Stockpile,MARINA C,,,1,Sieve + Proctoer ,,APPROVED AS NOTED,DONE,3,EIDG,4,
956,Sunday,08-02-26,56507,36,MOKHTAR ELSHENAWY,SOIL,02-02-26,A-2-4,16.90%,,Stockpile,MARINA C,,,1,Sieve + Proctoer ,,APPROVED AS NOTED,DONE,3,EIDG,6,
957,Sunday,08-02-26,56506,36,MOKHTAR ELSHENAWY,SOIL,02-02-26,A-2-4,17.90%,,Stockpile,MARINA C,,,1,Sieve + Proctoer ,,APPROVED AS NOTED,DONE,3,EIDG,6,
958,Sunday,08-02-26,56505,36,MOKHTAR ELSHENAWY,SOIL,02-02-26,A-2-4,18.00%,,Stockpile,MARINA C,,,1,Sieve + Proctoer ,,APPROVED AS NOTED,DONE,3,EIDG,6,
959,Sunday,08-02-26,56510,36,MOKHTAR ELSHENAWY,SOIL,10-01-26,A-2-4,18.60%,,Stockpile,MARINA C,,,1,Sieve + Proctoer ,,APPROVED AS NOTED,DONE,3,EIDG,29,
960,Sunday,08-02-26,56544,36,MOKHTAR ELSHENAWY,SOIL,28-01-26,A-2-4,19.40%,,Stockpile,MARINA C,,,1,Sieve + Proctoer ,,APPROVED AS NOTED,DONE,3,EIDG,11,
961,Sunday,08-02-26,56543,36,U-MARK,SOIL,24-11-25,A-2-4,21.20%,,Stockpile,MARINA C,,,1,Sieve + Proctoer ,,APPROVED AS NOTED,DONE,3,EIDG,76,
962,Sunday,08-02-26,56515,36,MOKHTAR ELSHENAWY,SOIL,14-01-26,A-2-4,21.80%,,Stockpile,MARINA C,,,1,Sieve + Proctoer ,,APPROVED AS NOTED,DONE,3,EIDG,25,
963,Sunday,08-02-26,56514,36,MOKHTAR ELSHENAWY,SOIL,12-01-26,A-2-4,18.20%,,Stockpile,MARINA C,,,1,Sieve + Proctoer ,,APPROVED AS NOTED,DONE,3,EIDG,27,
964,Sunday,08-02-26,56513,36,MOKHTAR ELSHENAWY,SOIL,12-01-26,A-2-4,18.20%,,Stockpile,MARINA C,,,1,Sieve + Proctoer ,,APPROVED AS NOTED,DONE,3,EIDG,27,
965,Sunday,08-02-26,56512,36,MOKHTAR ELSHENAWY,SOIL,10-01-26,A-2-4,20.80%,,Stockpile,MARINA C,,,1,Sieve + Proctoer ,,APPROVED AS NOTED,DONE,3,EIDG,29,
966,Sunday,08-02-26,56511,36,MOKHTAR ELSHENAWY,SOIL,04-02-26,A-2-4,21.60%,,Stockpile,MARINA C,,,1,Sieve + Proctoer ,,APPROVED AS NOTED,DONE,3,EIDG,4,
967,Sunday,08-02-26,56518,36,MOKHTAR ELSHENAWY,SOIL,15-01-26,A-2-4,19.30%,,Stockpile,MARINA C,,,1,Sieve + Proctoer ,,APPROVED AS NOTED,DONE,3,EIDG,24,
968,Sunday,08-02-26,56517,36,MOKHTAR ELSHENAWY,SOIL,15-01-26,A-2-4,17.20%,,Stockpile,MARINA C,,,1,Sieve + Proctoer ,,APPROVED AS NOTED,DONE,3,EIDG,24,
969,Sunday,08-02-26,56516,36,MOKHTAR ELSHENAWY,SOIL,14-01-26,A-2-4,19.80%,,Stockpile,MARINA C,,,1,Sieve + Proctoer ,,APPROVED AS NOTED,DONE,3,EIDG,25,
970,Wednesday,11-02-26,56688,36,AHMED SAEED,DPL,10-02-26,,,43.15,FILL,MARINA C,B-23,LAYER-23,5,,,APPROVED AS NOTED,DONE,2,EIDG,1,
971,Wednesday,11-02-26,56696,36,MOKHTAR ELSHENAWY,DPL,10-02-26,,,51.609,FILL,MARINA C,B-35,LAYER-11,2,,,APPROVED AS NOTED,DONE,2,EIDG,1,
972,Wednesday,11-02-26,56697,36,MOKHTAR ELSHENAWY,DPL,10-02-26,,,53.023,FILL,MARINA C,B-34,LAYER-13,2,,,APPROVED AS NOTED,DONE,2,EIDG,1,
973,Wednesday,11-02-26,56698,36,MOKHTAR ELSHENAWY,DPL,10-02-26,,,54.69,FILL,MARINA C,B-33,LAYER-12,2,,,APPROVED AS NOTED,DONE,2,EIDG,1,
974,Wednesday,11-02-26,56684,36,MOKHTAR ELSHENAWY,DPL,10-02-26,,,45.24,FILL,MARINA C,B-33,LAYER-11,3,,,APPROVED AS NOTED,DONE,2,EIDG,1,
975,Wednesday,11-02-26,56671,36,MOKHTAR ELSHENAWY,DPL,10-02-26,,,49.108,FILL,MARINA C,B-35,LAYER-10,3,,,APPROVED AS NOTED,DONE,2,EIDG,1,
976,Wednesday,11-02-26,56674,36,MOKHTAR ELSHENAWY,DPL,10-02-26,,,56.82,FILL,MARINA C,B-36,LAYER-6,2,,,APPROVED AS NOTED,DONE,2,EIDG,1,
977,Wednesday,11-02-26,56675,36,MOKHTAR ELSHENAWY,DPL,10-02-26,,,66.81,FILL,MARINA C,B-34,LAYER-12,2,,,APPROVED AS NOTED,DONE,2,EIDG,1,
978,Tuesday,10-02-26,56662,36,MOKHTAR ELSHENAWY,DPL,09-01-26,,,60.25,FILL,MARINA C,B-36,LAYER-10,4,,,APPROVED AS NOTED,DONE,2,EIDG,32,
979,Monday,09-02-26,56585,36,AHMED SAEED,PLATE LOAD,06-02-26,,,,FILL,MARINA C,B-23,26.75,1,,,APPROVED AS NOTED,DONE,5,EIDG,3,
980,Monday,09-02-26,56550,36,MOKHTAR ELSHENAWY,DPL,07-02-26,,,48.92,FILL,MARINA C,B-36,LAYER-8,6,,,APPROVED AS NOTED,DONE,2,EIDG,2,
981,Monday,09-02-26,56551,36,MOKHTAR ELSHENAWY,DPL,07-02-26,,,47.79,FILL,MARINA C,B-35,LAYER-8,4,,,APPROVED AS NOTED,DONE,2,EIDG,2,
982,Monday,09-02-26,56552,36,MOKHTAR ELSHENAWY,DPL,07-02-26,,,45.8,FILL,MARINA C,B-34,LAYER-10,3,,,APPROVED AS NOTED,DONE,2,EIDG,2,
983,Monday,09-02-26,56553,36,MOKHTAR ELSHENAWY,DPL,07-02-26,,,44.82,FILL,MARINA C,B-33,LAYER-9,3,,,APPROVED AS NOTED,DONE,2,EIDG,2,
984,Monday,09-02-26,56555,36,AHMED SAEED,DPL,07-02-26,,,49.304,FILL,MARINA C,B-29,LAYER-21,11,,,APPROVED AS NOTED,DONE,2,EIDG,2,
985,Monday,09-02-26,56601,36,MOKHTAR ELSHENAWY,DPL,08-02-26,,,53.47,FILL,MARINA C,B-33,LAYER-10,3,,,APPROVED AS NOTED,DONE,2,EIDG,1,
986,Monday,09-02-26,56600,36,MOKHTAR ELSHENAWY,DPL,08-02-26,,,46.602,FILL,MARINA C,B-34,LAYER-11,3,,,APPROVED AS NOTED,DONE,2,EIDG,1,
987,Monday,09-02-26,56599,36,MOKHTAR ELSHENAWY,DPL,08-02-26,,,55.305,FILL,MARINA C,B-35,LAYER-9,2,,,APPROVED AS NOTED,DONE,2,EIDG,1,
988,Monday,09-02-26,56598,36,AHMED SAEED,DPL,08-02-26,,,46.002,FILL,MARINA C,B-23,LAYER-22,4,,,APPROVED AS NOTED,DONE,2,EIDG,1,
989,Monday,09-02-26,56597,36,MOKHTAR ELSHENAWY,DPL,08-02-26,,,48.75,FILL,MARINA C,B-36,LAYER-9,4,,,APPROVED AS NOTED,DONE,2,EIDG,1,
990,Thursday,12-02-26,56825,36,MOKHTAR ELSHENAWY,DPL,11-02-26,,,58.085,FILL,MARINA C,B-33,LAYER-13,3,,,APPROVED AS NOTED,DONE,2,EIDG,1,
991,Sunday,01-03-26,57378,36,MOKHTAR ELSHENAWY,PLATE LOAD,09-02-26,,,,FILL,MARINA C,B-35,33.2,1,,,APPROVED AS NOTED,DONE,6,CEDC,20,
992,Thursday,12-02-26,56721,36,AHMED SAEED,PLATE LOAD,01-02-26,,,,FILL,MARINA C,B-23,24.25,1,,,APPROVED AS NOTED,DONE,3,BONYAN MISR,11,
993,Thursday,12-02-26,56720,36,AHMED SAEED,PLATE LOAD,02-02-26,,,,FILL,MARINA C,B-23,24.25,1,,,APPROVED AS NOTED,DONE,3,BONYAN MISR,10,
994,Thursday,12-02-26,56753,36,AHMED SAEED,PLATE LOAD,02-02-26,,,,FILL,MARINA C,B-23,24.25,1,,,APPROVED AS NOTED,DONE,6,CEDC,10,
995,Sunday,15-02-26,56985,36,MOKHTAR ELSHENAWY,PLATE LOAD,14-02-26,,,,FILL,MARINA C,B-36,27.9,1,,,APPROVED AS NOTED,DONE,6,CEDC,1,
996,Tuesday,17-02-26,57103,36,MOKHTAR ELSHENAWY,PLATE LOAD,14-02-26,,,,FILL,MARINA C,B-36,27.9,1,,,APPROVED AS NOTED,DONE,6,CEDC,3,
997,Saturday,14-02-26,56899,36,MOKHTAR ELSHENAWY,DPL,12-02-26,,,64.45,FILL,MARINA C,B-36,LAYER-13,4,,,APPROVED AS NOTED,DONE,2,EIDG,2,
998,Thursday,12-02-26,56833,36,MOKHTAR ELSHENAWY,DPL,09-02-26,,,58.54,FILL,MARINA C,B-36,LAYER-12,2,,,APPROVED AS NOTED,DONE,2,EIDG,3,
999,Thursday,12-02-26,56722,36,MOKHTAR ELSHENAWY,PLATE LOAD,03-02-26,,,,FILL,MARINA C,B-36,23.95,1,,,APPROVED AS NOTED,DONE,3,BONYAN MISR,9,
1000,Thursday,12-02-26,56711,36,MOKHTAR ELSHENAWY,PLATE LOAD,04-02-26,,,,FILL,MARINA C,B-36,23.95,1,,,APPROVED AS NOTED,DONE,3,BONYAN MISR,8,
1001,Thursday,12-02-26,56804,36,MOKHTAR ELSHENAWY,PLATE LOAD,08-02-26,,,,FILL,MARINA C,B-36,25.95,1,,,APPROVED AS NOTED,DONE,5,EIDG,4,
1002,Sunday,15-02-26,56986,36,MOKHTAR ELSHENAWY,PLATE LOAD,14-02-26,,,,FILL,MARINA C,B-33,25.7,1,,,APPROVED AS NOTED,DONE,6,CEDC,1,
1003,Tuesday,17-02-26,57090,36,MOKHTAR ELSHENAWY,PLATE LOAD,14-02-26,,,,FILL,MARINA C,B-33,25.7,1,,,APPROVED AS NOTED,DONE,6,CEDC,3,
1004,Thursday,12-02-26,56800,36,MOKHTAR ELSHENAWY,PLATE LOAD,08-02-26,,,,FILL,MARINA C,B-33,25.7,1,,,APPROVED AS NOTED,DONE,5,EIDG,4,
1005,Saturday,14-02-26,56895,36,MOKHTAR ELSHENAWY,DPL,12-02-26,,,54.22,FILL,MARINA C,B-33,LAYER-14,2,,,APPROVED AS NOTED,DONE,2,EIDG,2,
1006,Thursday,12-02-26,56801,36,MOKHTAR ELSHENAWY,PLATE LOAD,08-02-26,,,,FILL,MARINA C,B-33,25.7,1,,,APPROVED AS NOTED,DONE,5,EIDG,4,
1007,Sunday,15-02-26,56996,36,MOKHTAR ELSHENAWY,PLATE LOAD,14-02-26,,,,FILL,MARINA C,B-34,27.7,1,,,APPROVED AS NOTED,DONE,3,BONYAN MISR,1,
1008,Saturday,14-02-26,56897,36,MOKHTAR ELSHENAWY,DPL,12-02-26,,,47.99,FILL,MARINA C,B-34,LAYER-15,2,,,APPROVED AS NOTED,DONE,2,EIDG,2,
1009,Thursday,12-02-26,56802,36,MOKHTAR ELSHENAWY,PLATE LOAD,08-02-26,,,,FILL,MARINA C,B-34,25.7,1,,,APPROVED AS NOTED,DONE,5,EIDG,4,
1010,Thursday,12-02-26,56834,36,MOKHTAR ELSHENAWY,DPL,11-02-26,,,46.42,FILL,MARINA C,B-34,LAYER-14,2,,,APPROVED AS NOTED,DONE,2,EIDG,1,
1011,Sunday,15-02-26,57004,36,MOKHTAR ELSHENAWY,PLATE LOAD,09-02-26,,,,FILL,MARINA C,B-35,33.2,1,,,APPROVED AS NOTED,DONE,6,CEDC,6,
1012,Sunday,15-02-26,,36,MOKHTAR ELSHENAWY,PLATE LOAD,14-02-26,,,,FILL,MARINA C,B-35,27.7,1,,,APPROVED AS NOTED,DONE,3,BONYAN MISR,1,
1013,Saturday,14-02-26,56898,36,MOKHTAR ELSHENAWY,DPL,12-02-26,,,51.88,FILL,MARINA C,B-35,LAYER-13,2,,,APPROVED AS NOTED,DONE,2,EIDG,2,
1014,Thursday,12-02-26,56826,36,MOKHTAR ELSHENAWY,DPL,11-02-26,,,68.63,FILL,MARINA C,B-35,LAYER-12,2,,,APPROVED AS NOTED,DONE,2,EIDG,1,
1015,Thursday,12-02-26,56803,36,MOKHTAR ELSHENAWY,PLATE LOAD,08-02-26,,,,FILL,MARINA C,B-35,25.7,1,,,APPROVED AS NOTED,DONE,5,EIDG,4,
1016,Sunday,26-04-26,58598,36,AHMED SAEED,DPL,30-01-26,,,53.51,FILL,MARINA C,B-31,LAYER-22,2,,,APPROVED AS NOTED,DONE,2,EIDG,86,
1017,Tuesday,28-04-26,58817,36,MOKHTAR ELSHENAWY,SOIL,27-10-25,A-4,38.60%,,Bottom of excavation,MARINA C,B-29,,1,Sieve analysis,,APPROVED AS NOTED,DONE,2,EIDG,183,
1018,Tuesday,28-04-26,58820,36,MOKHTAR ELSHENAWY,SOIL,22-11-25,A-2-4,19.80%,,Bottom of excavation,MARINA C,B-14,,1,Sieve + Proctoer ,,APPROVED AS NOTED,DONE,3,EIDG,157,
1019,Tuesday,28-04-26,58188,36,MOKHTAR ELSHENAWY,SOIL,10-11-25,A-2-4,22.40%,,Bottom of excavation,MARINA C,B-16,,1,Sieve + Proctoer ,,APPROVED AS NOTED,DONE,3,EIDG,169,
1020,Tuesday,28-04-26,58819,36,U-MARK,SOIL,13-12-25,A-2-4,20.00%,,Bottom of excavation,MARINA C,B-11,,1,Sieve + Proctoer ,,APPROVED AS NOTED,DONE,3,EIDG,136,
1021,Sunday,26-04-26,58596,36,AHMED SAEED,DPL,14-01-26,,,51.48,FILL,MARINA C,B-32,LAYER-6,4,,,APPROVED AS NOTED,DONE,2,EIDG,102,
1022,Sunday,26-04-26,58597,36,AHMED SAEED,DPL,06-01-26,,,50.315,FILL,MARINA C,B-33,LAYER-1,3,,,APPROVED AS NOTED,DONE,2,EIDG,110,
1023,Sunday,26-04-26,58595,36,AHMED SAEED,DPL,20-01-26,,,46.304,FILL,MARINA C,B-33,LAYER-11,3,,,APPROVED AS NOTED,DONE,2,EIDG,96,
1024,Sunday,26-04-26,58602,36,El-BATAL,DPL,28-12-25,,,58.12,FILL,MARINA C,BH-8,LAYER-20,3,,,APPROVED AS NOTED,DONE,2,EIDG,119,
1025,Sunday,26-04-26,58611,36,MOKHTAR ELSHENAWY,DPL,09-01-26,,,59.303,FILL,MARINA C,B-30,LAYER-4,3,,,APPROVED AS NOTED,DONE,2,EIDG,107,
1026,Sunday,26-04-26,58606,36,MOKHTAR ELSHENAWY,DPL,19-01-26,,,49.11,FILL,MARINA C,B-30,LAYER-16,5,,,APPROVED AS NOTED,DONE,2,EIDG,97,
1027,Sunday,26-04-26,58610,36,MOKHTAR ELSHENAWY,DPL,05-02-26,,,49.078,FILL,MARINA C,B-34,LAYER-6,3,,,APPROVED AS NOTED,DONE,2,EIDG,80,
1028,Sunday,26-04-26,58608,36,MOKHTAR ELSHENAWY,DPL,02-02-26,,,47.23,FILL,MARINA C,B-34,LAYER-5,3,,,APPROVED AS NOTED,DONE,2,EIDG,83,
1029,Sunday,22-03-26,58589,36,MOKHTAR ELSHENAWY,DPL,03-01-26,,,49.24,FILL,MARINA C,B-25,LAYER-12,4,,,APPROVED AS NOTED,DONE,2,EIDG,78,
1030,Sunday,22-03-26,58590,36,MOKHTAR ELSHENAWY,DPL,22-01-26,,,53.35,FILL,MARINA C,B-25,LAYER-18,4,,,APPROVED AS NOTED,DONE,2,EIDG,59,
1031,Sunday,22-03-26,58605,36,MOKHTAR ELSHENAWY,DPL,25-12-25,,,46.32,FILL,MARINA C,BH-13,LAYER-15,2,,,APPROVED AS NOTED,DONE,2,EIDG,87,
1032,Sunday,26-04-26,58603,36,MOKHTAR ELSHENAWY,DPL,19-11-25,,,49.47,FILL,MARINA C,BH-5,LAYER-1,2,,,APPROVED AS NOTED,DONE,2,EIDG,158,
1033,Sunday,26-04-26,58604,36,MOKHTAR ELSHENAWY,DPL,27-12-25,,,53.86,FILL,MARINA C,BH-8,LAYER-18,2,,,APPROVED AS NOTED,DONE,2,EIDG,120,
1034,Sunday,22-03-26,58600,36,MOKHTAR ELSHENAWY,DPL,02-12-25,,,55.53,FILL,MARINA C,BH-8,LAYER-20,3,,,APPROVED AS NOTED,DONE,2,EIDG,110,
1035,Sunday,22-03-26,58599,36,MOKHTAR ELSHENAWY,DPL,19-11-25,,,49.28,FILL,MARINA C,BH-9,LAYER-17,5,,,APPROVED AS NOTED,DONE,2,EIDG,123,
1036,Sunday,22-03-26,58601,36,El-BATAL,DPL,19-11-25,,,57.74,FILL,MARINA C,BH-7,LAYER-7,2,,,APPROVED AS NOTED,DONE,2,EIDG,123,
1037,Sunday,22-03-26,58586,36,El-BATAL,DPL,12-12-25,,,57.805,FILL,MARINA C,B-12,LAYER-18,2,,,APPROVED AS NOTED,DONE,2,EIDG,100,
1038,Sunday,22-03-26,58585,36,El-BATAL,DPL,08-12-25,,,46.85,FILL,MARINA C,B-12,LAYER-17,2,,,APPROVED AS NOTED,DONE,2,EIDG,104,
1039,Sunday,22-03-26,58592,36,El-BATAL,DPL,15-01-26,,,51.36,FILL,MARINA C,B-25,LAYER-16,4,,,APPROVED AS NOTED,DONE,2,EIDG,66,
1040,Sunday,22-03-26,58591,36,EL-THNAA,DPL,26-01-26,,,52.99,FILL,MARINA C,B-25,LAYER-19,4,,,APPROVED AS NOTED,DONE,2,EIDG,55,
1041,Sunday,22-03-26,58587,36,EL-THNAA,DPL,10-01-26,,,62.89,FILL,MARINA C,B-23,LAYER-8,5,,,APPROVED AS NOTED,DONE,2,EIDG,71,
1042,Sunday,22-03-26,58609,36,MOKHTAR ELSHENAWY,DPL,03-02-26,,,51.44,FILL,MARINA C,B-36,LAYER-5,4,,,APPROVED AS NOTED,DONE,2,EIDG,47,
1043,Sunday,22-03-26,58612,36,AL-ASIFA,DPL,24-12-25,,,51.32,FILL,MARINA C,B-28,LAYER-16,4,,,APPROVED AS NOTED,DONE,2,EIDG,88,
1044,Sunday,22-03-26,58607,36,AL-ASIFA,DPL,01-01-26,,,50.7,FILL,MARINA C,B-28,LAYER-11,4,,,APPROVED AS NOTED,DONE,2,EIDG,80,
1045,Sunday,22-03-26,58613,36,MOKHTAR ELSHENAWY,DPL,17-01-26,,,48.24,FILL,MARINA C,B-28,LAYER-23,4,,,APPROVED AS NOTED,DONE,2,EIDG,64,
1046,Sunday,22-03-26,58588,36,EL-THNAA,DPL,12-01-26,,,52.45,FILL,MARINA C,B-23,LAYER-10,5,,,APPROVED AS NOTED,DONE,2,EIDG,69,
1047,Sunday,22-03-26,58594,36,NEESR EL-ARABY,DPL,20-11-25,,,49.25,FILL,MARINA C,B-18,LAYER-22,2,,,APPROVED AS NOTED,DONE,2,EIDG,122,
1048,Sunday,22-03-26,58593,36,AL-ASIFA,DPL,20-12-25,,,52.08,FILL,MARINA C,B-27,LAYER-9,6,,,APPROVED AS NOTED,DONE,2,EIDG,92,
