No,Day,Date( SUB),serial,Battalion,Company Name,Test Type,Date ( test),Classification,#200, AVERAGE VALUE,Sampling Location,Zone,ELMENT,layer ,Number of Tests,Performed Test ,Area(m2),sample status,Document Status,NUM. OF PAGES,Done BY,DURATION,Note
1,Wednesday,24-09-25,30955,36,Etihadeya,DPL,03-08-25,,,45.228,Fill,V01-D,V 155,LAYER - 10,2,,,APPROVED AS NOTED,DONE,3,EIDG,52,
2,Wednesday,24-09-25,30956,36,Etihadeya,DPL,05-08-25,,,46.649,Fill,V01-D,V 155,LAYER - 11,2,,,APPROVED AS NOTED,DONE,3,EIDG,50,
3,Wednesday,24-09-25,30957,36,Etihadeya,DPL,16-07-25,,,56.49,Fill,V01-D,V 155,LAYER - 1,2,,,APPROVED AS NOTED,DONE,3,EIDG,70,
4,Wednesday,24-09-25,30958,36,Etihadeya,DPL,19-07-25,,,56.56,Fill,V01-D,V 155,LAYER - 2,2,,,APPROVED AS NOTED,DONE,3,EIDG,67,
5,Wednesday,24-09-25,30959,36,Etihadeya,DPL,19-07-25,,,57.91,Fill,V01-D,V 155,LAYER - 3,2,,,APPROVED AS NOTED,DONE,3,EIDG,67,
6,Wednesday,24-09-25,30960,36,Etihadeya,DPL,21-07-25,,,47.37,Fill,V01-D,V 155,LAYER - 4,2,,,APPROVED AS NOTED,DONE,3,EIDG,65,
7,Wednesday,24-09-25,30961,36,Etihadeya,DPL,24-07-25,,,54.43,Fill,V01-D,V 155,LAYER - 5,2,,,APPROVED AS NOTED,DONE,3,EIDG,62,
8,Wednesday,24-09-25,30962,36,Etihadeya,DPL,31-07-25,,,50.408,Fill,V01-D,V 155,LAYER - 6,2,,,APPROVED AS NOTED,DONE,3,EIDG,55,
9,Wednesday,24-09-25,30963,36,Etihadeya,DPL,31-07-25,,,50.461,Fill,V01-D,V 155,LAYER - 7,2,,,APPROVED AS NOTED,DONE,3,EIDG,55,
10,Wednesday,24-09-25,30964,36,Etihadeya,DPL,31-07-25,,,54.55,Fill,V01-D,V 155,LAYER - 8,2,,,APPROVED AS NOTED,DONE,3,EIDG,55,
11,Wednesday,24-09-25,30965,36,Etihadeya,DPL,31-07-25,,,49.006,Fill,V01-D,V 155,LAYER - 9,2,,,APPROVED AS NOTED,DONE,3,EIDG,55,
12,Wednesday,24-09-25,30951,36,Ahmed Saeed El-Shenawy,DPL,08-07-25,,,49.735,Bottom of excavation,V01-D,V 15,   ,2,,,APPROVED AS NOTED,DONE,3,EIDG,78,
13,Wednesday,24-09-25,30952,36,Ahmed Saeed El-Shenawy,DPL,15-07-25,,,47.278,Fill,V01-D,V 15,LAYER - 1,2,,,APPROVED AS NOTED,DONE,3,EIDG,71,
14,Wednesday,24-09-25,30953,36,Ahmed Saeed El-Shenawy,DPL,17-07-25,,,46.578,Fill,V01-D,V 15,LAYER - 2,2,,,APPROVED AS NOTED,DONE,3,EIDG,69,
15,Wednesday,24-09-25,30954,36,Ahmed Saeed El-Shenawy,SOIL,10-07-25,A-2-4,24.60%,,Bottom of excavation,V01-D,V 15,,1,Sieve + Proctoer ,,APPROVED AS NOTED,DONE,3,EIDG,76,
16,Wednesday,24-09-25,3268,36,Ahmed Saeed El-Shenawy,DPL,14-07-25,,,48.139,Fill,V01-D,V 7,LAYER - 7,2,,,APPROVED AS NOTED,DONE,3,EIDG,72,
17,Wednesday,24-09-25,3330,36,Ahmed Saeed El-Shenawy,DPL,05-07-25,,,45.175,Bottom of excavation,V01-D,V 7,,2,,,APPROVED AS NOTED,DONE,3,EIDG,81,
18,Wednesday,24-09-25,3188,36,Ahmed Saeed El-Shenawy,DPL,08-07-25,,,53.835,Fill,V01-D,V 7,LAYER - 1,2,,,APPROVED AS NOTED,DONE,3,EIDG,78,
19,Wednesday,24-09-25,30501,36,Ahmed Saeed El-Shenawy,DPL,09-07-25,,,41.874,Fill,V01-D,V 7,LAYER - 2,2,,,APPROVED AS NOTED,DONE,3,EIDG,77,
20,Wednesday,24-09-25,30502,36,Ahmed Saeed El-Shenawy,DPL,09-07-25,,,43.372,Fill,V01-D,V 7,LAYER - 3,2,,,APPROVED AS NOTED,DONE,3,EIDG,77,
21,Wednesday,24-09-25,30503,36,Ahmed Saeed El-Shenawy,DPL,10-07-25,,,53.71,Fill,V01-D,V 7,LAYER - 4,2,,,APPROVED AS NOTED,DONE,3,EIDG,76,
22,Wednesday,24-09-25,30504,36,Ahmed Saeed El-Shenawy,DPL,11-07-25,,,56.139,Fill,V01-D,V 7,LAYER - 5,2,,,APPROVED AS NOTED,DONE,3,EIDG,75,
23,Wednesday,24-09-25,30505,36,Ahmed Saeed El-Shenawy,DPL,12-07-25,,,56.97,Fill,V01-D,V 7,LAYER - 6,2,,,APPROVED AS NOTED,DONE,3,EIDG,74,
24,Wednesday,24-09-25,30506,36,Ahmed Saeed El-Shenawy,SOIL,04-07-25,A-2-4,21.00%,,Bottom of excavation,V01-D,V 7,,1,Sieve + Proctoer ,,APPROVED AS NOTED,DONE,3,EIDG,82,
25,Wednesday,24-09-25,30538,36,MOKHTAR EL-SHENAWY,DPL,24-09-25,,,49.782,Fill,V01-D,V 170,LAYER - 7,2,,,APPROVED AS NOTED,DONE,3,EIDG,0,
26,Wednesday,24-09-25,30539,36,MOKHTAR EL-SHENAWY,DPL,23-09-25,,,47.489,Fill,V01-D,V 170,LAYER - 6,2,,,APPROVED AS NOTED,DONE,3,EIDG,1,
27,Wednesday,24-09-25,30540,36,MOKHTAR EL-SHENAWY,DPL,21-09-25,,,45.329,Fill,V01-D,V 170,LAYER - 5,2,,,APPROVED AS NOTED,DONE,3,EIDG,3,
28,Wednesday,24-09-25,30541,36,MOKHTAR EL-SHENAWY,DPL,20-09-25,,,44.754,Fill,V01-D,V 170,LAYER - 4,2,,,APPROVED AS NOTED,DONE,3,EIDG,4,
29,Wednesday,24-09-25,30542,36,MOKHTAR EL-SHENAWY,DPL,19-09-25,,,47.235,Fill,V01-D,V 170,LAYER - 3,2,,,APPROVED AS NOTED,DONE,3,EIDG,5,
30,Wednesday,24-09-25,30543,36,MOKHTAR EL-SHENAWY,DPL,16-09-25,,,58.02,Fill,V01-D,V 170,LAYER - 2,2,,,APPROVED AS NOTED,DONE,3,EIDG,8,
31,Wednesday,24-09-25,30544,36,MOKHTAR EL-SHENAWY,DPL,11-09-25,,,53.242,Fill,V01-D,V 170,LAYER - 1,2,,,APPROVED AS NOTED,DONE,3,EIDG,13,
32,Wednesday,24-09-25,30545,36,MOKHTAR EL-SHENAWY,DPL,10-09-25,,,56.466,Bottom of excavation,V01-D,V 170,,2,,,APPROVED AS NOTED,DONE,3,EIDG,14,
33,Wednesday,24-09-25,30546,36,MOKHTAR EL-SHENAWY,SOIL,07-09-25,A-4,79.80%,,Bottom of excavation,V01-D,V 170,,1,Sieve analysis,,APPROVED AS NOTED,DONE,4,EIDG,17,
34,Wednesday,24-09-25,30864,36,MOKHTAR EL-SHENAWY,DPL,28-07-25,,,44.53,Fill,V01-D,V 81,LAYER - 1,2,,,APPROVED AS NOTED,DONE,3,EIDG,58,
35,Wednesday,24-09-25,30866,36,MOKHTAR EL-SHENAWY,DPL,28-07-25,,,43.824,Fill,V01-D,V 84,LAYER - 6,2,,,APPROVED AS NOTED,DONE,3,EIDG,58,
36,Wednesday,24-09-25,30867,36,MOKHTAR EL-SHENAWY,DPL,26-07-25,,,56.4,Fill,V01-D,V 84,LAYER - 5,2,,,APPROVED AS NOTED,DONE,3,EIDG,60,
37,Wednesday,24-09-25,30868,36,MOKHTAR EL-SHENAWY,DPL,24-07-25,,,59.29,Fill,V01-D,V 84,LAYER - 4,2,,,APPROVED AS NOTED,DONE,3,EIDG,62,
38,Wednesday,24-09-25,30869,36,MOKHTAR EL-SHENAWY,DPL,23-07-25,,,43.782,Fill,V01-D,V 84,LAYER - 3,2,,,APPROVED AS NOTED,DONE,3,EIDG,63,
39,Wednesday,24-09-25,30870,36,MOKHTAR EL-SHENAWY,DPL,22-07-25,,,45.559,Fill,V01-D,V 84,LAYER - 2,2,,,APPROVED AS NOTED,DONE,3,EIDG,64,
40,Wednesday,24-09-25,30871,36,MOKHTAR EL-SHENAWY,DPL,21-07-25,,,54.242,Fill,V01-D,V 84,LAYER - 1,2,,,APPROVED AS NOTED,DONE,3,EIDG,65,
41,Wednesday,24-09-25,30872,36,MOKHTAR EL-SHENAWY,DPL,20-07-25,,,53.08,Bottom of excavation,V01-D,V 84,,2,,,APPROVED AS NOTED,DONE,3,EIDG,66,
42,Wednesday,24-09-25,30873,36,MOKHTAR EL-SHENAWY,SOIL,20-07-25,A-2-4,30.80%,,Bottom of excavation,V01-D,V 84,,1,Sieve + Proctoer ,,APPROVED AS NOTED,DONE,3,EIDG,66,
43,Wednesday,24-09-25,30882,36,MOKHTAR EL-SHENAWY,DPL,20-07-25,,,57.92,Bottom of excavation,V01-D,V 85,,2,,,APPROVED AS NOTED,DONE,3,EIDG,66,
44,Wednesday,24-09-25,30883,36,MOKHTAR EL-SHENAWY,DPL,21-07-25,,,41.86,Fill,V01-D,V 85,LAYER - 1,2,,,APPROVED AS NOTED,DONE,3,EIDG,65,
45,Wednesday,24-09-25,30884,36,MOKHTAR EL-SHENAWY,DPL,22-07-25,,,53.08,Fill,V01-D,V 85,LAYER - 2,2,,,APPROVED AS NOTED,DONE,3,EIDG,64,
46,Wednesday,24-09-25,30885,36,MOKHTAR EL-SHENAWY,DPL,23-07-25,,,42.98,Fill,V01-D,V 85,LAYER - 3,2,,,APPROVED AS NOTED,DONE,3,EIDG,63,
47,Wednesday,24-09-25,30886,36,MOKHTAR EL-SHENAWY,DPL,24-07-25,,,59.84,Fill,V01-D,V 85,LAYER - 4,2,,,APPROVED AS NOTED,DONE,3,EIDG,62,
48,Wednesday,24-09-25,30887,36,MOKHTAR EL-SHENAWY,DPL,26-07-25,,,42.82,Fill,V01-D,V 85,LAYER - 5,2,,,APPROVED AS NOTED,DONE,3,EIDG,60,
49,Wednesday,24-09-25,30888,36,MOKHTAR EL-SHENAWY,DPL,28-07-25,,,58.9,Fill,V01-D,V 85,LAYER - 6,2,,,APPROVED AS NOTED,DONE,3,EIDG,58,
50,Wednesday,24-09-25,30889,36,MOKHTAR EL-SHENAWY,SOIL,20-07-25,A-2-4,24.20%,,Bottom of excavation,V01-D,V 85,,1,Sieve + Proctoer ,,APPROVED AS NOTED,DONE,3,EIDG,66,
51,Wednesday,24-09-25,30568,36,SELME EID ,DPL,12-07-25,,,54.92,Bottom of excavation,V01-D,V 151,,2,,,APPROVED AS NOTED,DONE,3,EIDG,74,
52,Wednesday,24-09-25,30569,36,SELME EID ,DPL,20-07-25,,,42.216,Fill,V01-D,V 151,LAYER - 10,2,,,APPROVED AS NOTED,DONE,3,EIDG,66,
53,Wednesday,24-09-25,30570,36,SELME EID ,DPL,20-07-25,,,57.147,Fill,V01-D,V 151,LAYER - 11,2,,,APPROVED AS NOTED,DONE,3,EIDG,66,
54,Wednesday,24-09-25,30571,36,SELME EID ,DPL,20-07-25,,,54.34,Fill,V01-D,V 151,LAYER - 12,2,,,APPROVED AS NOTED,DONE,3,EIDG,66,
55,Wednesday,24-09-25,30572,36,SELME EID ,DPL,22-07-25,,,41.554,Fill,V01-D,V 151,LAYER - 13,2,,,APPROVED AS NOTED,DONE,3,EIDG,64,
56,Wednesday,24-09-25,30573,36,SELME EID ,DPL,24-07-25,,,42.93,Fill,V01-D,V 151,LAYER - 14,2,,,APPROVED AS NOTED,DONE,3,EIDG,62,
57,Wednesday,24-09-25,30574,36,SELME EID ,DPL,27-07-25,,,42.597,Fill,V01-D,V 151,LAYER - 15,2,,,APPROVED AS NOTED,DONE,3,EIDG,59,
58,Wednesday,24-09-25,30575,36,SELME EID ,DPL,27-07-25,,,46.03,Fill,V01-D,V 151,LAYER - 16,2,,,APPROVED AS NOTED,DONE,3,EIDG,59,
59,Wednesday,24-09-25,30576,36,SELME EID ,DPL,29-07-25,,,53.261,Fill,V01-D,V 151,LAYER - 17,2,,,APPROVED AS NOTED,DONE,3,EIDG,57,
60,Wednesday,24-09-25,30577,36,SELME EID ,DPL,13-07-25,,,56.42,Fill,V01-D,V 151,LAYER - 1,2,,,APPROVED AS NOTED,DONE,3,EIDG,73,
61,Wednesday,24-09-25,30578,36,SELME EID ,DPL,13-07-25,,,52.14,Fill,V01-D,V 151,LAYER - 2,2,,,APPROVED AS NOTED,DONE,3,EIDG,73,
62,Wednesday,24-09-25,30579,36,SELME EID ,DPL,13-07-25,,,56.96,Fill,V01-D,V 151,LAYER - 3,2,,,APPROVED AS NOTED,DONE,3,EIDG,73,
63,Wednesday,24-09-25,30580,36,SELME EID ,DPL,15-07-25,,,55.54,Fill,V01-D,V 151,LAYER - 4,2,,,APPROVED AS NOTED,DONE,3,EIDG,71,
64,Wednesday,24-09-25,30581,36,SELME EID ,DPL,15-07-25,,,45.824,Fill,V01-D,V 151,LAYER - 5,2,,,APPROVED AS NOTED,DONE,3,EIDG,71,
65,Wednesday,24-09-25,30582,36,SELME EID ,DPL,15-07-25,,,49.85,Fill,V01-D,V 151,LAYER - 6,2,,,APPROVED AS NOTED,DONE,3,EIDG,71,
66,Wednesday,24-09-25,30583,36,SELME EID ,DPL,15-07-25,,,46.99,Fill,V01-D,V 151,LAYER - 7,2,,,APPROVED AS NOTED,DONE,3,EIDG,71,
67,Wednesday,24-09-25,30584,36,SELME EID ,DPL,17-07-25,,,46.24,Fill,V01-D,V 151,LAYER - 8,2,,,APPROVED AS NOTED,DONE,3,EIDG,69,
68,Wednesday,24-09-25,30585,36,SELME EID ,DPL,17-07-25,,,43.97,Fill,V01-D,V 151,LAYER - 9,2,,,APPROVED AS NOTED,DONE,3,EIDG,69,
69,Wednesday,24-09-25,30586,36,SELME EID ,SOIL,12-07-25,A-1-B,9.00%,,Bottom of excavation,V01-D,V 151,,1,Sieve + Proctoer ,,APPROVED AS NOTED,DONE,3,EIDG,74,
70,Wednesday,24-09-25,30587,36,SELME EID ,DPL,04-07-25,,,60.2,Bottom of excavation,V01-D,V 152,,2,,,APPROVED AS NOTED,DONE,3,EIDG,82,
71,Wednesday,24-09-25,30588,36,SELME EID ,DPL,15-07-25,,,55.769,Fill,V01-D,V 152,LAYER - 10,2,,,APPROVED AS NOTED,DONE,3,EIDG,71,
72,Wednesday,24-09-25,30589,36,SELME EID ,DPL,17-07-25,,,55.93,Fill,V01-D,V 152,LAYER - 11,2,,,APPROVED AS NOTED,DONE,3,EIDG,69,
73,Wednesday,24-09-25,30590,36,SELME EID ,DPL,19-07-25,,,52.89,Fill,V01-D,V 152,LAYER - 12,2,,,APPROVED AS NOTED,DONE,3,EIDG,67,
74,Wednesday,24-09-25,30591,36,SELME EID ,DPL,19-07-25,,,50.74,Fill,V01-D,V 152,LAYER - 13,2,,,APPROVED AS NOTED,DONE,3,EIDG,67,
75,Wednesday,24-09-25,30592,36,SELME EID ,DPL,22-07-25,,,45.385,Fill,V01-D,V 152,LAYER - 14,2,,,APPROVED AS NOTED,DONE,3,EIDG,64,
76,Wednesday,24-09-25,30593,36,SELME EID ,DPL,27-07-25,,,45.85,Fill,V01-D,V 152,LAYER - 15,2,,,APPROVED AS NOTED,DONE,3,EIDG,59,
77,Wednesday,24-09-25,30594,36,SELME EID ,DPL,29-07-25,,,47.64,Fill,V01-D,V 152,LAYER - 16,2,,,APPROVED AS NOTED,DONE,3,EIDG,57,
78,Wednesday,24-09-25,30595,36,SELME EID ,DPL,05-07-25,,,52.03,Fill,V01-D,V 152,LAYER - 1,2,,,APPROVED AS NOTED,DONE,3,EIDG,81,
79,Wednesday,24-09-25,30596,36,SELME EID ,DPL,10-07-25,,,56.65,Fill,V01-D,V 152,LAYER - 2,2,,,APPROVED AS NOTED,DONE,3,EIDG,76,
80,Wednesday,24-09-25,30597,36,SELME EID ,DPL,10-07-25,,,52.4,Fill,V01-D,V 152,LAYER - 3,2,,,APPROVED AS NOTED,DONE,3,EIDG,76,
81,Wednesday,24-09-25,30598,36,SELME EID ,DPL,10-07-25,,,51.84,Fill,V01-D,V 152,LAYER - 4,2,,,APPROVED AS NOTED,DONE,3,EIDG,76,
82,Wednesday,24-09-25,30599,36,SELME EID ,DPL,10-07-25,,,49.7,Fill,V01-D,V 152,LAYER - 5,2,,,APPROVED AS NOTED,DONE,3,EIDG,76,
83,Wednesday,24-09-25,30600,36,SELME EID ,DPL,10-07-25,,,44.439,Fill,V01-D,V 152,LAYER - 6,2,,,APPROVED AS NOTED,DONE,3,EIDG,76,
84,Wednesday,24-09-25,30601,36,SELME EID ,DPL,11-07-25,,,44.257,Fill,V01-D,V 152,LAYER - 7,2,,,APPROVED AS NOTED,DONE,3,EIDG,75,
85,Wednesday,24-09-25,30602,36,SELME EID ,DPL,13-07-25,,,41.59,Fill,V01-D,V 152,LAYER - 8,2,,,APPROVED AS NOTED,DONE,3,EIDG,73,
86,Wednesday,24-09-25,30603,36,SELME EID ,DPL,13-07-25,,,43.228,Fill,V01-D,V 152,LAYER - 9,2,,,APPROVED AS NOTED,DONE,3,EIDG,73,
87,Wednesday,24-09-25,30604,36,SELME EID ,SOIL,04-07-25,A-2-4,11.60%,,Bottom of excavation,V01-D,V 152,,1,Sieve + Proctoer ,,APPROVED AS NOTED,DONE,3,EIDG,82,
88,Wednesday,24-09-25,30564,36,MOHAMED ABDELWAHAB,DPL,11-07-25,,,60.5,Fill,V01-D,V 148,LAYER - 3,2,,,APPROVED AS NOTED,DONE,3,EIDG,75,
89,Wednesday,24-09-25,30565,36,MOHAMED ABDELWAHAB,DPL,02-07-25,,,57.7,Fill,V01-D,V 148,LAYER - 1,2,,,APPROVED AS NOTED,DONE,3,EIDG,84,
90,Wednesday,24-09-25,30566,36,MOHAMED ABDELWAHAB,DPL,04-07-25,,,46.81,Fill,V01-D,V 148,LAYER - 2,2,,,APPROVED AS NOTED,DONE,3,EIDG,82,
91,Wednesday,24-09-25,30567,36,MOHAMED ABDELWAHAB,SOIL,01-07-25,A-4,39.20%,,Bottom of excavation,V01-D,V 148,,1,Sieve analysis,,APPROVED AS NOTED,DONE,2,EIDG,85,
92,Saturday,27-09-25,30621,36,Ahmed Saeed El-Shenawy,DPL,22-07-25,,,43.16,Fill,V01-D,V 3,LAYER - 1,2,,,APPROVED AS NOTED,DONE,2,EIDG,67,
93,Saturday,27-09-25,30622,36,Ahmed Saeed El-Shenawy,DPL,23-07-25,,,44.9,Fill,V01-D,V 3,LAYER - 2,2,,,APPROVED AS NOTED,DONE,2,EIDG,66,
94,Saturday,27-09-25,30623,36,Ahmed Saeed El-Shenawy,DPL,24-07-25,,,52.8,Fill,V01-D,V 3,LAYER - 3,2,,,APPROVED AS NOTED,DONE,2,EIDG,65,
95,Saturday,27-09-25,30624,36,Ahmed Saeed El-Shenawy,DPL,28-07-25,,,49.401,Fill,V01-D,V 3,LAYER - 4,2,,,APPROVED AS NOTED,DONE,2,EIDG,61,
96,Saturday,27-09-25,30625,36,Ahmed Saeed El-Shenawy,DPL,28-07-25,,,47.98,Fill,V01-D,V 3,LAYER - 5,2,,,APPROVED AS NOTED,DONE,2,EIDG,61,
97,Saturday,27-09-25,30626,36,Ahmed Saeed El-Shenawy,DPL,30-07-25,,,51.71,Fill,V01-D,V 3,LAYER - 6,2,,,APPROVED AS NOTED,DONE,2,EIDG,59,
98,Saturday,27-09-25,30627,36,Ahmed Saeed El-Shenawy,SOIL,04-07-25,A-4,66.60%,,Bottom of excavation,V01-D,V 3,,1,Sieve analysis,,APPROVED AS NOTED,DONE,2,EIDG,85,
99,Saturday,27-09-25,30628,36,Ahmed Saeed El-Shenawy,DPL,09-07-25,,,45.09,Fill,V01-D,V 5,LAYER - 1,2,,,APPROVED AS NOTED,DONE,2,EIDG,80,
100,Saturday,27-09-25,30634,36,Ahmed Saeed El-Shenawy,SOIL,04-07-25,A-4,36.40%,,Bottom of excavation,V01-D,V 5,,1,Sieve analysis,,APPROVED AS NOTED,DONE,2,EIDG,85,
101,Saturday,27-09-25,30632,36,Ahmed Saeed El-Shenawy,DPL,12-07-25,,,59.05,Fill,V01-D,V 5,LAYER - 5,2,,,APPROVED AS NOTED,DONE,2,EIDG,77,
102,Saturday,27-09-25,30633,36,Ahmed Saeed El-Shenawy,DPL,14-07-25,,,51.56,Fill,V01-D,V 5,LAYER - 6,2,,,APPROVED AS NOTED,DONE,2,EIDG,75,
103,Saturday,27-09-25,30629,36,Ahmed Saeed El-Shenawy,DPL,09-07-25,,,44.69,Fill,V01-D,V 5,LAYER - 2,2,,,APPROVED AS NOTED,DONE,2,EIDG,80,
104,Saturday,27-09-25,30630,36,Ahmed Saeed El-Shenawy,DPL,10-07-25,,,47.72,Fill,V01-D,V 5,LAYER - 3,2,,,APPROVED AS NOTED,DONE,2,EIDG,79,
105,Saturday,27-09-25,30631,36,Ahmed Saeed El-Shenawy,DPL,11-07-25,,,45.16,Fill,V01-D,V 5,LAYER - 4,2,,,APPROVED AS NOTED,DONE,2,EIDG,78,
106,Thursday,24-07-25,30605,36,Ahmed Saeed El-Shenawy,DPL,08-07-25,,,54.46,Bottom of excavation,V01-D,V 16,,2,,,APPROVED AS NOTED,DONE,3,EIDG,16,
107,Wednesday,24-09-25,30608,36,Ahmed Saeed El-Shenawy,SOIL,08-07-25,A-2-4,18.00%,,Bottom of excavation,V01-D,V 16,,1,Sieve + Proctoer ,,APPROVED AS NOTED,DONE,3,EIDG,78,
108,Thursday,24-07-25,30607,36,Ahmed Saeed El-Shenawy,DPL,17-07-25,,,53.48,Fill,V01-D,V 16,LAYER - 2,2,,,APPROVED AS NOTED,DONE,3,EIDG,7,
109,Thursday,24-07-25,30606,36,Ahmed Saeed El-Shenawy,DPL,15-07-25,,,55.213,Fill,V01-D,V 16,LAYER - 1,2,,,APPROVED AS NOTED,DONE,3,EIDG,9,
110,Saturday,27-09-25,30609,36,Ahmed Saeed El-Shenawy,DPL,20-07-25,,,51.96,Bottom of excavation,V01-D,V 2,,2,,,APPROVED AS NOTED,DONE,2,EIDG,69,
111,Saturday,27-09-25,30610,36,Ahmed Saeed El-Shenawy,DPL,29-07-25,,,53.498,Fill,V01-D,V 2,LAYER - 10,2,,,APPROVED AS NOTED,DONE,2,EIDG,60,
112,Saturday,27-09-25,30611,36,Ahmed Saeed El-Shenawy,DPL,20-07-25,,,44.129,Fill,V01-D,V 2,LAYER - 1,2,,,APPROVED AS NOTED,DONE,2,EIDG,69,
113,Saturday,27-09-25,30612,36,Ahmed Saeed El-Shenawy,DPL,20-07-25,,,45.629,Fill,V01-D,V 2,LAYER - 2,2,,,APPROVED AS NOTED,DONE,2,EIDG,69,
114,Saturday,27-09-25,30613,36,Ahmed Saeed El-Shenawy,DPL,21-07-25,,,55.12,Fill,V01-D,V 2,LAYER - 3,2,,,APPROVED AS NOTED,DONE,2,EIDG,68,
115,Saturday,27-09-25,30614,36,Ahmed Saeed El-Shenawy,DPL,21-07-25,,,46.885,Fill,V01-D,V 2,LAYER - 4,2,,,APPROVED AS NOTED,DONE,2,EIDG,68,
116,Saturday,27-09-25,30615,36,Ahmed Saeed El-Shenawy,DPL,22-07-25,,,42.021,Fill,V01-D,V 2,LAYER - 5,2,,,APPROVED AS NOTED,DONE,2,EIDG,67,
117,Saturday,27-09-25,30616,36,Ahmed Saeed El-Shenawy,DPL,23-07-25,,,53.015,Fill,V01-D,V 2,LAYER - 6,2,,,APPROVED AS NOTED,DONE,2,EIDG,66,
118,Saturday,27-09-25,30617,36,Ahmed Saeed El-Shenawy,DPL,24-07-25,,,53.206,Fill,V01-D,V 2,LAYER - 7,2,,,APPROVED AS NOTED,DONE,2,EIDG,65,
119,Saturday,27-09-25,30618,36,Ahmed Saeed El-Shenawy,DPL,25-07-25,,,48.446,Fill,V01-D,V 2,LAYER - 8,2,,,APPROVED AS NOTED,DONE,2,EIDG,64,
120,Saturday,27-09-25,30620,36,Ahmed Saeed El-Shenawy,SOIL,04-07-25,A-2-4,24.60%,,Bottom of excavation,V01-D,V 2,,1,Sieve + Proctoer ,,APPROVED AS NOTED,DONE,3,EIDG,85,
121,Saturday,27-09-25,30619,36,Ahmed Saeed El-Shenawy,DPL,26-07-25,,,50.57,Fill,V01-D,V 2,LAYER - 9,2,,,APPROVED AS NOTED,DONE,2,EIDG,63,
122,Sunday,28-09-25,30547,36,Ahmed Saeed El-Shenawy,DPL,03-09-25,,,59.47,Bottom of excavation,V01-D,V 110,,2,,,APPROVED AS NOTED,DONE,3,EIDG,25,
123,Sunday,28-09-25,30548,36,Ahmed Saeed El-Shenawy,DPL,21-09-25,,,56.96,Fill,V01-D,V 110,LAYER - 10,2,,,APPROVED AS NOTED,DONE,3,EIDG,7,
124,Sunday,28-09-25,30549,36,Ahmed Saeed El-Shenawy,DPL,24-09-25,,,54.7,Fill,V01-D,V 110,LAYER - 11,2,,,APPROVED AS NOTED,DONE,3,EIDG,4,
125,Sunday,28-09-25,30550,36,Ahmed Saeed El-Shenawy,DPL,04-09-25,,,52.94,Fill,V01-D,V 110,LAYER - 1,2,,,APPROVED AS NOTED,DONE,3,EIDG,24,
126,Sunday,28-09-25,30551,36,Ahmed Saeed El-Shenawy,DPL,05-09-25,,,42.79,Fill,V01-D,V 110,LAYER - 2,2,,,APPROVED AS NOTED,DONE,3,EIDG,23,
127,Sunday,28-09-25,30552,36,Ahmed Saeed El-Shenawy,DPL,06-09-25,,,52.08,Fill,V01-D,V 110,LAYER - 3,2,,,APPROVED AS NOTED,DONE,3,EIDG,22,
128,Sunday,28-09-25,30553,36,Ahmed Saeed El-Shenawy,DPL,09-09-25,,,42.81,Fill,V01-D,V 110,LAYER - 4,2,,,APPROVED AS NOTED,DONE,3,EIDG,19,
129,Sunday,28-09-25,30554,36,Ahmed Saeed El-Shenawy,DPL,12-09-25,,,44.61,Fill,V01-D,V 110,LAYER - 5,2,,,APPROVED AS NOTED,DONE,3,EIDG,16,
130,Sunday,28-09-25,30555,36,Ahmed Saeed El-Shenawy,DPL,13-09-25,,,62.539,Fill,V01-D,V 110,LAYER - 6,2,,,APPROVED AS NOTED,DONE,3,EIDG,15,
131,Sunday,28-09-25,30556,36,Ahmed Saeed El-Shenawy,DPL,14-09-25,,,46.83,Fill,V01-D,V 110,LAYER - 7,2,,,APPROVED AS NOTED,DONE,3,EIDG,14,
132,Sunday,28-09-25,30557,36,Ahmed Saeed El-Shenawy,DPL,16-09-25,,,44.599,Fill,V01-D,V 110,LAYER - 8,2,,,APPROVED AS NOTED,DONE,3,EIDG,12,
133,Sunday,28-09-25,30558,36,Ahmed Saeed El-Shenawy,DPL,18-09-25,,,49.837,Fill,V01-D,V 110,LAYER - 9,2,,,APPROVED AS NOTED,DONE,3,EIDG,10,
134,Sunday,28-09-25,30559,36,Ahmed Saeed El-Shenawy,SOIL,27-08-25,A-2-4,22.00%,,Bottom of excavation,V01-D,V 110,,1,Sieve + Proctoer ,,APPROVED AS NOTED,DONE,3,EIDG,32,
135,Wednesday,24-09-25,30560,36,Ahmed Saeed El-Shenawy,DPL,16-07-25,,,45.307,Fill,V01-D,V 17,LAYER - 2,2,,,APPROVED AS NOTED,DONE,3,EIDG,70,
136,Wednesday,24-09-25,30561,36,Ahmed Saeed El-Shenawy,DPL,15-07-25,,,48.18,Fill,V01-D,V 17,LAYER - 1,2,,,APPROVED AS NOTED,DONE,3,EIDG,71,
137,Wednesday,24-09-25,30562,36,Ahmed Saeed El-Shenawy,DPL,08-07-25,,,51.78,Bottom of excavation,V01-D,V 17,LAYER ,2,,,APPROVED AS NOTED,DONE,3,EIDG,78,
138,Wednesday,24-09-25,30563,36,Ahmed Saeed El-Shenawy,SOIL,10-07-25,A-2-4,18.40%,,Bottom of excavation,V01-D,V 17,,1,Sieve + Proctoer ,,APPROVED AS NOTED,DONE,3,EIDG,76,
139,Thursday,25-09-25,30496,36,MOKHTAR EL-SHENAWY,DPL,13-09-25,,,50.319,Fill,V01-D,V ( 130 -131 ),LAYER - 3,2,,,APPROVED AS NOTED,DONE,3,EIDG,12,
140,Thursday,25-09-25,30497,36,MOKHTAR EL-SHENAWY,DPL,10-09-25,,,47.664,Fill,V01-D,V ( 130 -131 ),LAYER - 2,2,,,APPROVED AS NOTED,DONE,3,EIDG,15,
141,Thursday,25-09-25,30498,36,MOKHTAR EL-SHENAWY,DPL,08-09-25,,,66.75,Fill,V01-D,V ( 130 -131 ),LAYER - 1,2,,,APPROVED AS NOTED,DONE,3,EIDG,17,
142,Thursday,25-09-25,30499,36,MOKHTAR EL-SHENAWY,DPL,08-09-25,,,53.14,Bottom of excavation,V01-D,V ( 130 -131 ),LAYER ,2,,,APPROVED AS NOTED,DONE,3,EIDG,17,
143,Thursday,25-09-25,30500,36,MOKHTAR EL-SHENAWY,SOIL,06-09-25,A-2-4,24.20%,,Bottom of excavation,V01-D,V ( 130 -131 ),,1,Sieve + Proctoer ,,APPROVED AS NOTED,DONE,3,EIDG,19,
144,Thursday,25-09-25,30483,36,MOKHTAR EL-SHENAWY,DPL,01-09-25,,,56.76,Fill,V01-D,V ( 126 -127 ),LAYER - 9,2,,,APPROVED AS NOTED,DONE,3,EIDG,24,
145,Friday,26-09-25,30484,36,MOKHTAR EL-SHENAWY,DPL,30-08-25,,,61.6,Fill,V01-D,V ( 126 -127 ),LAYER - 8,2,,,APPROVED AS NOTED,DONE,3,EIDG,27,
146,Friday,26-09-25,30487,36,MOKHTAR EL-SHENAWY,DPL,26-08-25,,,61.218,Fill,V01-D,V ( 126 -127 ),LAYER - 5,2,,,APPROVED AS NOTED,DONE,3,EIDG,31,
147,Friday,26-09-25,30489,36,MOKHTAR EL-SHENAWY,DPL,24-08-25,,,51.315,Fill,V01-D,V ( 126 -127 ),LAYER - 3,2,,,APPROVED AS NOTED,DONE,3,EIDG,33,
148,Friday,26-09-25,30488,36,MOKHTAR EL-SHENAWY,DPL,25-08-25,,,50.94,Fill,V01-D,V ( 126 -127 ),LAYER - 4,2,,,APPROVED AS NOTED,DONE,3,EIDG,32,
149,Friday,26-09-25,30486,36,MOKHTAR EL-SHENAWY,DPL,28-08-25,,,62.159,Fill,V01-D,V ( 126 -127 ),LAYER - 6,2,,,APPROVED AS NOTED,DONE,3,EIDG,29,
150,Friday,26-09-25,30485,36,MOKHTAR EL-SHENAWY,DPL,29-08-25,,,47.25,Fill,V01-D,V ( 126 -127 ),LAYER - 7,2,,,APPROVED AS NOTED,DONE,3,EIDG,28,
151,Friday,26-09-25,30490,36,MOKHTAR EL-SHENAWY,DPL,23-08-25,,,57.558,Fill,V01-D,V ( 126 -127 ),LAYER - 2,2,,,APPROVED AS NOTED,DONE,3,EIDG,34,
152,Friday,26-09-25,30491,36,MOKHTAR EL-SHENAWY,DPL,23-08-25,,,53.67,Fill,V01-D,V ( 126 -127 ),LAYER - 1,2,,,APPROVED AS NOTED,DONE,3,EIDG,34,
153,Friday,26-09-25,30492,36,MOKHTAR EL-SHENAWY,DPL,24-09-25,,,45.917,Fill,V01-D,V ( 126 -127 ),LAYER - 11,2,,,APPROVED AS NOTED,DONE,3,EIDG,2,
154,Friday,26-09-25,30493,36,MOKHTAR EL-SHENAWY,DPL,03-09-25,,,51.67,Fill,V01-D,V ( 126 -127 ),LAYER - 10,2,,,APPROVED AS NOTED,DONE,3,EIDG,23,
155,Friday,26-09-25,30494,36,MOKHTAR EL-SHENAWY,DPL,21-08-25,,,49.043,Bottom of excavation,V01-D,V ( 126 -127 ),,2,,,APPROVED AS NOTED,DONE,3,EIDG,36,
156,Friday,26-09-25,30495,36,MOKHTAR EL-SHENAWY,SOIL,20-08-25,A-2-4,21.20%,,Bottom of excavation,V01-D,V ( 126 -127 ),,1,Sieve + Proctoer ,,APPROVED AS NOTED,DONE,3,EIDG,37,
157,Thursday,25-09-25,30474,36,Ahmed Saeed El-Shenawy,DPL,23-09-25,,,49.89,Fill,V01-D,V 121,LAYER - 7,2,,,APPROVED AS NOTED,DONE,3,EIDG,2,
158,Thursday,25-09-25,30477,36,Ahmed Saeed El-Shenawy,DPL,11-09-25,,,59.59,Fill,V01-D,V 121,LAYER - 4,2,,,APPROVED AS NOTED,DONE,3,EIDG,14,
159,Thursday,25-09-25,30478,36,Ahmed Saeed El-Shenawy,DPL,10-09-25,,,45.385,Fill,V01-D,V 121,LAYER - 3,2,,,APPROVED AS NOTED,DONE,3,EIDG,15,
160,Thursday,25-09-25,30481,36,Ahmed Saeed El-Shenawy,DPL,31-08-25,,,58.53,Bottom of excavation,V01-D,V 121,0,2,,,APPROVED AS NOTED,DONE,3,EIDG,25,
161,Thursday,25-09-25,30480,36,Ahmed Saeed El-Shenawy,DPL,01-09-25,,,53.59,Fill,V01-D,V 121,LAYER - 1,2,,,APPROVED AS NOTED,DONE,3,EIDG,24,
162,Thursday,25-09-25,30476,36,Ahmed Saeed El-Shenawy,DPL,20-09-25,,,44.18,Fill,V01-D,V 121,LAYER - 5,2,,,APPROVED AS NOTED,DONE,3,EIDG,5,
163,Thursday,25-09-25,30475,36,Ahmed Saeed El-Shenawy,DPL,22-09-25,,,62.26,Fill,V01-D,V 121,LAYER - 6,2,,,APPROVED AS NOTED,DONE,3,EIDG,3,
164,Thursday,25-09-25,30479,36,Ahmed Saeed El-Shenawy,DPL,03-09-25,,,66.81,Fill,V01-D,V 121,LAYER - 2,2,,,APPROVED AS NOTED,DONE,3,EIDG,22,
165,Thursday,25-09-25,30482,36,Ahmed Saeed El-Shenawy,SOIL,30-08-25,A-2-4,17.60%,,Bottom of excavation,V01-D,V 121,,1,Sieve + Proctoer ,,APPROVED AS NOTED,DONE,3,EIDG,26,
166,Sunday,28-09-25,30754,36,MOKHTAR EL-SHENAWY,DPL,03-09-25,,,52.69,Bottom of excavation,V01-D,V 163,,2,,,APPROVED AS NOTED,DONE,3,EIDG,25,
167,Sunday,28-09-25,30755,36,MOKHTAR EL-SHENAWY,DPL,21-09-25,,,46.429,Fill,V01-D,V 163,LAYER - 10,2,,,APPROVED AS NOTED,DONE,3,EIDG,7,
168,Sunday,28-09-25,30756,36,MOKHTAR EL-SHENAWY,DPL,23-09-25,,,44.42,Fill,V01-D,V 163,LAYER - 11,2,,,APPROVED AS NOTED,DONE,3,EIDG,5,
169,Sunday,28-09-25,30757,36,MOKHTAR EL-SHENAWY,DPL,23-09-25,,,43.707,Fill,V01-D,V 163,LAYER - 12,2,,,APPROVED AS NOTED,DONE,3,EIDG,5,
170,Sunday,28-09-25,30758,36,MOKHTAR EL-SHENAWY,DPL,24-09-25,,,53.64,Fill,V01-D,V 163,LAYER - 13,2,,,APPROVED AS NOTED,DONE,3,EIDG,4,
171,Sunday,28-09-25,30759,36,MOKHTAR EL-SHENAWY,DPL,11-09-25,,,51.74,Fill,V01-D,V 163,LAYER - 1,2,,,APPROVED AS NOTED,DONE,3,EIDG,17,
172,Sunday,28-09-25,30760,36,MOKHTAR EL-SHENAWY,DPL,13-09-25,,,55.63,Fill,V01-D,V 163,LAYER - 2,2,,,APPROVED AS NOTED,DONE,3,EIDG,15,
173,Sunday,28-09-25,30761,36,MOKHTAR EL-SHENAWY,DPL,14-09-25,,,55.58,Fill,V01-D,V 163,LAYER - 3,2,,,APPROVED AS NOTED,DONE,3,EIDG,14,
174,Sunday,28-09-25,30762,36,MOKHTAR EL-SHENAWY,DPL,15-09-25,,,51.042,Fill,V01-D,V 163,LAYER - 4,2,,,APPROVED AS NOTED,DONE,3,EIDG,13,
175,Sunday,28-09-25,30763,36,MOKHTAR EL-SHENAWY,DPL,15-09-25,,,46.86,Fill,V01-D,V 163,LAYER - 5,2,,,APPROVED AS NOTED,DONE,3,EIDG,13,
176,Sunday,28-09-25,30764,36,MOKHTAR EL-SHENAWY,DPL,16-09-25,,,57.8,Fill,V01-D,V 163,LAYER - 6,2,,,APPROVED AS NOTED,DONE,3,EIDG,12,
177,Sunday,28-09-25,30765,36,MOKHTAR EL-SHENAWY,DPL,17-09-25,,,45.7,Fill,V01-D,V 163,LAYER - 7,2,,,APPROVED AS NOTED,DONE,3,EIDG,11,
178,Sunday,28-09-25,30766,36,MOKHTAR EL-SHENAWY,DPL,18-09-25,,,46.798,Fill,V01-D,V 163,LAYER - 8,2,,,APPROVED AS NOTED,DONE,3,EIDG,10,
179,Sunday,28-09-25,30767,36,MOKHTAR EL-SHENAWY,DPL,20-09-25,,,46.74,Fill,V01-D,V 163,LAYER - 9,2,,,APPROVED AS NOTED,DONE,3,EIDG,8,
180,Sunday,28-09-25,30768,36,MOKHTAR EL-SHENAWY,SOIL,30-08-25,A-2-4,23.20%,,Bottom of excavation,V01-D,V 163,,1,Sieve + Proctoer ,,APPROVED AS NOTED,DONE,3,EIDG,29,
181,Sunday,28-09-25,30738,36,MOKHTAR EL-SHENAWY,DPL,03-09-25,,,49.43,Bottom of excavation,V01-D,V 164,,2,,,APPROVED AS NOTED,DONE,3,EIDG,25,
182,Sunday,28-09-25,30739,36,MOKHTAR EL-SHENAWY,DPL,18-09-25,,,53.57,Fill,V01-D,V 164,LAYER - 10,2,,,APPROVED AS NOTED,DONE,3,EIDG,10,
183,Sunday,28-09-25,30740,36,MOKHTAR EL-SHENAWY,DPL,20-09-25,,,56.14,Fill,V01-D,V 164,LAYER - 11,2,,,APPROVED AS NOTED,DONE,3,EIDG,8,
184,Sunday,28-09-25,30741,36,MOKHTAR EL-SHENAWY,DPL,21-09-25,,,59.29,Fill,V01-D,V 164,LAYER - 12,2,,,APPROVED AS NOTED,DONE,3,EIDG,7,
185,Sunday,28-09-25,30742,36,MOKHTAR EL-SHENAWY,DPL,22-09-25,,,49.68,Fill,V01-D,V 164,LAYER - 13,2,,,APPROVED AS NOTED,DONE,3,EIDG,6,
186,Sunday,28-09-25,30743,36,MOKHTAR EL-SHENAWY,DPL,24-09-25,,,54.26,Fill,V01-D,V 164,LAYER - 14,2,,,APPROVED AS NOTED,DONE,3,EIDG,4,
187,Sunday,28-09-25,30744,36,MOKHTAR EL-SHENAWY,DPL,10-09-25,,,42.94,Fill,V01-D,V 164,LAYER - 1,2,,,APPROVED AS NOTED,DONE,3,EIDG,18,
188,Sunday,28-09-25,30745,36,MOKHTAR EL-SHENAWY,DPL,11-09-25,,,47.79,Fill,V01-D,V 164,LAYER - 2,2,,,APPROVED AS NOTED,DONE,3,EIDG,17,
189,Sunday,28-09-25,30746,36,MOKHTAR EL-SHENAWY,DPL,12-09-25,,,42.091,Fill,V01-D,V 164,LAYER - 3,2,,,APPROVED AS NOTED,DONE,3,EIDG,16,
190,Sunday,28-09-25,30747,36,MOKHTAR EL-SHENAWY,DPL,13-09-25,,,59.18,Fill,V01-D,V 164,LAYER - 4,2,,,APPROVED AS NOTED,DONE,3,EIDG,15,
191,Sunday,28-09-25,30748,36,MOKHTAR EL-SHENAWY,DPL,14-09-25,,,52.59,Fill,V01-D,V 164,LAYER - 5,2,,,APPROVED AS NOTED,DONE,3,EIDG,14,
192,Sunday,28-09-25,30749,36,MOKHTAR EL-SHENAWY,DPL,15-09-25,,,52.218,Fill,V01-D,V 164,LAYER - 6,2,,,APPROVED AS NOTED,DONE,3,EIDG,13,
193,Sunday,28-09-25,30750,36,MOKHTAR EL-SHENAWY,DPL,15-09-25,,,48.61,Fill,V01-D,V 164,LAYER - 7,2,,,APPROVED AS NOTED,DONE,3,EIDG,13,
194,Sunday,28-09-25,30751,36,MOKHTAR EL-SHENAWY,DPL,16-09-25,,,50.016,Fill,V01-D,V 164,LAYER - 8,2,,,APPROVED AS NOTED,DONE,3,EIDG,12,
195,Sunday,28-09-25,30752,36,MOKHTAR EL-SHENAWY,DPL,17-09-25,,,51.115,Fill,V01-D,V 164,LAYER - 9,2,,,APPROVED AS NOTED,DONE,3,EIDG,11,
196,Sunday,28-09-25,30753,36,MOKHTAR EL-SHENAWY,SOIL,30-08-25,A-2-4,18.00%,,Bottom of excavation,V01-D,V 164,,1,Sieve + Proctoer ,,APPROVED AS NOTED,DONE,3,EIDG,29,
197,Sunday,28-09-25,30710,36,MOKHTAR EL-SHENAWY,DPL,03-09-25,,,59.5,Bottom of excavation,V01-D,V 165,,2,,,APPROVED AS NOTED,DONE,3,EIDG,25,
198,Sunday,28-09-25,30711,36,MOKHTAR EL-SHENAWY,DPL,15-09-25,,,45.958,Fill,V01-D,V 165,LAYER - 10,2,,,APPROVED AS NOTED,DONE,3,EIDG,13,
199,Sunday,28-09-25,30712,36,MOKHTAR EL-SHENAWY,DPL,16-09-25,,,43.99,Fill,V01-D,V 165,LAYER - 11,2,,,APPROVED AS NOTED,DONE,3,EIDG,12,
200,Sunday,28-09-25,30713,36,MOKHTAR EL-SHENAWY,DPL,17-09-25,,,59.15,Fill,V01-D,V 165,LAYER - 12,2,,,APPROVED AS NOTED,DONE,3,EIDG,11,
201,Sunday,28-09-25,30714,36,MOKHTAR EL-SHENAWY,DPL,18-09-25,,,42.605,Fill,V01-D,V 165,LAYER - 13,2,,,APPROVED AS NOTED,DONE,3,EIDG,10,
202,Sunday,28-09-25,30715,36,MOKHTAR EL-SHENAWY,DPL,20-09-25,,,59.66,Fill,V01-D,V 165,LAYER - 14,2,,,APPROVED AS NOTED,DONE,3,EIDG,8,
203,Sunday,28-09-25,30716,36,MOKHTAR EL-SHENAWY,DPL,21-09-25,,,55.27,Fill,V01-D,V 165,LAYER - 15,2,,,APPROVED AS NOTED,DONE,3,EIDG,7,
204,Sunday,28-09-25,30717,36,MOKHTAR EL-SHENAWY,DPL,22-09-25,,,54.39,Fill,V01-D,V 165,LAYER - 16,2,,,APPROVED AS NOTED,DONE,3,EIDG,6,
205,Sunday,28-09-25,30718,36,MOKHTAR EL-SHENAWY,DPL,24-09-25,,,52.47,Fill,V01-D,V 165,LAYER - 17,2,,,APPROVED AS NOTED,DONE,3,EIDG,4,
206,Sunday,28-09-25,30179,36,MOKHTAR EL-SHENAWY,DPL,03-09-25,,,56.97,Fill,V01-D,V 165,LAYER - 1,2,,,APPROVED AS NOTED,DONE,3,EIDG,25,
207,Sunday,28-09-25,30720,36,MOKHTAR EL-SHENAWY,DPL,04-09-25,,,56.96,Fill,V01-D,V 165,LAYER - 2,2,,,APPROVED AS NOTED,DONE,3,EIDG,24,
208,Sunday,28-09-25,30721,36,MOKHTAR EL-SHENAWY,DPL,09-09-25,,,56.31,Fill,V01-D,V 165,LAYER - 3,2,,,APPROVED AS NOTED,DONE,3,EIDG,19,
209,Sunday,28-09-25,30722,36,MOKHTAR EL-SHENAWY,DPL,10-09-25,,,51.44,Fill,V01-D,V 165,LAYER - 4,2,,,APPROVED AS NOTED,DONE,3,EIDG,18,
210,Sunday,28-09-25,30723,36,MOKHTAR EL-SHENAWY,DPL,11-09-25,,,48.43,Fill,V01-D,V 165,LAYER - 5,2,,,APPROVED AS NOTED,DONE,3,EIDG,17,
211,Sunday,28-09-25,30724,36,MOKHTAR EL-SHENAWY,DPL,12-09-25,,,50.56,Fill,V01-D,V 165,LAYER - 6,2,,,APPROVED AS NOTED,DONE,3,EIDG,16,
212,Sunday,28-09-25,30725,36,MOKHTAR EL-SHENAWY,DPL,13-09-25,,,51.57,Fill,V01-D,V 165,LAYER - 7,2,,,APPROVED AS NOTED,DONE,3,EIDG,15,
213,Sunday,28-09-25,30726,36,MOKHTAR EL-SHENAWY,DPL,14-09-25,,,50.94,Fill,V01-D,V 165,LAYER - 8,2,,,APPROVED AS NOTED,DONE,3,EIDG,14,
214,Sunday,28-09-25,30727,36,MOKHTAR EL-SHENAWY,DPL,15-09-25,,,44.64,Fill,V01-D,V 165,LAYER - 9,2,,,APPROVED AS NOTED,DONE,3,EIDG,13,
215,Sunday,28-09-25,30728,36,MOKHTAR EL-SHENAWY,SOIL,01-09-25,A-2-4,32.90%,,Bottom of excavation,V01-D,V 165,,1,Sieve + Proctoer ,,APPROVED AS NOTED,DONE,3,EIDG,27,
216,Saturday,27-09-25,30781,36,Ahmed Saeed El-Shenawy,DPL,15-09-25,,,56.78,Fill,V01-D,V 101,LAYER - 10,2,,,APPROVED AS NOTED,DONE,2,EIDG,12,
217,Saturday,27-09-25,30782,36,Ahmed Saeed El-Shenawy,DPL,16-09-25,,,53.39,Fill,V01-D,V 101,LAYER - 11,2,,,APPROVED AS NOTED,DONE,2,EIDG,11,
218,Saturday,27-09-25,30783,36,Ahmed Saeed El-Shenawy,DPL,18-09-25,,,47.17,Fill,V01-D,V 101,LAYER - 12,2,,,APPROVED AS NOTED,DONE,2,EIDG,9,
219,Saturday,27-09-25,30784,36,Ahmed Saeed El-Shenawy,DPL,18-09-25,,,51.18,Fill,V01-D,V 101,LAYER - 13,2,,,APPROVED AS NOTED,DONE,2,EIDG,9,
220,Saturday,27-09-25,30785,36,Ahmed Saeed El-Shenawy,DPL,21-09-25,,,52.83,Fill,V01-D,V 101,LAYER - 14,2,,,APPROVED AS NOTED,DONE,2,EIDG,6,
221,Saturday,27-09-25,30786,36,Ahmed Saeed El-Shenawy,DPL,22-09-25,,,49.46,Fill,V01-D,V 101,LAYER - 15,2,,,APPROVED AS NOTED,DONE,2,EIDG,5,
222,Saturday,27-09-25,30787,36,Ahmed Saeed El-Shenawy,DPL,24-09-25,,,55.22,Fill,V01-D,V 101,LAYER - 16,2,,,APPROVED AS NOTED,DONE,2,EIDG,3,
223,Saturday,27-09-25,30788,36,Ahmed Saeed El-Shenawy,DPL,31-08-25,,,48.65,Fill,V01-D,V 101,LAYER - 1,2,,,APPROVED AS NOTED,DONE,2,EIDG,27,
224,Saturday,27-09-25,30789,36,Ahmed Saeed El-Shenawy,DPL,01-09-25,,,58.06,Fill,V01-D,V 101,LAYER - 2,2,,,APPROVED AS NOTED,DONE,2,EIDG,26,
225,Saturday,27-09-25,30790,36,Ahmed Saeed El-Shenawy,DPL,01-09-25,,,50.7,Fill,V01-D,V 101,LAYER - 3,4,,,APPROVED AS NOTED,DONE,2,EIDG,26,
226,Saturday,27-09-25,30791,36,Ahmed Saeed El-Shenawy,DPL,02-09-25,,,61.6,Fill,V01-D,V 101,LAYER - 4,2,,,APPROVED AS NOTED,DONE,2,EIDG,25,
227,Saturday,27-09-25,30792,36,Ahmed Saeed El-Shenawy,DPL,04-09-25,,,47.52,Fill,V01-D,V 101,LAYER - 5,3,,,APPROVED AS NOTED,DONE,2,EIDG,23,
228,Saturday,27-09-25,30793,36,Ahmed Saeed El-Shenawy,DPL,06-09-25,,,53.01,Fill,V01-D,V 101,LAYER - 6,2,,,APPROVED AS NOTED,DONE,2,EIDG,21,
229,Saturday,27-09-25,30794,36,Ahmed Saeed El-Shenawy,DPL,08-09-25,,,58.55,Fill,V01-D,V 101,LAYER - 7,2,,,APPROVED AS NOTED,DONE,2,EIDG,19,
230,Saturday,27-09-25,30795,36,Ahmed Saeed El-Shenawy,DPL,13-09-25,,,55.18,Fill,V01-D,V 101,LAYER - 8,2,,,APPROVED AS NOTED,DONE,2,EIDG,14,
231,Saturday,27-09-25,30796,36,Ahmed Saeed El-Shenawy,DPL,15-09-25,,,60.8,Fill,V01-D,V 101,LAYER - 9,2,,,APPROVED AS NOTED,DONE,2,EIDG,12,
232,Saturday,27-09-25,30797,36,Ahmed Saeed El-Shenawy,SOIL,26-08-25,A-4,93.80%,,Bottom of excavation,V01-D,V 101,,1,Sieve analysis,,APPROVED AS NOTED,DONE,3,EIDG,32,
233,Sunday,28-09-25,30980,36,El-Batal,DPL,21-07-25,,,52.61,Bottom of excavation,V01-D,V 86,,2,,,APPROVED AS NOTED,DONE,3,EIDG,69,
234,Thursday,25-09-25,30981,36,El-Batal,DPL,01-08-25,,,41.87,Fill,V01-D,V 86,LAYER - 10,2,,,APPROVED AS NOTED,DONE,3,EIDG,55,
235,Thursday,25-09-25,30982,36,El-Batal,DPL,02-08-25,,,56.711,Fill,V01-D,V 86,LAYER - 11,2,,,APPROVED AS NOTED,DONE,3,EIDG,54,
236,Thursday,25-09-25,30983,36,El-Batal,DPL,08-08-25,,,48.84,Fill,V01-D,V 86,LAYER - 12,2,,,APPROVED AS NOTED,DONE,3,EIDG,48,
237,Thursday,25-09-25,30984,36,El-Batal,DPL,22-07-25,,,42.85,Fill,V01-D,V 86,LAYER - 1,2,,,APPROVED AS NOTED,DONE,3,EIDG,65,
238,Thursday,25-09-25,30985,36,El-Batal,DPL,23-07-25,,,53.64,Fill,V01-D,V 86,LAYER - 2,2,,,APPROVED AS NOTED,DONE,3,EIDG,64,
239,Thursday,25-09-25,30986,36,El-Batal,DPL,24-07-25,,,41.8,Fill,V01-D,V 86,LAYER - 3,2,,,APPROVED AS NOTED,DONE,3,EIDG,63,
240,Thursday,25-09-25,30987,36,El-Batal,DPL,25-07-25,,,52.035,Fill,V01-D,V 86,LAYER - 4,2,,,APPROVED AS NOTED,DONE,3,EIDG,62,
241,Thursday,25-09-25,30988,36,El-Batal,DPL,27-07-25,,,45.233,Fill,V01-D,V 86,LAYER - 5,2,,,APPROVED AS NOTED,DONE,3,EIDG,60,
242,Thursday,25-09-25,30989,36,El-Batal,DPL,28-07-25,,,59.99,Fill,V01-D,V 86,LAYER - 6,2,,,APPROVED AS NOTED,DONE,3,EIDG,59,
243,Thursday,25-09-25,30990,36,El-Batal,DPL,28-07-25,,,46.249,Fill,V01-D,V 86,LAYER - 7,2,,,APPROVED AS NOTED,DONE,3,EIDG,59,
244,Thursday,25-09-25,30991,36,El-Batal,DPL,29-07-25,,,43.44,Fill,V01-D,V 86,LAYER - 8,2,,,APPROVED AS NOTED,DONE,3,EIDG,58,
245,Thursday,25-09-25,30992,36,El-Batal,DPL,30-07-25,,,55.59,Fill,V01-D,V 86,LAYER - 9,2,,,APPROVED AS NOTED,DONE,3,EIDG,57,
246,Thursday,25-09-25,30993,36,El-Batal,SOIL,21-07-25,A-2-4,26.20%,,Bottom of excavation,V01-D,V 86,,1,,,APPROVED AS NOTED,DONE,3,EIDG,66,
247,Thursday,25-09-25,30994,36,MOKHTAR EL-SHENAWY,DPL,02-09-25,,,46.134,Fill,V01-D,V ( 124 -125 ),LAYER - 4,2,,,APPROVED AS NOTED,DONE,3,EIDG,23,
248,Thursday,25-09-25,30995,36,MOKHTAR EL-SHENAWY,DPL,21-08-25,,,55.369,Bottom of excavation,V01-D,V ( 124 -125 ),,2,,,APPROVED AS NOTED,DONE,3,EIDG,35,
249,Thursday,25-09-25,30996,36,MOKHTAR EL-SHENAWY,DPL,31-08-25,,,47.53,Fill,V01-D,V ( 124 -125 ),LAYER - 1,2,,,APPROVED AS NOTED,DONE,3,EIDG,25,
250,Thursday,25-09-25,30997,36,MOKHTAR EL-SHENAWY,DPL,01-09-25,,,59.73,Fill,V01-D,V ( 124 -125 ),LAYER - 2,2,,,APPROVED AS NOTED,DONE,3,EIDG,24,
251,Thursday,25-09-25,30998,36,MOKHTAR EL-SHENAWY,DPL,01-09-25,,,60.11,Fill,V01-D,V ( 124 -125 ),LAYER - 3,2,,,APPROVED AS NOTED,DONE,3,EIDG,24,
252,Thursday,25-09-25,30999,36,MOKHTAR EL-SHENAWY,DPL,03-09-25,,,67.27,Fill,V01-D,V ( 124 -125 ),LAYER - 5,2,,,APPROVED AS NOTED,DONE,3,EIDG,22,
253,Thursday,25-09-25,31000,36,MOKHTAR EL-SHENAWY,DPL,04-09-25,,,42.3,Fill,V01-D,V ( 124 -125 ),LAYER - 6,2,,,APPROVED AS NOTED,DONE,3,EIDG,21,
254,Thursday,25-09-25,31001,36,MOKHTAR EL-SHENAWY,DPL,07-09-25,,,42.88,Fill,V01-D,V ( 124 -125 ),LAYER - 7,2,,,APPROVED AS NOTED,DONE,3,EIDG,18,
255,Thursday,25-09-25,31002,36,MOKHTAR EL-SHENAWY,DPL,24-09-25,,,68.3,Fill,V01-D,V ( 124 -125 ),LAYER - 8,2,,,APPROVED AS NOTED,DONE,3,EIDG,1,
256,Thursday,25-09-25,31003,36,MOKHTAR EL-SHENAWY,SOIL,20-08-25,A-2-4,18.60%,,Bottom of excavation,V01-D,V ( 124 -125 ),,1,Sieve + Proctoer ,,APPROVED AS NOTED,DONE,3,EIDG,36,
257,Thursday,25-09-25,31004,36,El-Batal,DPL,21-07-25,,,44.233,Bottom of excavation,V01-D,V 87,,2,,,APPROVED AS NOTED,DONE,3,EIDG,66,
258,Thursday,25-09-25,31005,36,El-Batal,DPL,01-08-25,,,51.54,Fill,V01-D,V 87,LAYER - 10,2,,,APPROVED AS NOTED,DONE,3,EIDG,55,
259,Thursday,25-09-25,31006,36,El-Batal,DPL,02-08-25,,,50.37,Fill,V01-D,V 87,LAYER - 11,2,,,APPROVED AS NOTED,DONE,3,EIDG,54,
260,Thursday,25-09-25,31007,36,El-Batal,DPL,08-08-25,,,47.81,Fill,V01-D,V 87,LAYER - 12,2,,,APPROVED AS NOTED,DONE,3,EIDG,48,
261,Thursday,25-09-25,31008,36,El-Batal,DPL,22-07-25,,,43.95,Fill,V01-D,V 87,LAYER - 1,2,,,APPROVED AS NOTED,DONE,3,EIDG,65,
262,Thursday,25-09-25,31009,36,El-Batal,DPL,23-07-25,,,51.62,Fill,V01-D,V 87,LAYER - 2,2,,,APPROVED AS NOTED,DONE,3,EIDG,64,
263,Thursday,25-09-25,31010,36,El-Batal,DPL,24-07-25,,,41.75,Fill,V01-D,V 87,LAYER - 3,2,,,APPROVED AS NOTED,DONE,3,EIDG,63,
264,Thursday,25-09-25,31011,36,El-Batal,DPL,25-07-25,,,56.86,Fill,V01-D,V 87,LAYER - 4,2,,,APPROVED AS NOTED,DONE,3,EIDG,62,
265,Thursday,25-09-25,31012,36,El-Batal,DPL,27-07-25,,,46.73,Fill,V01-D,V 87,LAYER - 5,2,,,APPROVED AS NOTED,DONE,3,EIDG,60,
266,Thursday,25-09-25,31013,36,El-Batal,DPL,28-07-25,,,43.19,Fill,V01-D,V 87,LAYER - 6,2,,,APPROVED AS NOTED,DONE,3,EIDG,59,
267,Thursday,25-09-25,31014,36,El-Batal,DPL,28-07-25,,,61.82,Fill,V01-D,V 87,LAYER - 7,2,,,APPROVED AS NOTED,DONE,3,EIDG,59,
268,Thursday,25-09-25,31015,36,El-Batal,DPL,29-07-25,,,60.65,Fill,V01-D,V 87,LAYER - 8,2,,,APPROVED AS NOTED,DONE,3,EIDG,58,
269,Thursday,25-09-25,31016,36,El-Batal,DPL,30-07-25,,,67.38,Fill,V01-D,V 87,LAYER - 9,2,,,APPROVED AS NOTED,DONE,3,EIDG,57,
270,Thursday,25-09-25,31017,36,El-Batal,SOIL,21-07-25,A-2-4,19.80%,,Bottom of excavation,V01-D,V 87,,1,Sieve + Proctoer ,,APPROVED AS NOTED,DONE,3,EIDG,66,
271,Wednesday,24-09-25,31018,36,Ahmed Saeed El-Shenawy,DPL,08-07-25,,,47.44,Bottom of excavation,V01-D,V 14,,2,,,APPROVED AS NOTED,DONE,3,EIDG,78,
272,Wednesday,24-09-25,31019,36,Ahmed Saeed El-Shenawy,DPL,15-07-25,,,49.49,Fill,V01-D,V 14,LAYER - 1,2,,,APPROVED AS NOTED,DONE,3,EIDG,71,
273,Wednesday,24-09-25,31020,36,Ahmed Saeed El-Shenawy,DPL,17-07-25,,,60.12,Fill,V01-D,V 14,LAYER - 2,2,,,APPROVED AS NOTED,DONE,3,EIDG,69,
274,Wednesday,24-09-25,31021,36,Ahmed Saeed El-Shenawy,SOIL,07-07-25,A-2-4,26.40%,,Bottom of excavation,V01-D,V 14,,1,Sieve + Proctoer ,,APPROVED AS NOTED,DONE,3,EIDG,79,
275,Wednesday,24-09-25,31113,36,MOHAMED ABDELWAHAB,DPL,11-07-25,,,59.343,Bottom of excavation,V01-D,V 140,,2,,,APPROVED AS NOTED,DONE,3,EIDG,75,
276,Wednesday,24-09-25,31114,36,MOHAMED ABDELWAHAB,DPL,17-07-25,,,49.76,Fill,V01-D,V 140,LAYER - 10,2,,,APPROVED AS NOTED,DONE,3,EIDG,69,
277,Wednesday,24-09-25,31115,36,MOHAMED ABDELWAHAB,DPL,18-07-25,,,63.13,Fill,V01-D,V 140,LAYER - 11,2,,,APPROVED AS NOTED,DONE,3,EIDG,68,
278,Wednesday,24-09-25,31116,36,MOHAMED ABDELWAHAB,DPL,18-07-25,,,65.69,Fill,V01-D,V 140,LAYER - 12,2,,,APPROVED AS NOTED,DONE,3,EIDG,68,
279,Wednesday,24-09-25,31117,36,MOHAMED ABDELWAHAB,DPL,19-07-25,,,61.76,Fill,V01-D,V 140,LAYER - 13,2,,,APPROVED AS NOTED,DONE,3,EIDG,67,
280,Wednesday,24-09-25,31118,36,MOHAMED ABDELWAHAB,DPL,20-07-25,,,43.9,Fill,V01-D,V 140,LAYER - 14,2,,,APPROVED AS NOTED,DONE,3,EIDG,66,
281,Wednesday,24-09-25,31119,36,MOHAMED ABDELWAHAB,DPL,21-07-25,,,41.065,Fill,V01-D,V 140,LAYER - 15,2,,,APPROVED AS NOTED,DONE,3,EIDG,65,
282,Wednesday,24-09-25,31120,36,MOHAMED ABDELWAHAB,DPL,21-07-25,,,57.125,Fill,V01-D,V 140,LAYER - 16,2,,,APPROVED AS NOTED,DONE,3,EIDG,65,
283,Wednesday,24-09-25,31121,36,MOHAMED ABDELWAHAB,DPL,22-07-25,,,60.911,Fill,V01-D,V 140,LAYER - 17,2,,,APPROVED AS NOTED,DONE,3,EIDG,64,
284,Wednesday,24-09-25,31122,36,MOHAMED ABDELWAHAB,DPL,12-07-25,,,43.82,Fill,V01-D,V 140,LAYER - 1,2,,,APPROVED AS NOTED,DONE,3,EIDG,74,
285,Wednesday,24-09-25,31123,36,MOHAMED ABDELWAHAB,DPL,12-07-25,,,45.65,Fill,V01-D,V 140,LAYER - 2,2,,,APPROVED AS NOTED,DONE,3,EIDG,74,
286,Wednesday,24-09-25,31124,36,MOHAMED ABDELWAHAB,DPL,13-07-25,,,47.96,Fill,V01-D,V 140,LAYER - 3,2,,,APPROVED AS NOTED,DONE,3,EIDG,73,
287,Wednesday,24-09-25,31125,36,MOHAMED ABDELWAHAB,DPL,13-07-25,,,56.17,Fill,V01-D,V 140,LAYER - 4,2,,,APPROVED AS NOTED,DONE,3,EIDG,73,
288,Wednesday,24-09-25,31126,36,MOHAMED ABDELWAHAB,DPL,14-07-25,,,58.16,Fill,V01-D,V 140,LAYER - 5,2,,,APPROVED AS NOTED,DONE,3,EIDG,72,
289,Wednesday,24-09-25,31127,36,MOHAMED ABDELWAHAB,DPL,14-07-25,,,46.83,Fill,V01-D,V 140,LAYER - 6,2,,,APPROVED AS NOTED,DONE,3,EIDG,72,
290,Wednesday,24-09-25,31128,36,MOHAMED ABDELWAHAB,DPL,15-07-25,,,65.84,Fill,V01-D,V 140,LAYER - 7,2,,,APPROVED AS NOTED,DONE,3,EIDG,71,
291,Wednesday,24-09-25,31129,36,MOHAMED ABDELWAHAB,DPL,15-07-25,,,42.87,Fill,V01-D,V 140,LAYER - 8,2,,,APPROVED AS NOTED,DONE,3,EIDG,71,
292,Wednesday,24-09-25,31130,36,MOHAMED ABDELWAHAB,DPL,16-07-25,,,46.79,Fill,V01-D,V 140,LAYER - 9,2,,,APPROVED AS NOTED,DONE,3,EIDG,70,
293,Wednesday,24-09-25,31131,36,MOHAMED ABDELWAHAB,SOIL,10-07-25,A-3,2.00%,,Bottom of excavation,V01-D,V 140,,1,Sieve + Proctoer ,,APPROVED AS NOTED,DONE,3,EIDG,76,
294,Wednesday,24-09-25,30828,36,MOHAMED ABDELWAHAB,DPL,02-07-25,,,49.05,Fill,V01-D,V 149,LAYER - 1,2,,,APPROVED AS NOTED,DONE,3,EIDG,84,
295,Wednesday,24-09-25,30829,36,MOHAMED ABDELWAHAB,DPL,04-07-25,,,52.58,Fill,V01-D,V 149,LAYER - 2,2,,,APPROVED AS NOTED,DONE,3,EIDG,82,
296,Wednesday,24-09-25,30830,36,MOHAMED ABDELWAHAB,DPL,11-07-25,,,45.53,Fill,V01-D,V 149,LAYER - 3,2,,,APPROVED AS NOTED,DONE,3,EIDG,75,
297,Wednesday,24-09-25,30831,36,MOHAMED ABDELWAHAB,DPL,12-07-25,,,50.63,Fill,V01-D,V 149,LAYER - 4,2,,,APPROVED AS NOTED,DONE,3,EIDG,74,
298,Wednesday,24-09-25,30832,36,MOHAMED ABDELWAHAB,DPL,12-07-25,,,64.38,Fill,V01-D,V 149,LAYER - 5,2,,,APPROVED AS NOTED,DONE,3,EIDG,74,
299,Wednesday,24-09-25,30833,36,MOHAMED ABDELWAHAB,DPL,14-07-25,,,55.35,Fill,V01-D,V 149,LAYER - 6,2,,,APPROVED AS NOTED,DONE,3,EIDG,72,
300,Wednesday,24-09-25,30834,36,MOHAMED ABDELWAHAB,SOIL,01-07-25,A-4,61.20%,,Bottom of excavation,V01-D,V 149,,1,Sieve analysis,,APPROVED AS NOTED,DONE,3,EIDG,85,
301,Wednesday,24-09-25,30824,36,MOHAMED ABDELWAHAB,DPL,02-07-25,,,52.35,Fill,V01-D,V 147,LAYER - 1,2,,,APPROVED AS NOTED,DONE,3,EIDG,84,
302,Wednesday,24-09-25,30825,36,MOHAMED ABDELWAHAB,DPL,04-07-25,,,49.113,Fill,V01-D,V 147,LAYER - 2,2,,,APPROVED AS NOTED,DONE,3,EIDG,82,
303,Wednesday,24-09-25,30826,36,MOHAMED ABDELWAHAB,DPL,11-07-25,,,62.28,Fill,V01-D,V 147,LAYER - 3,2,,,APPROVED AS NOTED,DONE,3,EIDG,75,
304,Wednesday,24-09-25,30827,36,MOHAMED ABDELWAHAB,SOIL,01-07-25,A-4,53.00%,,Bottom of excavation,V01-D,V 147,,1,Sieve analysis,,APPROVED AS NOTED,DONE,2,EIDG,85,
305,Wednesday,24-09-25,30821,36,MOHAMED ABDELWAHAB,DPL,02-07-25,,,43.49,Fill,V01-D,V 146,LAYER - 1,2,,,APPROVED AS NOTED,DONE,3,EIDG,84,
306,Wednesday,24-09-25,30822,36,MOHAMED ABDELWAHAB,DPL,05-07-25,,,58.75,Fill,V01-D,V 146,LAYER - 2,2,,,APPROVED AS NOTED,DONE,3,EIDG,81,
307,Wednesday,24-09-25,30823,36,MOHAMED ABDELWAHAB,SOIL,01-07-25,A-4,54.40%,,Bottom of excavation,V01-D,V 146,,1,Sieve analysis,,APPROVED AS NOTED,DONE,2,EIDG,85,
308,Wednesday,24-09-25,30818,36,MOHAMED ABDELWAHAB,DPL,02-07-25,,,47.22,Fill,V01-D,V 145,LAYER - 1,2,,,APPROVED AS NOTED,DONE,3,EIDG,84,
309,Wednesday,24-09-25,30819,36,MOHAMED ABDELWAHAB,DPL,05-07-25,,,46.27,Fill,V01-D,V 145,LAYER - 2,2,,,APPROVED AS NOTED,DONE,3,EIDG,81,
310,Wednesday,24-09-25,30820,36,MOHAMED ABDELWAHAB,SOIL,01-07-25,A-4,56.60%,,Bottom of excavation,V01-D,V 145,,1,Sieve analysis,,APPROVED AS NOTED,DONE,2,EIDG,85,
311,Sunday,28-09-25,30798,36,Etihadeya,DPL,13-07-25,,,57.7,Bottom of excavation,V01-D,V 156,,2,,,APPROVED AS NOTED,DONE,3,EIDG,77,
312,Sunday,28-09-25,30799,36,Etihadeya,DPL,01-08-25,,,44.6,Fill,V01-D,V 156,LAYER - 10,2,,,APPROVED AS NOTED,DONE,3,EIDG,58,
313,Sunday,28-09-25,30800,36,Etihadeya,DPL,02-08-25,,,51.62,Fill,V01-D,V 156,LAYER - 11,2,,,APPROVED AS NOTED,DONE,3,EIDG,57,
314,Sunday,28-09-25,30801,36,Etihadeya,DPL,03-08-25,,,47.23,Fill,V01-D,V 156,LAYER - 12,2,,,APPROVED AS NOTED,DONE,3,EIDG,56,
315,Sunday,28-09-25,30802,36,Etihadeya,DPL,04-08-25,,,48.46,Fill,V01-D,V 156,LAYER - 13,2,,,APPROVED AS NOTED,DONE,3,EIDG,55,
316,Sunday,28-09-25,30803,36,Etihadeya,DPL,05-08-25,,,40.98,Fill,V01-D,V 156,LAYER - 14,2,,,APPROVED AS NOTED,DONE,3,EIDG,54,
317,Sunday,28-09-25,30804,36,Etihadeya,DPL,05-08-25,,,46.45,Fill,V01-D,V 156,LAYER - 15,2,,,APPROVED AS NOTED,DONE,3,EIDG,54,
318,Sunday,28-09-25,30805,36,Etihadeya,DPL,07-08-25,,,44.3,Fill,V01-D,V 156,LAYER - 16,2,,,APPROVED AS NOTED,DONE,3,EIDG,52,
319,Sunday,28-09-25,30806,36,Etihadeya,DPL,07-08-25,,,55.103,Fill,V01-D,V 156,LAYER - 17,2,,,APPROVED AS NOTED,DONE,3,EIDG,52,
320,Sunday,28-09-25,30807,36,Etihadeya,DPL,09-08-25,,,52.211,Fill,V01-D,V 156,LAYER - 18,2,,,APPROVED AS NOTED,DONE,3,EIDG,50,
321,Sunday,28-09-25,30808,36,Etihadeya,DPL,16-07-25,,,57.38,Fill,V01-D,V 156,LAYER - 1,2,,,APPROVED AS NOTED,DONE,3,EIDG,74,
322,Sunday,28-09-25,30809,36,Etihadeya,DPL,19-07-25,,,52.88,Fill,V01-D,V 156,LAYER - 2,2,,,APPROVED AS NOTED,DONE,3,EIDG,71,
323,Sunday,28-09-25,30810,36,Etihadeya,DPL,19-07-25,,,50.255,Fill,V01-D,V 156,LAYER - 3,2,,,APPROVED AS NOTED,DONE,3,EIDG,71,
324,Sunday,28-09-25,30811,36,Etihadeya,DPL,21-07-25,,,55.76,Fill,V01-D,V 156,LAYER - 4,2,,,APPROVED AS NOTED,DONE,3,EIDG,69,
325,Sunday,28-09-25,30812,36,Etihadeya,DPL,21-07-25,,,44.68,Fill,V01-D,V 156,LAYER - 5,2,,,APPROVED AS NOTED,DONE,3,EIDG,69,
326,Sunday,28-09-25,30813,36,Etihadeya,DPL,22-07-25,,,49.49,Fill,V01-D,V 156,LAYER - 6,2,,,APPROVED AS NOTED,DONE,3,EIDG,68,
327,Sunday,28-09-25,30814,36,Etihadeya,DPL,23-07-25,,,42.504,Fill,V01-D,V 156,LAYER - 7,2,,,APPROVED AS NOTED,DONE,3,EIDG,67,
328,Sunday,28-09-25,30815,36,Etihadeya,DPL,24-07-25,,,53.37,Fill,V01-D,V 156,LAYER - 8,2,,,APPROVED AS NOTED,DONE,3,EIDG,66,
329,Sunday,28-09-25,30816,36,Etihadeya,DPL,31-07-25,,,55.707,Fill,V01-D,V 156,LAYER - 9,2,,,APPROVED AS NOTED,DONE,3,EIDG,59,
330,Sunday,28-09-25,30817,36,Etihadeya,SOIL,12-07-25,A-4,51.20%,,Bottom of excavation,V01-D,V 156,,1,Sieve analysis,,APPROVED AS NOTED,DONE,3,EIDG,78,
331,Friday,26-09-25,31132,36,El-Batal,DPL,06-08-25,,,46.48,Fill,V01-D,V 91,LAYER - 6,2,,,APPROVED AS NOTED,DONE,3,EIDG,51,
332,Friday,26-09-25,31133,36,El-Batal,DPL,04-08-25,,,46.92,Fill,V01-D,V 91,LAYER - 5,2,,,APPROVED AS NOTED,DONE,3,EIDG,53,
333,Friday,26-09-25,31134,36,El-Batal,DPL,02-08-25,,,58.07,Fill,V01-D,V 91,LAYER - 4,2,,,APPROVED AS NOTED,DONE,3,EIDG,55,
334,Friday,26-09-25,31135,36,El-Batal,DPL,22-07-25,,,54.88,Fill,V01-D,V 91,LAYER - 3,2,,,APPROVED AS NOTED,DONE,3,EIDG,66,
335,Friday,26-09-25,31136,36,El-Batal,DPL,21-07-25,,,51.63,Fill,V01-D,V 91,LAYER - 2,2,,,APPROVED AS NOTED,DONE,3,EIDG,67,
336,Friday,26-09-25,31137,36,El-Batal,DPL,20-07-25,,,49.28,Fill,V01-D,V 91,LAYER - 1,2,,,APPROVED AS NOTED,DONE,3,EIDG,68,
337,Friday,26-09-25,31138,36,El-Batal,SOIL,20-07-25,A-4,62.40%,,Bottom of excavation,V01-D,V 91,,1,Sieve analysis,,APPROVED AS NOTED,DONE,2,EIDG,68,
338,Thursday,25-09-25,31139,36,El-Batal,DPL,21-07-25,,,56.61,Bottom of excavation,V01-D,V 88,,2,,,APPROVED AS NOTED,DONE,3,EIDG,66,
339,Thursday,25-09-25,31140,36,El-Batal,DPL,02-08-25,,,50.167,Fill,V01-D,V 88,LAYER - 10,2,,,APPROVED AS NOTED,DONE,3,EIDG,54,
340,Thursday,25-09-25,31141,36,El-Batal,DPL,08-08-25,,,68.187,Fill,V01-D,V 88,LAYER - 11,2,,,APPROVED AS NOTED,DONE,3,EIDG,48,
341,Thursday,25-09-25,31142,36,El-Batal,DPL,23-07-25,,,53.203,Fill,V01-D,V 88,LAYER - 1,2,,,APPROVED AS NOTED,DONE,3,EIDG,64,
342,Thursday,25-09-25,31143,36,El-Batal,DPL,24-07-25,,,44.73,Fill,V01-D,V 88,LAYER - 2,2,,,APPROVED AS NOTED,DONE,3,EIDG,63,
343,Thursday,25-09-25,31144,36,El-Batal,DPL,25-07-25,,,57.187,Fill,V01-D,V 88,LAYER - 3,2,,,APPROVED AS NOTED,DONE,3,EIDG,62,
344,Thursday,25-09-25,31145,36,El-Batal,DPL,27-07-25,,,46.067,Fill,V01-D,V 88,LAYER - 4,2,,,APPROVED AS NOTED,DONE,3,EIDG,60,
345,Thursday,25-09-25,31146,36,El-Batal,DPL,28-07-25,,,43.61,Fill,V01-D,V 88,LAYER - 5,2,,,APPROVED AS NOTED,DONE,3,EIDG,59,
346,Thursday,25-09-25,31147,36,El-Batal,DPL,28-07-25,,,61.417,Fill,V01-D,V 88,LAYER - 6,2,,,APPROVED AS NOTED,DONE,3,EIDG,59,
347,Thursday,25-09-25,31148,36,El-Batal,DPL,29-07-25,,,47.92,Fill,V01-D,V 88,LAYER - 7,2,,,APPROVED AS NOTED,DONE,3,EIDG,58,
348,Thursday,25-09-25,31149,36,El-Batal,DPL,30-07-25,,,44.67,Fill,V01-D,V 88,LAYER - 8,2,,,APPROVED AS NOTED,DONE,3,EIDG,57,
349,Thursday,25-09-25,31150,36,El-Batal,DPL,01-08-25,,,61.68,Fill,V01-D,V 88,LAYER - 9,2,,,APPROVED AS NOTED,DONE,3,EIDG,55,
350,Thursday,25-09-25,31151,36,El-Batal,SOIL,21-07-25,A-2-4,28.00%,,Bottom of excavation,V01-D,V 88,,1,Sieve + Proctoer ,,APPROVED AS NOTED,DONE,3,EIDG,66,
351,Wednesday,24-09-25,31157,36,MOKHTAR EL-SHENAWY,DPL,23-07-25,,,52.63,Fill,V01-D,V 83,LAYER - 9,2,,,APPROVED AS NOTED,DONE,3,EIDG,63,
352,Wednesday,24-09-25,31158,36,MOKHTAR EL-SHENAWY,DPL,22-07-25,,,43.15,Fill,V01-D,V 83,LAYER - 8,2,,,APPROVED AS NOTED,DONE,3,EIDG,64,
353,Wednesday,24-09-25,31159,36,MOKHTAR EL-SHENAWY,DPL,21-07-25,,,52.81,Fill,V01-D,V 83,LAYER - 7,2,,,APPROVED AS NOTED,DONE,3,EIDG,65,
354,Wednesday,24-09-25,31160,36,MOKHTAR EL-SHENAWY,DPL,20-07-25,,,41.83,Fill,V01-D,V 83,LAYER - 6,2,,,APPROVED AS NOTED,DONE,3,EIDG,66,
355,Wednesday,24-09-25,31161,36,MOKHTAR EL-SHENAWY,DPL,19-07-25,,,55.219,Fill,V01-D,V 83,LAYER - 5,2,,,APPROVED AS NOTED,DONE,3,EIDG,67,
356,Wednesday,24-09-25,31162,36,MOKHTAR EL-SHENAWY,DPL,16-07-25,,,56.84,Bottom of excavation,V01-D,V 83,,2,,,APPROVED AS NOTED,DONE,3,EIDG,70,
357,Wednesday,24-09-25,31163,36,MOKHTAR EL-SHENAWY,DPL,18-07-25,,,43.24,Fill,V01-D,V 83,LAYER - 4,2,,,APPROVED AS NOTED,DONE,3,EIDG,68,
358,Wednesday,24-09-25,31164,36,MOKHTAR EL-SHENAWY,DPL,18-07-25,,,43.34,Fill,V01-D,V 83,LAYER - 3,2,,,APPROVED AS NOTED,DONE,3,EIDG,68,
359,Wednesday,24-09-25,31165,36,MOKHTAR EL-SHENAWY,DPL,17-07-25,,,45.14,Fill,V01-D,V 83,LAYER - 2,2,,,APPROVED AS NOTED,DONE,3,EIDG,69,
360,Wednesday,24-09-25,31166,36,MOKHTAR EL-SHENAWY,DPL,17-07-25,,,41.67,Fill,V01-D,V 83,LAYER - 1,2,,,APPROVED AS NOTED,DONE,3,EIDG,69,
361,Wednesday,24-09-25,31167,36,MOKHTAR EL-SHENAWY,DPL,24-07-25,,,50.76,Fill,V01-D,V 83,LAYER - 10,2,,,APPROVED AS NOTED,DONE,3,EIDG,62,
362,Wednesday,24-09-25,31168,36,MOKHTAR EL-SHENAWY,DPL,28-07-25,,,43.92,Fill,V01-D,V 83,LAYER - 11,2,,,APPROVED AS NOTED,DONE,3,EIDG,58,
363,Wednesday,24-09-25,31169,36,MOKHTAR EL-SHENAWY,SOIL,15-07-25,A-2-4,29.20%,,Bottom of excavation,V01-D,V 83,,1,Sieve + Proctoer ,,APPROVED AS NOTED,DONE,3,EIDG,71,
364,Wednesday,24-09-25,31170,36,MOHAMED ABDELWAHAB,DPL,02-07-25,,,46.5,Fill,V01-D,V 142,LAYER - 1,2,,,APPROVED AS NOTED,DONE,3,EIDG,84,
365,Wednesday,24-09-25,31171,36,MOHAMED ABDELWAHAB,DPL,03-07-25,,,57.82,Fill,V01-D,V 142,LAYER - 2,2,,,APPROVED AS NOTED,DONE,3,EIDG,83,
366,Sunday,28-09-25,30695,36,Ahmed Saeed El-Shenawy,DPL,18-09-25,,,42.52,Fill,V01-D,V 109,LAYER - 10,2,,,APPROVED AS NOTED,DONE,3,EIDG,10,
367,Sunday,28-09-25,30696,36,Ahmed Saeed El-Shenawy,DPL,20-09-25,,,57.78,Fill,V01-D,V 109,LAYER - 11,2,,,APPROVED AS NOTED,DONE,3,EIDG,8,
368,Sunday,28-09-25,30697,36,Ahmed Saeed El-Shenawy,DPL,22-09-25,,,50.69,Fill,V01-D,V 109,LAYER - 12,2,,,APPROVED AS NOTED,DONE,3,EIDG,6,
369,Sunday,28-09-25,30698,36,Ahmed Saeed El-Shenawy,DPL,22-09-25,,,60.246,Fill,V01-D,V 109,LAYER - 13,2,,,APPROVED AS NOTED,DONE,3,EIDG,6,
370,Sunday,28-09-25,30699,36,Ahmed Saeed El-Shenawy,DPL,23-09-25,,,62.315,Fill,V01-D,V 109,LAYER - 14,2,,,APPROVED AS NOTED,DONE,3,EIDG,5,
371,Sunday,28-09-25,30700,36,Ahmed Saeed El-Shenawy,DPL,24-09-25,,,52.147,Fill,V01-D,V 109,LAYER - 15,2,,,APPROVED AS NOTED,DONE,3,EIDG,4,
372,Sunday,28-09-25,30701,36,Ahmed Saeed El-Shenawy,DPL,05-09-25,,,53.488,Fill,V01-D,V 109,LAYER - 2,2,,,APPROVED AS NOTED,DONE,3,EIDG,23,
373,Sunday,28-09-25,30701,36,Ahmed Saeed El-Shenawy,DPL,03-09-25,,,47.63,Fill,V01-D,V 109,LAYER - 1,2,,,APPROVED AS NOTED,DONE,3,EIDG,25,
374,Sunday,28-09-25,30702,36,Ahmed Saeed El-Shenawy,DPL,08-09-25,,,42.833,Fill,V01-D,V 109,LAYER - 3,2,,,APPROVED AS NOTED,DONE,3,EIDG,20,
375,Sunday,28-09-25,30703,36,Ahmed Saeed El-Shenawy,DPL,09-09-25,,,55.69,Fill,V01-D,V 109,LAYER - 4,2,,,APPROVED AS NOTED,DONE,3,EIDG,19,
376,Sunday,28-09-25,30704,36,Ahmed Saeed El-Shenawy,DPL,10-09-25,,,46.29,Fill,V01-D,V 109,LAYER - 5,2,,,APPROVED AS NOTED,DONE,3,EIDG,18,
377,Sunday,28-09-25,30705,36,Ahmed Saeed El-Shenawy,DPL,11-09-25,,,61.226,Fill,V01-D,V 109,LAYER - 6,2,,,APPROVED AS NOTED,DONE,3,EIDG,17,
378,Sunday,28-09-25,30706,36,Ahmed Saeed El-Shenawy,DPL,15-09-25,,,46.081,Fill,V01-D,V 109,LAYER - 7,2,,,APPROVED AS NOTED,DONE,3,EIDG,13,
379,Sunday,28-09-25,30707,36,Ahmed Saeed El-Shenawy,DPL,16-09-25,,,42.53,Fill,V01-D,V 109,LAYER - 8,2,,,APPROVED AS NOTED,DONE,3,EIDG,12,
380,Sunday,28-09-25,30708,36,Ahmed Saeed El-Shenawy,DPL,17-09-25,,,55.699,Fill,V01-D,V 109,LAYER - 9,2,,,APPROVED AS NOTED,DONE,3,EIDG,11,
381,Sunday,28-09-25,30709,36,Ahmed Saeed El-Shenawy,SOIL,26-08-25,A-4,93.20%,,Bottom of excavation,V01-D,V 109,,1,Sieve analysis,,APPROVED AS NOTED,DONE,4,EIDG,33,
382,Wednesday,24-09-25,31172,36,MOHAMED ABDELWAHAB,DPL,11-07-25,,,43.196,Fill,V01-D,V 142,LAYER - 3,2,,,APPROVED AS NOTED,DONE,3,EIDG,75,
383,Thursday,25-09-25,31153,36,Ahmed Saeed El-Shenawy,DPL,08-07-25,,,52.722,Bottom of excavation,V01-D,V 11,,2,,,APPROVED AS NOTED,DONE,3,EIDG,79,
384,Thursday,25-09-25,31154,36,Ahmed Saeed El-Shenawy,DPL,14-07-25,,,54.158,Fill,V01-D,V 11,LAYER - 1,2,,,APPROVED AS NOTED,DONE,3,EIDG,73,
385,Thursday,25-09-25,31155,36,Ahmed Saeed El-Shenawy,DPL,16-07-25,,,50.98,Fill,V01-D,V 11,LAYER - 2,2,,,APPROVED AS NOTED,DONE,3,EIDG,71,
386,Thursday,25-09-25,31156,36,Ahmed Saeed El-Shenawy,SOIL,06-07-25,A-2-4,25.70%,,Bottom of excavation,V01-D,V 11,,1,Sieve + Proctoer ,,APPROVED AS NOTED,DONE,3,EIDG,81,
387,Wednesday,24-09-25,30183,36,El-Batal,DPL,08-08-25,,,58.616,Fill,V01-D,V 94,LAYER - 5,2,,,APPROVED AS NOTED,DONE,3,EIDG,47,
388,Wednesday,24-09-25,31084,36,El-Batal,DPL,06-08-25,,,52.57,Fill,V01-D,V 94,LAYER - 4,2,,,APPROVED AS NOTED,DONE,3,EIDG,49,
389,Wednesday,24-09-25,31085,36,El-Batal,DPL,02-08-25,,,51.94,Fill,V01-D,V 94,LAYER - 3,2,,,APPROVED AS NOTED,DONE,3,EIDG,53,
390,Wednesday,24-09-25,31086,36,El-Batal,DPL,22-07-25,,,43.7,Fill,V01-D,V 94,LAYER - 2,2,,,APPROVED AS NOTED,DONE,3,EIDG,64,
391,Wednesday,24-09-25,31087,36,El-Batal,DPL,21-07-25,,,42.966,Fill,V01-D,V 94,LAYER - 1,2,,,APPROVED AS NOTED,DONE,3,EIDG,65,
392,Wednesday,24-09-25,31088,36,El-Batal,SOIL,20-07-25,A-4,80.20%,,Bottom of excavation,V01-D,V 94,,1,Sieve analysis,,APPROVED AS NOTED,DONE,2,EIDG,66,
393,Wednesday,24-09-25,31173,36,MOHAMED ABDELWAHAB,DPL,02-07-25,,,50.866,Fill,V01-D,V 144,LAYER - 1,2,,,APPROVED AS NOTED,DONE,3,EIDG,84,
394,Wednesday,24-09-25,31174,36,MOHAMED ABDELWAHAB,DPL,11-07-25,,,61.99,Fill,V01-D,V 144,LAYER - 2,2,,,APPROVED AS NOTED,DONE,3,EIDG,75,
395,Sunday,28-09-25,31175,36,MOHAMED ABDELWAHAB,SOIL,01-07-25,A-4,56.60%,,Bottom of excavation,V01-D,V 144,,1,Sieve analysis,,APPROVED AS NOTED,DONE,2,EIDG,89,
396,Wednesday,24-09-25,31176,36,MOHAMED ABDELWAHAB,DPL,11-07-25,,,55.44,Fill,V01-D,V 143,LAYER - 2,2,,,APPROVED AS NOTED,DONE,3,EIDG,75,
397,Wednesday,24-09-25,31177,36,MOHAMED ABDELWAHAB,DPL,02-07-25,,,43.86,Fill,V01-D,V 143,LAYER - 1,2,,,APPROVED AS NOTED,DONE,3,EIDG,84,
398,Sunday,28-09-25,31178,36,MOHAMED ABDELWAHAB,SOIL,01-07-25,A-4,65.20%,,Bottom of excavation,V01-D,V 143,,1,Sieve analysis,,APPROVED AS NOTED,DONE,2,EIDG,89,
399,Saturday,27-09-25,31179,36,Ahmed Saeed El-Shenawy,DPL,24-09-25,,,54.54,Fill,V01-D,V 103,LAYER - 10,2,,,APPROVED AS NOTED,DONE,2,EIDG,3,
400,Saturday,27-09-25,31180,36,Ahmed Saeed El-Shenawy,DPL,30-08-25,,,54.54,Fill,V01-D,V 103,LAYER - 1,2,,,APPROVED AS NOTED,DONE,2,EIDG,28,
401,Saturday,27-09-25,31181,36,Ahmed Saeed El-Shenawy,DPL,30-08-25,,,41.69,Fill,V01-D,V 103,LAYER - 2,2,,,APPROVED AS NOTED,DONE,2,EIDG,28,
402,Saturday,27-09-25,31182,36,Ahmed Saeed El-Shenawy,DPL,01-09-25,,,56.2,Fill,V01-D,V 103,LAYER - 3,2,,,APPROVED AS NOTED,DONE,2,EIDG,26,
403,Saturday,27-09-25,31183,36,Ahmed Saeed El-Shenawy,DPL,02-09-25,,,51.58,Fill,V01-D,V 103,LAYER - 4,2,,,APPROVED AS NOTED,DONE,2,EIDG,25,
404,Saturday,27-09-25,31184,36,Ahmed Saeed El-Shenawy,DPL,06-09-25,,,53.28,Fill,V01-D,V 103,LAYER - 5,2,,,APPROVED AS NOTED,DONE,2,EIDG,21,
405,Saturday,27-09-25,31185,36,Ahmed Saeed El-Shenawy,DPL,13-09-25,,,49.97,Fill,V01-D,V 103,LAYER - 6,2,,,APPROVED AS NOTED,DONE,2,EIDG,14,
406,Saturday,27-09-25,31186,36,Ahmed Saeed El-Shenawy,DPL,15-09-25,,,48.02,Fill,V01-D,V 103,LAYER - 7,2,,,APPROVED AS NOTED,DONE,2,EIDG,12,
407,Saturday,27-09-25,31187,36,Ahmed Saeed El-Shenawy,DPL,18-09-25,,,55.04,Fill,V01-D,V 103,LAYER - 8,2,,,APPROVED AS NOTED,DONE,2,EIDG,9,
408,Saturday,27-09-25,31188,36,Ahmed Saeed El-Shenawy,DPL,21-09-25,,,55.04,Fill,V01-D,V 103,LAYER - 9,2,,,APPROVED AS NOTED,DONE,2,EIDG,6,
409,Wednesday,27-08-25,31189,36,Ahmed Saeed El-Shenawy,SOIL,26-08-25,A-4,93.40%,,Bottom of excavation,V01-D,V 103,,1,Sieve analysis,,APPROVED AS NOTED,DONE,4,EIDG,1,
410,Wednesday,24-09-25,31089,36,MOHAMED ABDELWAHAB,DPL,22-07-25,,,45.236,Fill,V01-D,V 141,LAYER - 4,2,,,APPROVED AS NOTED,DONE,3,EIDG,64,
411,Wednesday,24-09-25,31090,36,MOHAMED ABDELWAHAB,DPL,19-07-25,,,46.43,Fill,V01-D,V 141,LAYER - 1,2,,,APPROVED AS NOTED,DONE,3,EIDG,67,
412,Wednesday,24-09-25,31091,36,MOHAMED ABDELWAHAB,DPL,21-07-25,,,51.448,Fill,V01-D,V 141,LAYER - 2,2,,,APPROVED AS NOTED,DONE,3,EIDG,65,
413,Wednesday,24-09-25,31092,36,MOHAMED ABDELWAHAB,DPL,21-07-25,,,66.7,Fill,V01-D,V 141,LAYER - 3,2,,,APPROVED AS NOTED,DONE,3,EIDG,65,
414,Sunday,28-09-25,31093,36,MOHAMED ABDELWAHAB,SOIL,15-07-25,A-4,57.00%,,Bottom of excavation,V01-D,V 141,,1,Sieve analysis,,APPROVED AS NOTED,DONE,2,EIDG,75,
415,Wednesday,24-09-25,30521,36,MOKHTAR EL-SHENAWY,DPL,23-08-25,,,57.56,Fill,V01-D,V 177,LAYER - 6,2,,,APPROVED AS NOTED,DONE,3,EIDG,32,
416,Wednesday,24-09-25,30522,36,MOKHTAR EL-SHENAWY,DPL,23-08-25,,,44.238,Fill,V01-D,V 177,LAYER - 5,2,,,APPROVED AS NOTED,DONE,3,EIDG,32,
417,Wednesday,24-09-25,30523,36,MOKHTAR EL-SHENAWY,DPL,21-08-25,,,48.52,Fill,V01-D,V 177,LAYER - 4,2,,,APPROVED AS NOTED,DONE,3,EIDG,34,
418,Wednesday,24-09-25,30524,36,MOKHTAR EL-SHENAWY,DPL,21-08-25,,,44.415,Fill,V01-D,V 177,LAYER - 3,2,,,APPROVED AS NOTED,DONE,3,EIDG,34,
419,Wednesday,24-09-25,30525,36,MOKHTAR EL-SHENAWY,DPL,20-08-25,,,50.417,Fill,V01-D,V 177,LAYER - 2,2,,,APPROVED AS NOTED,DONE,3,EIDG,35,
420,Wednesday,24-09-25,30526,36,MOKHTAR EL-SHENAWY,DPL,19-08-25,,,59.16,Fill,V01-D,V 177,LAYER - 1,2,,,APPROVED AS NOTED,DONE,3,EIDG,36,
421,Sunday,28-09-25,30527,36,MOKHTAR EL-SHENAWY,SOIL,17-08-25,A-4,80.40%,,Bottom of excavation,V01-D,V 177,,1,Sieve analysis,,APPROVED AS NOTED,DONE,2,EIDG,42,
422,Friday,26-09-25,30517,36,Ahmed Saeed El-Shenawy,DPL,16-07-25,,,56.34,Fill,V01-D,V 12,LAYER - 2,2,,,APPROVED AS NOTED,DONE,3,EIDG,72,
423,Friday,26-09-25,30518,36,Ahmed Saeed El-Shenawy,DPL,14-07-25,,,44.47,Fill,V01-D,V 12,LAYER - 1,2,,,APPROVED AS NOTED,DONE,3,EIDG,74,
424,Friday,26-09-25,30519,36,Ahmed Saeed El-Shenawy,DPL,08-07-25,,,52.22,Bottom of excavation,V01-D,V 12,,2,,,APPROVED AS NOTED,DONE,3,EIDG,80,
425,Sunday,28-09-25,30520,36,Ahmed Saeed El-Shenawy,SOIL,07-07-25,A-2-4,26.00%,,Bottom of excavation,V01-D,V 12,,1,Sieve + Proctoer ,,APPROVED AS NOTED,DONE,3,EIDG,83,
426,Saturday,27-09-25,30897,36,Ahmed Saeed El-Shenawy,DPL,06-08-25,,,49.35,Bottom of excavation,V01-D,V 63,,2,,,APPROVED AS NOTED,DONE,2,EIDG,52,
427,Saturday,27-09-25,30900,36,Ahmed Saeed El-Shenawy,DPL,08-08-25,,,50.56,Fill,V01-D,V 63,LAYER - 3,2,,,APPROVED AS NOTED,DONE,2,EIDG,50,
428,Saturday,27-09-25,30899,36,Ahmed Saeed El-Shenawy,DPL,07-08-25,,,44.68,Fill,V01-D,V 63,LAYER - 2,2,,,APPROVED AS NOTED,DONE,2,EIDG,51,
429,Saturday,27-09-25,30898,36,Ahmed Saeed El-Shenawy,DPL,07-08-25,,,46.2,Fill,V01-D,V 63,LAYER - 1,2,,,APPROVED AS NOTED,DONE,2,EIDG,51,
430,Saturday,27-09-25,30901,36,Ahmed Saeed El-Shenawy,DPL,09-08-25,,,52.57,Fill,V01-D,V 63,LAYER - 4,2,,,APPROVED AS NOTED,DONE,2,EIDG,49,
431,Saturday,27-09-25,30902,36,Ahmed Saeed El-Shenawy,DPL,10-08-25,,,53.97,Fill,V01-D,V 63,LAYER - 5,2,,,APPROVED AS NOTED,DONE,2,EIDG,48,
432,Saturday,27-09-25,30903,36,Ahmed Saeed El-Shenawy,DPL,11-08-25,,,46.83,Fill,V01-D,V 63,LAYER - 6,2,,,APPROVED AS NOTED,DONE,2,EIDG,47,
433,Sunday,28-09-25,30904,36,Ahmed Saeed El-Shenawy,SOIL,04-08-25,A-2-4,24.40%,,Bottom of excavation,V01-D,V 63,,1,Sieve + Proctoer ,,APPROVED AS NOTED,DONE,3,EIDG,55,
434,Saturday,27-09-25,30890,36,Ahmed Saeed El-Shenawy,DPL,02-08-25,,,46.2,Bottom of excavation,V01-D,V 23,,2,,,APPROVED AS NOTED,DONE,2,EIDG,56,
435,Saturday,27-09-25,30891,36,Ahmed Saeed El-Shenawy,DPL,05-08-25,,,48.23,Fill,V01-D,V 23,LAYER - 1,2,,,APPROVED AS NOTED,DONE,2,EIDG,53,
436,Saturday,27-09-25,30892,36,Ahmed Saeed El-Shenawy,DPL,06-08-25,,,47.8,Fill,V01-D,V 23,LAYER - 2,2,,,APPROVED AS NOTED,DONE,2,EIDG,52,
437,Saturday,27-09-25,30893,36,Ahmed Saeed El-Shenawy,DPL,07-08-25,,,44.525,Fill,V01-D,V 23,LAYER - 3,2,,,APPROVED AS NOTED,DONE,2,EIDG,51,
438,Saturday,27-09-25,30894,36,Ahmed Saeed El-Shenawy,DPL,08-08-25,,,48.78,Fill,V01-D,V 23,LAYER - 4,2,,,APPROVED AS NOTED,DONE,2,EIDG,50,
439,Saturday,27-09-25,30895,36,Ahmed Saeed El-Shenawy,DPL,10-08-25,,,45.29,Fill,V01-D,V 23,LAYER - 5,2,,,APPROVED AS NOTED,DONE,2,EIDG,48,
440,Sunday,28-09-25,30896,36,Ahmed Saeed El-Shenawy,SOIL,01-08-25,A-2-4,17.00%,,Bottom of excavation,V01-D,V 23,,1,Sieve + Proctoer ,,APPROVED AS NOTED,DONE,3,EIDG,58,
441,Saturday,27-09-25,30905,36,Ahmed Saeed El-Shenawy,DPL,09-08-25,,,43.66,Bottom of excavation,V01-D,V 61,,2,,,APPROVED AS NOTED,DONE,2,EIDG,49,
442,Sunday,28-09-25,30906,36,Ahmed Saeed El-Shenawy,SOIL,08-08-25,A-2-4,24.00%,,Bottom of excavation,V01-D,V 61,,1,Sieve + Proctoer ,,APPROVED AS NOTED,DONE,3,EIDG,51,
443,Saturday,27-09-25,30907,36,Ahmed Saeed El-Shenawy,DPL,09-08-25,,,47.015,Bottom of excavation,V01-D,V 60,,2,,,APPROVED AS NOTED,DONE,2,EIDG,49,
444,Sunday,28-09-25,30908,36,Ahmed Saeed El-Shenawy,SOIL,08-08-25,A-1-B,22.20%,,Bottom of excavation,V01-D,V 60,,1,Sieve + Proctoer ,,APPROVED AS NOTED,DONE,3,EIDG,51,
445,Saturday,27-09-25,30909,36,Ahmed Saeed El-Shenawy,DPL,08-07-25,,,46.046,Fill,V01-D,V 6,LAYER - 1,2,,,APPROVED AS NOTED,DONE,2,EIDG,81,
446,Saturday,27-09-25,30910,36,Ahmed Saeed El-Shenawy,DPL,09-07-25,,,53.63,Fill,V01-D,V 6,LAYER - 2,2,,,APPROVED AS NOTED,DONE,2,EIDG,80,
447,Saturday,27-09-25,30911,36,Ahmed Saeed El-Shenawy,DPL,09-07-25,,,56.7,Fill,V01-D,V 6,LAYER - 3,2,,,APPROVED AS NOTED,DONE,2,EIDG,80,
448,Saturday,27-09-25,30912,36,Ahmed Saeed El-Shenawy,DPL,10-07-25,,,44.18,Fill,V01-D,V 6,LAYER - 4,2,,,APPROVED AS NOTED,DONE,2,EIDG,79,
449,Saturday,27-09-25,30913,36,Ahmed Saeed El-Shenawy,DPL,11-07-25,,,54.96,Fill,V01-D,V 6,LAYER - 5,2,,,APPROVED AS NOTED,DONE,2,EIDG,78,
450,Saturday,27-09-25,30914,36,Ahmed Saeed El-Shenawy,DPL,12-07-25,,,46.96,Fill,V01-D,V 6,LAYER - 6,2,,,APPROVED AS NOTED,DONE,2,EIDG,77,
451,Saturday,27-09-25,30915,36,Ahmed Saeed El-Shenawy,DPL,14-07-25,,,58.86,Fill,V01-D,V 6,LAYER - 7,2,,,APPROVED AS NOTED,DONE,2,EIDG,75,
452,Sunday,28-09-25,30916,36,Ahmed Saeed El-Shenawy,SOIL,04-07-25,A-4,57.80%,,Bottom of excavation,V01-D,V 6,,1,Sieve analysis,,APPROVED AS NOTED,DONE,2,EIDG,86,
453,Wednesday,24-09-25,30528,36,MOKHTAR EL-SHENAWY,DPL,24-09-25,,,43.785,Fill,V01-D,V 171,LAYER - 8,2,,,APPROVED AS NOTED,DONE,3,EIDG,0,
454,Wednesday,24-09-25,30529,36,MOKHTAR EL-SHENAWY,DPL,13-09-25,,,56.91,Bottom of excavation,V01-D,V 171,,2,,,APPROVED AS NOTED,DONE,3,EIDG,11,
455,Wednesday,24-09-25,30530,36,MOKHTAR EL-SHENAWY,DPL,14-09-25,,,55.02,Fill,V01-D,V 171,LAYER - 1,2,,,APPROVED AS NOTED,DONE,3,EIDG,10,
456,Wednesday,24-09-25,30531,36,MOKHTAR EL-SHENAWY,DPL,15-09-25,,,46.26,Fill,V01-D,V 171,LAYER - 2,2,,,APPROVED AS NOTED,DONE,3,EIDG,9,
457,Wednesday,24-09-25,30532,36,MOKHTAR EL-SHENAWY,DPL,16-09-25,,,47.21,Fill,V01-D,V 171,LAYER - 3,2,,,APPROVED AS NOTED,DONE,3,EIDG,8,
458,Wednesday,24-09-25,30533,36,MOKHTAR EL-SHENAWY,DPL,19-09-25,,,59.001,Fill,V01-D,V 171,LAYER - 4,2,,,APPROVED AS NOTED,DONE,3,EIDG,5,
459,Wednesday,24-09-25,30534,36,MOKHTAR EL-SHENAWY,DPL,20-09-25,,,51.83,Fill,V01-D,V 171,LAYER - 5,2,,,APPROVED AS NOTED,DONE,3,EIDG,4,
460,Wednesday,24-09-25,30535,36,MOKHTAR EL-SHENAWY,DPL,21-09-25,,,51.308,Fill,V01-D,V 171,LAYER - 6,2,,,APPROVED AS NOTED,DONE,3,EIDG,3,
461,Wednesday,24-09-25,30536,36,MOKHTAR EL-SHENAWY,DPL,23-09-25,,,45.775,Fill,V01-D,V 171,LAYER - 7,2,,,APPROVED AS NOTED,DONE,3,EIDG,1,
462,Sunday,28-09-25,30537,36,MOKHTAR EL-SHENAWY,SOIL,10-09-25,A-4,37.30%,,Bottom of excavation,V01-D,V 171,,1,Sieve analysis,,APPROVED AS NOTED,DONE,4,EIDG,18,
463,Saturday,27-09-25,30672,36,Ahmed Saeed El-Shenawy,DPL,21-09-25,,,56.065,Fill,V01-D,V 104,LAYER - 10,2,,,APPROVED AS NOTED,DONE,2,EIDG,6,
464,Saturday,27-09-25,30673,36,Ahmed Saeed El-Shenawy,DPL,24-09-25,,,47.85,Fill,V01-D,V 104,LAYER - 11,2,,,APPROVED AS NOTED,DONE,2,EIDG,3,
465,Saturday,27-09-25,30674,36,Ahmed Saeed El-Shenawy,DPL,30-08-25,,,50.725,Fill,V01-D,V 104,LAYER - 1,2,,,APPROVED AS NOTED,DONE,2,EIDG,28,
466,Saturday,27-09-25,30675,36,Ahmed Saeed El-Shenawy,DPL,30-08-25,,,45.17,Fill,V01-D,V 104,LAYER - 2,2,,,APPROVED AS NOTED,DONE,2,EIDG,28,
467,Saturday,27-09-25,30676,36,Ahmed Saeed El-Shenawy,DPL,31-08-25,,,51.63,Fill,V01-D,V 104,LAYER - 3,2,,,APPROVED AS NOTED,DONE,2,EIDG,27,
468,Saturday,27-09-25,30677,36,Ahmed Saeed El-Shenawy,DPL,01-09-25,,,60.32,Fill,V01-D,V 104,LAYER - 4,2,,,APPROVED AS NOTED,DONE,2,EIDG,26,
469,Saturday,27-09-25,30678,36,Ahmed Saeed El-Shenawy,DPL,02-09-25,,,50.1,Fill,V01-D,V 104,LAYER - 5,2,,,APPROVED AS NOTED,DONE,2,EIDG,25,
470,Saturday,27-09-25,30679,36,Ahmed Saeed El-Shenawy,DPL,06-09-25,,,55.58,Fill,V01-D,V 104,LAYER - 6,2,,,APPROVED AS NOTED,DONE,2,EIDG,21,
471,Saturday,27-09-25,30680,36,Ahmed Saeed El-Shenawy,DPL,13-09-25,,,48.19,Fill,V01-D,V 104,LAYER - 7,2,,,APPROVED AS NOTED,DONE,2,EIDG,14,
472,Saturday,27-09-25,30681,36,Ahmed Saeed El-Shenawy,DPL,15-09-25,,,52.79,Fill,V01-D,V 104,LAYER - 8,2,,,APPROVED AS NOTED,DONE,2,EIDG,12,
473,Saturday,27-09-25,30682,36,Ahmed Saeed El-Shenawy,DPL,18-09-25,,,52,Fill,V01-D,V 104,LAYER - 9,2,,,APPROVED AS NOTED,DONE,2,EIDG,9,
474,Sunday,28-09-25,30683,36,Ahmed Saeed El-Shenawy,SOIL,26-08-25,A-4,94.20%,,Bottom of excavation,V01-D,V 104,,1,Sieve analysis,,APPROVED AS NOTED,DONE,4,EIDG,33,
475,Saturday,27-09-25,30667,36,MOKHTAR EL-SHENAWY,DPL,06-08-25,,,51.76,Fill,V01-D,V 50,LAYER - 1,2,,,APPROVED AS NOTED,DONE,3,EIDG,52,
476,Saturday,27-09-25,30668,36,MOKHTAR EL-SHENAWY,DPL,07-08-25,,,58.817,Fill,V01-D,V 50,LAYER - 2,2,,,APPROVED AS NOTED,DONE,3,EIDG,51,
477,Saturday,27-09-25,30669,36,MOKHTAR EL-SHENAWY,DPL,07-08-25,,,49.64,Fill,V01-D,V 50,LAYER - 3,2,,,APPROVED AS NOTED,DONE,3,EIDG,51,
478,Saturday,27-09-25,30670,36,MOKHTAR EL-SHENAWY,DPL,09-08-25,,,47.153,Fill,V01-D,V 50,LAYER - 4,3,,,APPROVED AS NOTED,DONE,3,EIDG,49,
479,Sunday,28-09-25,30671,36,MOKHTAR EL-SHENAWY,SOIL,05-08-25,A-4,51.00%,,Bottom of excavation,V01-D,V 50,,1,Sieve analysis,,APPROVED AS NOTED,DONE,2,EIDG,54,
480,Saturday,27-09-25,30659,36,Ahmed Saeed El-Shenawy,DPL,10-08-25,,,48.77,Bottom of excavation,V01-D,V 66,,2,,,APPROVED AS NOTED,DONE,2,EIDG,48,
481,Sunday,28-09-25,30666,36,Ahmed Saeed El-Shenawy,SOIL,10-08-25,A-1-B,18.00%,,Bottom of excavation,V01-D,V 66,,1,Sieve + Proctoer ,,APPROVED AS NOTED,DONE,3,EIDG,49,
482,Saturday,27-09-25,30665,36,Ahmed Saeed El-Shenawy,DPL,13-08-25,,,47.76,Fill,V01-D,V 66,LAYER - 6,2,,,APPROVED AS NOTED,DONE,2,EIDG,45,
483,Saturday,27-09-25,30664,36,Ahmed Saeed El-Shenawy,DPL,12-08-25,,,44.19,Fill,V01-D,V 66,LAYER - 5,2,,,APPROVED AS NOTED,DONE,2,EIDG,46,
484,Saturday,27-09-25,30663,36,Ahmed Saeed El-Shenawy,DPL,12-08-25,,,46.33,Fill,V01-D,V 66,LAYER - 4,2,,,APPROVED AS NOTED,DONE,2,EIDG,46,
485,Saturday,27-09-25,30662,36,Ahmed Saeed El-Shenawy,DPL,11-08-25,,,46.045,Fill,V01-D,V 66,LAYER - 3,2,,,APPROVED AS NOTED,DONE,2,EIDG,47,
486,Saturday,27-09-25,30661,36,Ahmed Saeed El-Shenawy,DPL,11-08-25,,,42.795,Fill,V01-D,V 66,LAYER - 2,2,,,APPROVED AS NOTED,DONE,2,EIDG,47,
487,Saturday,27-09-25,30660,36,Ahmed Saeed El-Shenawy,DPL,11-08-25,,,44.88,Fill,V01-D,V 66,LAYER - 1,2,,,APPROVED AS NOTED,DONE,2,EIDG,47,
488,Wednesday,24-09-25,30934,36,SELME EID ,DPL,20-07-25,,,45.054,Fill,V01-D,V 153,LAYER - 10,2,,,APPROVED AS NOTED,DONE,3,EIDG,66,
489,Sunday,28-09-25,30951,36,SELME EID ,SOIL,10-07-25,A-4,38.80%,,Bottom of excavation,V01-D,V 153,,1,Sieve analysis,,APPROVED AS NOTED,DONE,2,EIDG,80,
490,Wednesday,24-09-25,30950,36,SELME EID ,DPL,17-07-25,,,43.47,Fill,V01-D,V 153,LAYER - 9,2,,,APPROVED AS NOTED,DONE,3,EIDG,69,
491,Wednesday,24-09-25,30949,36,SELME EID ,DPL,17-07-25,,,41.442,Fill,V01-D,V 153,LAYER - 8,2,,,APPROVED AS NOTED,DONE,3,EIDG,69,
492,Wednesday,24-09-25,30948,36,SELME EID ,DPL,15-07-25,,,50.132,Fill,V01-D,V 153,LAYER - 7,2,,,APPROVED AS NOTED,DONE,3,EIDG,71,
493,Wednesday,24-09-25,30947,36,SELME EID ,DPL,15-07-25,,,54.429,Fill,V01-D,V 153,LAYER - 6,2,,,APPROVED AS NOTED,DONE,3,EIDG,71,
494,Wednesday,24-09-25,30946,36,SELME EID ,DPL,15-07-25,,,45.079,Fill,V01-D,V 153,LAYER - 5,2,,,APPROVED AS NOTED,DONE,3,EIDG,71,
495,Wednesday,24-09-25,30945,36,SELME EID ,DPL,13-07-25,,,47.95,Fill,V01-D,V 153,LAYER - 4,2,,,APPROVED AS NOTED,DONE,3,EIDG,73,
496,Wednesday,24-09-25,30944,36,SELME EID ,DPL,13-07-25,,,49.53,Fill,V01-D,V 153,LAYER - 3,2,,,APPROVED AS NOTED,DONE,3,EIDG,73,
497,Wednesday,24-09-25,30943,36,SELME EID ,DPL,12-07-25,,,55.32,Fill,V01-D,V 153,LAYER - 2,2,,,APPROVED AS NOTED,DONE,3,EIDG,74,
498,Wednesday,24-09-25,30942,36,SELME EID ,DPL,11-07-25,,,55.15,Fill,V01-D,V 153,LAYER - 1,2,,,APPROVED AS NOTED,DONE,3,EIDG,75,
499,Wednesday,24-09-25,30941,36,SELME EID ,DPL,29-07-25,,,46.206,Fill,V01-D,V 153,LAYER - 17,2,,,APPROVED AS NOTED,DONE,3,EIDG,57,
500,Wednesday,24-09-25,30940,36,SELME EID ,DPL,27-07-25,,,58.604,Fill,V01-D,V 153,LAYER - 16,2,,,APPROVED AS NOTED,DONE,3,EIDG,59,
501,Wednesday,24-09-25,30939,36,SELME EID ,DPL,27-07-25,,,61.26,Fill,V01-D,V 153,LAYER - 15,2,,,APPROVED AS NOTED,DONE,3,EIDG,59,
502,Wednesday,24-09-25,30938,36,SELME EID ,DPL,24-07-25,,,50.099,Fill,V01-D,V 153,LAYER - 14,2,,,APPROVED AS NOTED,DONE,3,EIDG,62,
503,Wednesday,24-09-25,30937,36,SELME EID ,DPL,22-07-25,,,51.63,Fill,V01-D,V 153,LAYER - 13,2,,,APPROVED AS NOTED,DONE,3,EIDG,64,
504,Wednesday,24-09-25,30936,36,SELME EID ,DPL,20-07-25,,,51.94,Fill,V01-D,V 153,LAYER - 12,2,,,APPROVED AS NOTED,DONE,3,EIDG,66,
505,Wednesday,24-09-25,30935,36,SELME EID ,DPL,20-07-25,,,54.86,Fill,V01-D,V 153,LAYER - 11,2,,,APPROVED AS NOTED,DONE,3,EIDG,66,
506,Saturday,27-09-25,30769,36,Ahmed Saeed El-Shenawy,DPL,21-09-25,,,48.735,Fill,V01-D,V 105,LAYER - 10,2,,,APPROVED AS NOTED,DONE,2,EIDG,6,
507,Saturday,27-09-25,30770,36,Ahmed Saeed El-Shenawy,DPL,24-09-25,,,54.92,Fill,V01-D,V 105,LAYER - 11,2,,,APPROVED AS NOTED,DONE,2,EIDG,3,
508,Saturday,27-09-25,30771,36,Ahmed Saeed El-Shenawy,DPL,30-08-25,,,52.24,Fill,V01-D,V 105,LAYER - 1,2,,,APPROVED AS NOTED,DONE,2,EIDG,28,
509,Sunday,28-09-25,30772,36,Ahmed Saeed El-Shenawy,SOIL,26-08-25,A-4,94.20%,,Bottom of excavation,V01-D,V 105,,1,Sieve analysis,,APPROVED AS NOTED,DONE,4,EIDG,33,
510,Sunday,28-09-25,30865,36,MOKHTAR EL-SHENAWY,SOIL,26-07-25,A-4,59.80%,,Bottom of excavation,V01-D,V 81,,1,Sieve analysis,,APPROVED AS NOTED,DONE,2,EIDG,64,
511,Saturday,27-09-25,30773,36,Ahmed Saeed El-Shenawy,DPL,30-08-25,,,55.46,Fill,V01-D,V 105,LAYER - 2,2,,,APPROVED AS NOTED,DONE,2,EIDG,28,
512,Saturday,27-09-25,30774,36,Ahmed Saeed El-Shenawy,DPL,31-08-25,,,58.405,Fill,V01-D,V 105,LAYER - 3,2,,,APPROVED AS NOTED,DONE,2,EIDG,27,
513,Saturday,27-09-25,30775,36,Ahmed Saeed El-Shenawy,DPL,01-09-25,,,46.12,Fill,V01-D,V 105,LAYER - 4,2,,,APPROVED AS NOTED,DONE,2,EIDG,26,
514,Saturday,27-09-25,30776,36,Ahmed Saeed El-Shenawy,DPL,02-09-25,,,58.77,Fill,V01-D,V 105,LAYER - 5,2,,,APPROVED AS NOTED,DONE,2,EIDG,25,
515,Saturday,27-09-25,30777,36,Ahmed Saeed El-Shenawy,DPL,06-09-25,,,56.255,Fill,V01-D,V 105,LAYER - 6,2,,,APPROVED AS NOTED,DONE,2,EIDG,21,
516,Saturday,27-09-25,30778,36,Ahmed Saeed El-Shenawy,DPL,13-09-25,,,44.74,Fill,V01-D,V 105,LAYER - 7,2,,,APPROVED AS NOTED,DONE,2,EIDG,14,
517,Saturday,27-09-25,30779,36,Ahmed Saeed El-Shenawy,DPL,15-09-25,,,44.04,Fill,V01-D,V 105,LAYER - 8,2,,,APPROVED AS NOTED,DONE,2,EIDG,12,
518,Saturday,27-09-25,30780,36,Ahmed Saeed El-Shenawy,DPL,18-09-25,,,50.47,Fill,V01-D,V 105,LAYER - 9,2,,,APPROVED AS NOTED,DONE,2,EIDG,9,
519,Saturday,27-09-25,30649,36,Ahmed Saeed El-Shenawy,DPL,06-08-25,,,44.79,Fill,V01-D,V 62,,2,,,APPROVED AS NOTED,DONE,2,EIDG,52,
520,Saturday,27-09-25,30650,36,Ahmed Saeed El-Shenawy,DPL,07-08-25,,,46.51,Fill,V01-D,V 62,LAYER - 1,2,,,APPROVED AS NOTED,DONE,2,EIDG,51,
521,Saturday,27-09-25,30651,36,Ahmed Saeed El-Shenawy,DPL,07-08-25,,,46.02,Fill,V01-D,V 62,LAYER - 2,2,,,APPROVED AS NOTED,DONE,2,EIDG,51,
522,Saturday,27-09-25,30652,36,Ahmed Saeed El-Shenawy,DPL,08-08-25,,,48.015,Fill,V01-D,V 62,LAYER - 3,2,,,APPROVED AS NOTED,DONE,2,EIDG,50,
523,Saturday,27-09-25,30653,36,Ahmed Saeed El-Shenawy,DPL,09-08-25,,,59.63,Fill,V01-D,V 62,LAYER - 4,2,,,APPROVED AS NOTED,DONE,2,EIDG,49,
524,Saturday,27-09-25,30654,36,Ahmed Saeed El-Shenawy,DPL,10-08-25,,,57.415,Fill,V01-D,V 62,LAYER - 5,2,,,APPROVED AS NOTED,DONE,2,EIDG,48,
525,Saturday,27-09-25,30655,36,Ahmed Saeed El-Shenawy,DPL,11-08-25,,,53.34,Fill,V01-D,V 62,LAYER - 6,2,,,APPROVED AS NOTED,DONE,2,EIDG,47,
526,Sunday,28-09-25,30656,36,Ahmed Saeed El-Shenawy,SOIL,04-08-25,A-2-4,19.50%,,Bottom of excavation,V01-D,V 62,,1,Sieve + Proctoer ,,APPROVED AS NOTED,DONE,3,EIDG,55,
527,Saturday,27-09-25,30657,36,MOKHTAR EL-SHENAWY,DPL,27-07-25,,,47.62,Fill,V01-D,V 79,LAYER - 1,3,,,APPROVED AS NOTED,DONE,2,EIDG,62,
528,Sunday,28-09-25,30658,36,MOKHTAR EL-SHENAWY,SOIL,26-07-25,A-4,39.80%,,Bottom of excavation,V01-D,V 79,,1,Sieve analysis,,APPROVED AS NOTED,DONE,2,EIDG,64,
529,Friday,26-09-25,31196,36,El-Batal,DPL,21-07-25,,,55.93,Fill,V01-D,V 93,LAYER - 1,2,,,APPROVED AS NOTED,DONE,3,EIDG,67,
530,Friday,26-09-25,31197,36,El-Batal,DPL,22-07-25,,,44.82,Fill,V01-D,V 93,LAYER - 2,2,,,APPROVED AS NOTED,DONE,3,EIDG,66,
531,Friday,26-09-25,31198,36,El-Batal,DPL,02-08-25,,,52.617,Fill,V01-D,V 93,LAYER - 3,2,,,APPROVED AS NOTED,DONE,3,EIDG,55,
532,Friday,26-09-25,31199,36,El-Batal,DPL,06-08-25,,,59.019,Fill,V01-D,V 93,LAYER - 4,2,,,APPROVED AS NOTED,DONE,3,EIDG,51,
533,Friday,26-09-25,31200,36,El-Batal,DPL,08-08-25,,,56.75,Fill,V01-D,V 93,LAYER - 5,2,,,APPROVED AS NOTED,DONE,3,EIDG,49,
534,Sunday,28-09-25,31201,36,El-Batal,SOIL,20-07-25,A-4,69.00%,,Bottom of excavation,V01-D,V 93,,1,Sieve analysis,,APPROVED AS NOTED,DONE,2,EIDG,70,
535,Sunday,28-09-25,31222,36,Ahmed Saeed El-Shenawy,DPL,21-09-25,,,42.065,Fill,V01-D,V 106,LAYER - 10,2,,,APPROVED AS NOTED,DONE,3,EIDG,7,
536,Sunday,28-09-25,31223,36,Ahmed Saeed El-Shenawy,DPL,24-09-25,,,53.83,Fill,V01-D,V 106,LAYER - 11,2,,,APPROVED AS NOTED,DONE,3,EIDG,4,
537,Sunday,28-09-25,31224,36,Ahmed Saeed El-Shenawy,DPL,29-08-25,,,45.97,Fill,V01-D,V 106,LAYER - 1,2,,,APPROVED AS NOTED,DONE,3,EIDG,30,
538,Sunday,28-09-25,31225,36,Ahmed Saeed El-Shenawy,DPL,30-08-25,,,54.4,Fill,V01-D,V 106,LAYER - 2,2,,,APPROVED AS NOTED,DONE,3,EIDG,29,
539,Sunday,28-09-25,31226,36,Ahmed Saeed El-Shenawy,DPL,31-08-25,,,41.38,Fill,V01-D,V 106,LAYER - 3,2,,,APPROVED AS NOTED,DONE,3,EIDG,28,
540,Sunday,28-09-25,31227,36,Ahmed Saeed El-Shenawy,DPL,01-09-25,,,56.19,Fill,V01-D,V 106,LAYER - 4,2,,,APPROVED AS NOTED,DONE,3,EIDG,27,
541,Sunday,28-09-25,31228,36,Ahmed Saeed El-Shenawy,DPL,03-09-25,,,46.299,Fill,V01-D,V 106,LAYER - 5,2,,,APPROVED AS NOTED,DONE,3,EIDG,25,
542,Sunday,28-09-25,31229,36,Ahmed Saeed El-Shenawy,DPL,06-09-25,,,60.8,Fill,V01-D,V 106,LAYER - 6,2,,,APPROVED AS NOTED,DONE,3,EIDG,22,
543,Sunday,28-09-25,31230,36,Ahmed Saeed El-Shenawy,DPL,13-09-25,,,60.5,Fill,V01-D,V 106,LAYER - 7,2,,,APPROVED AS NOTED,DONE,3,EIDG,15,
544,Sunday,28-09-25,31231,36,Ahmed Saeed El-Shenawy,DPL,15-09-25,,,46.59,Fill,V01-D,V 106,LAYER - 8,2,,,APPROVED AS NOTED,DONE,3,EIDG,13,
545,Sunday,28-09-25,31232,36,Ahmed Saeed El-Shenawy,DPL,18-09-25,,,63.64,Fill,V01-D,V 106,LAYER - 9,2,,,APPROVED AS NOTED,DONE,3,EIDG,10,
546,Sunday,28-09-25,31233,36,Ahmed Saeed El-Shenawy,SOIL,26-08-25,A-4,94.20%,,Bottom of excavation,V01-D,V 106,,1,Sieve analysis,,APPROVED AS NOTED,DONE,4,EIDG,33,
547,Sunday,28-09-25,31234,36,MOKHTAR EL-SHENAWY,DPL,11-09-25,,,45.112,Bottom of excavation,V01-D,V ( 128 -129 ),,2,,,APPROVED AS NOTED,DONE,3,EIDG,17,
548,Sunday,28-09-25,31235,36,MOKHTAR EL-SHENAWY,SOIL,10-09-25,A-2-4,25.60%,,Bottom of excavation,V01-D,V ( 128 -129 ),,1,Sieve + Proctoer ,,APPROVED AS NOTED,DONE,3,EIDG,18,
549,Sunday,28-09-25,31236,36,MOHAMED ABDELWAHAB,DPL,02-07-25,,,46.5,Fill,V01-D,V 142,LAYER - 1,2,,,APPROVED AS NOTED,DONE,3,EIDG,88,
550,Sunday,28-09-25,31237,36,MOHAMED ABDELWAHAB,DPL,03-07-25,,,57.826,Fill,V01-D,V 142,LAYER - 2,2,,,APPROVED AS NOTED,DONE,3,EIDG,87,
551,Sunday,28-09-25,31238,36,MOHAMED ABDELWAHAB,DPL,11-07-25,,,43.196,Fill,V01-D,V 142,LAYER - 3,2,,,APPROVED AS NOTED,DONE,3,EIDG,79,
552,Sunday,28-09-25,31239,36,MOHAMED ABDELWAHAB,SOIL,01-07-25,A-4,68.60%,,Bottom of excavation,V01-D,V 142,,1,Sieve analysis,,APPROVED AS NOTED,DONE,2,EIDG,89,
553,Thursday,25-09-25,31209,36,MOKHTAR EL-SHENAWY,DPL,20-08-25,,,64.86,Bottom of excavation,V01-D,V ( 122 -123 ),,1,,,APPROVED AS NOTED,DONE,3,EIDG,36,
554,Thursday,25-09-25,31210,36,MOKHTAR EL-SHENAWY,DPL,06-09-25,,,50.53,Fill,V01-D,V ( 122 -123 ),LAYER - 10,2,,,APPROVED AS NOTED,DONE,3,EIDG,19,
555,Thursday,25-09-25,31211,36,MOKHTAR EL-SHENAWY,DPL,22-09-25,,,46.73,Fill,V01-D,V ( 122 -123 ),LAYER - 11,2,,,APPROVED AS NOTED,DONE,3,EIDG,3,
556,Thursday,25-09-25,31212,36,MOKHTAR EL-SHENAWY,DPL,24-08-25,,,45.323,Fill,V01-D,V ( 122 -123 ),LAYER - 1,2,,,APPROVED AS NOTED,DONE,3,EIDG,32,
557,Thursday,25-09-25,31213,36,MOKHTAR EL-SHENAWY,DPL,25-08-25,,,52.925,Fill,V01-D,V ( 122 -123 ),LAYER - 2,2,,,APPROVED AS NOTED,DONE,3,EIDG,31,
558,Thursday,25-09-25,31214,36,MOKHTAR EL-SHENAWY,DPL,26-08-25,,,48.661,Fill,V01-D,V ( 122 -123 ),LAYER - 3,2,,,APPROVED AS NOTED,DONE,3,EIDG,30,
559,Thursday,25-09-25,31215,36,MOKHTAR EL-SHENAWY,DPL,31-08-25,,,57.49,Fill,V01-D,V ( 122 -123 ),LAYER - 4,2,,,APPROVED AS NOTED,DONE,3,EIDG,25,
560,Thursday,25-09-25,31216,36,MOKHTAR EL-SHENAWY,DPL,01-09-25,,,47.79,Fill,V01-D,V ( 122 -123 ),LAYER - 5,2,,,APPROVED AS NOTED,DONE,3,EIDG,24,
561,Thursday,25-09-25,31217,36,MOKHTAR EL-SHENAWY,DPL,01-09-25,,,54.89,Fill,V01-D,V ( 122 -123 ),LAYER - 6,2,,,APPROVED AS NOTED,DONE,3,EIDG,24,
562,Thursday,25-09-25,31218,36,MOKHTAR EL-SHENAWY,DPL,02-09-25,,,46.303,Fill,V01-D,V ( 122 -123 ),LAYER - 7,2,,,APPROVED AS NOTED,DONE,3,EIDG,23,
563,Thursday,25-09-25,31219,36,MOKHTAR EL-SHENAWY,DPL,03-09-25,,,58.403,Fill,V01-D,V ( 122 -123 ),LAYER - 8,2,,,APPROVED AS NOTED,DONE,3,EIDG,22,
564,Thursday,25-09-25,31220,36,MOKHTAR EL-SHENAWY,DPL,04-09-25,,,46.25,Fill,V01-D,V ( 122 -123 ),LAYER - 9,2,,,APPROVED AS NOTED,DONE,3,EIDG,21,
565,Sunday,28-09-25,31221,36,MOKHTAR EL-SHENAWY,SOIL,20-08-25,A-2-4,20.90%,,Bottom of excavation,V01-D,V ( 122 -123 ),,1,Sieve + Proctoer ,,APPROVED AS NOTED,DONE,3,EIDG,39,
566,Friday,26-09-25,31202,36,El-Batal,DPL,20-07-25,,,55.203,Fill,V01-D,V 90,LAYER - 1,2,,,APPROVED AS NOTED,DONE,3,EIDG,68,
567,Friday,26-09-25,31203,36,El-Batal,DPL,21-07-25,,,44.135,Fill,V01-D,V 90,LAYER - 2,2,,,APPROVED AS NOTED,DONE,3,EIDG,67,
568,Friday,26-09-25,31204,36,El-Batal,DPL,22-07-25,,,41.288,Fill,V01-D,V 90,LAYER - 3,2,,,APPROVED AS NOTED,DONE,3,EIDG,66,
569,Friday,26-09-25,31205,36,El-Batal,DPL,02-08-25,,,54.923,Fill,V01-D,V 90,LAYER - 4,2,,,APPROVED AS NOTED,DONE,3,EIDG,55,
570,Friday,26-09-25,31206,36,El-Batal,DPL,04-08-25,,,47.778,Fill,V01-D,V 90,LAYER - 5,2,,,APPROVED AS NOTED,DONE,3,EIDG,53,
571,Friday,26-09-25,31207,36,El-Batal,DPL,06-08-25,,,49.016,Fill,V01-D,V 90,LAYER - 6,2,,,APPROVED AS NOTED,DONE,3,EIDG,51,
572,Sunday,28-09-25,31208,36,El-Batal,SOIL,20-07-25,A-4,44.20%,,Bottom of excavation,V01-D,V 90,,1,Sieve analysis,,APPROVED AS NOTED,DONE,2,EIDG,70,
573,Thursday,25-09-25,31190,36,El-Batal,DPL,08-08-25,,,48.34,Fill,V01-D,V 92,LAYER - 5,2,,,APPROVED AS NOTED,DONE,3,EIDG,48,
574,Thursday,25-09-25,31191,36,El-Batal,DPL,06-08-25,,,58.46,Fill,V01-D,V 92,LAYER - 4,2,,,APPROVED AS NOTED,DONE,3,EIDG,50,
575,Thursday,25-09-25,31192,36,El-Batal,DPL,02-08-25,,,42.53,Fill,V01-D,V 92,LAYER - 3,2,,,APPROVED AS NOTED,DONE,3,EIDG,54,
576,Thursday,25-09-25,31193,36,El-Batal,DPL,22-07-25,,,50.41,Fill,V01-D,V 92,LAYER - 2,2,,,APPROVED AS NOTED,DONE,3,EIDG,65,
577,Thursday,25-09-25,31194,36,El-Batal,DPL,21-07-25,,,49.94,Fill,V01-D,V 92,LAYER - 1,2,,,APPROVED AS NOTED,DONE,3,EIDG,66,
578,Sunday,28-09-25,31195,36,El-Batal,SOIL,20-07-25,A-4,66.40%,,Bottom of excavation,V01-D,V 92,,1,Sieve analysis,,APPROVED AS NOTED,DONE,2,EIDG,70,
579,Sunday,28-09-25,31064,36,MOKHTAR EL-SHENAWY,DPL,03-09-25,,,59.35,Bottom of excavation,V01-D,V 166,,2,,,APPROVED AS NOTED,DONE,3,EIDG,25,
580,Sunday,28-09-25,31065,36,MOKHTAR EL-SHENAWY,DPL,22-09-25,,,44.183,Bottom of excavation,V01-D,V 166,LAYER - 10,2,,,APPROVED AS NOTED,DONE,3,EIDG,6,
581,Sunday,28-09-25,31066,36,MOKHTAR EL-SHENAWY,DPL,03-09-25,,,60.195,Fill,V01-D,V 166,LAYER - 1,2,,,APPROVED AS NOTED,DONE,3,EIDG,25,
582,Sunday,28-09-25,31067,36,MOKHTAR EL-SHENAWY,DPL,04-09-25,,,46.86,Fill,V01-D,V 166,LAYER - 2,2,,,APPROVED AS NOTED,DONE,3,EIDG,24,
583,Sunday,28-09-25,31068,36,MOKHTAR EL-SHENAWY,DPL,06-09-25,,,48.54,Fill,V01-D,V 166,LAYER - 3,2,,,APPROVED AS NOTED,DONE,3,EIDG,22,
584,Sunday,28-09-25,31069,36,MOKHTAR EL-SHENAWY,DPL,09-09-25,,,44.901,Fill,V01-D,V 166,LAYER - 4,2,,,APPROVED AS NOTED,DONE,3,EIDG,19,
585,Sunday,28-09-25,31070,36,MOKHTAR EL-SHENAWY,DPL,10-09-25,,,49.106,Fill,V01-D,V 166,LAYER - 5,2,,,APPROVED AS NOTED,DONE,3,EIDG,18,
586,Sunday,28-09-25,31071,36,MOKHTAR EL-SHENAWY,DPL,14-09-25,,,53.58,Fill,V01-D,V 166,LAYER - 6,2,,,APPROVED AS NOTED,DONE,3,EIDG,14,
587,Sunday,28-09-25,31072,36,MOKHTAR EL-SHENAWY,DPL,15-09-25,,,43.23,Fill,V01-D,V 166,LAYER - 7,2,,,APPROVED AS NOTED,DONE,3,EIDG,13,
588,Sunday,28-09-25,31073,36,MOKHTAR EL-SHENAWY,DPL,17-09-25,,,59.48,Fill,V01-D,V 166,LAYER - 8,2,,,APPROVED AS NOTED,DONE,3,EIDG,11,
589,Sunday,28-09-25,31074,36,MOKHTAR EL-SHENAWY,DPL,20-09-25,,,55.12,Fill,V01-D,V 166,LAYER - 9,2,,,APPROVED AS NOTED,DONE,3,EIDG,8,
590,Sunday,28-09-25,31075,36,MOKHTAR EL-SHENAWY,SOIL,01-09-25,A-1-B,1.60%,,Bottom of excavation,V01-D,V 166,,1,Sieve + Proctoer ,,APPROVED AS NOTED,DONE,3,EIDG,27,
591,Sunday,28-09-25,31240,36,Ahmed Saeed El-Shenawy,DPL,18-09-25,,,55.017,Fill,V01-D,V 108,LAYER - 10,2,,,APPROVED AS NOTED,DONE,3,EIDG,10,
592,Sunday,28-09-25,31241,36,Ahmed Saeed El-Shenawy,DPL,20-09-25,,,50.89,Fill,V01-D,V 108,LAYER - 11,2,,,APPROVED AS NOTED,DONE,3,EIDG,8,
593,Sunday,28-09-25,31242,36,Ahmed Saeed El-Shenawy,DPL,22-09-25,,,57.73,Fill,V01-D,V 108,LAYER - 12,2,,,APPROVED AS NOTED,DONE,3,EIDG,6,
594,Sunday,28-09-25,31243,36,Ahmed Saeed El-Shenawy,DPL,22-09-25,,,44.74,Fill,V01-D,V 108,LAYER - 13,2,,,APPROVED AS NOTED,DONE,3,EIDG,6,
595,Sunday,28-09-25,31244,36,Ahmed Saeed El-Shenawy,DPL,23-09-25,,,64.47,Fill,V01-D,V 108,LAYER - 14,2,,,APPROVED AS NOTED,DONE,3,EIDG,5,
596,Sunday,28-09-25,31245,36,Ahmed Saeed El-Shenawy,DPL,24-09-25,,,58.901,Fill,V01-D,V 108,LAYER - 15,2,,,APPROVED AS NOTED,DONE,3,EIDG,4,
597,Sunday,28-09-25,31246,36,Ahmed Saeed El-Shenawy,DPL,02-09-25,,,51.55,Fill,V01-D,V 108,LAYER - 1,2,,,APPROVED AS NOTED,DONE,3,EIDG,26,
598,Sunday,28-09-25,31247,36,Ahmed Saeed El-Shenawy,DPL,05-09-25,,,58.54,Fill,V01-D,V 108,LAYER - 2,2,,,APPROVED AS NOTED,DONE,3,EIDG,23,
599,Sunday,28-09-25,31248,36,Ahmed Saeed El-Shenawy,DPL,08-09-25,,,53.084,Fill,V01-D,V 108,LAYER - 3,2,,,APPROVED AS NOTED,DONE,3,EIDG,20,
600,Sunday,28-09-25,31249,36,Ahmed Saeed El-Shenawy,DPL,09-09-25,,,51.204,Fill,V01-D,V 108,LAYER - 4,2,,,APPROVED AS NOTED,DONE,3,EIDG,19,
601,Sunday,28-09-25,31250,36,Ahmed Saeed El-Shenawy,DPL,10-09-25,,,61.76,Fill,V01-D,V 108,LAYER - 5,2,,,APPROVED AS NOTED,DONE,3,EIDG,18,
602,Sunday,28-09-25,31251,36,Ahmed Saeed El-Shenawy,DPL,11-09-25,,,66.086,Fill,V01-D,V 108,LAYER - 6,2,,,APPROVED AS NOTED,DONE,3,EIDG,17,
603,Sunday,28-09-25,31252,36,Ahmed Saeed El-Shenawy,DPL,15-09-25,,,59.37,Fill,V01-D,V 108,LAYER - 7,2,,,APPROVED AS NOTED,DONE,3,EIDG,13,
604,Sunday,28-09-25,31253,36,Ahmed Saeed El-Shenawy,DPL,16-09-25,,,45.78,Fill,V01-D,V 108,LAYER - 8,2,,,APPROVED AS NOTED,DONE,3,EIDG,12,
605,Sunday,28-09-25,31254,36,Ahmed Saeed El-Shenawy,DPL,17-09-25,,,60.73,Fill,V01-D,V 108,LAYER - 9,2,,,APPROVED AS NOTED,DONE,3,EIDG,11,
606,Sunday,28-09-25,31255,36,Ahmed Saeed El-Shenawy,SOIL,26-08-25,A-4,93.20%,,Bottom of excavation,V01-D,V 108,,1,Sieve analysis,,APPROVED AS NOTED,DONE,4,EIDG,33,
607,Wednesday,24-09-25,30930,36,Ahmed Saeed El-Shenawy,DPL,08-07-25,,,42.67,Bottom of excavation,V01-D,V 18,,2,,,APPROVED AS NOTED,DONE,3,EIDG,78,
608,Wednesday,24-09-25,30933,36,Ahmed Saeed El-Shenawy,SOIL,07-07-25,A-2-4,28.20%,,Bottom of excavation,V01-D,V 18,,1,Sieve + Proctoer ,,APPROVED AS NOTED,DONE,3,EIDG,79,
609,Wednesday,24-09-25,30931,36,Ahmed Saeed El-Shenawy,DPL,13-07-25,,,55.97,Fill,V01-D,V 18,LAYER - 1,2,,,APPROVED AS NOTED,DONE,3,EIDG,73,
610,Wednesday,24-09-25,30932,36,Ahmed Saeed El-Shenawy,DPL,15-07-25,,,53.47,Fill,V01-D,V 18,LAYER - 2,2,,,APPROVED AS NOTED,DONE,3,EIDG,71,
611,Sunday,28-09-25,31256,36,Ahmed Saeed El-Shenawy,DPL,21-09-25,,,62.48,Fill,V01-D,V 107,LAYER - 10,2,,,APPROVED AS NOTED,DONE,3,EIDG,7,
612,Sunday,28-09-25,31257,36,Ahmed Saeed El-Shenawy,DPL,24-09-25,,,56.98,Fill,V01-D,V 107,LAYER - 11,2,,,APPROVED AS NOTED,DONE,3,EIDG,4,
613,Sunday,28-09-25,31258,36,Ahmed Saeed El-Shenawy,DPL,29-08-25,,,47.516,Fill,V01-D,V 107,LAYER - 1,2,,,APPROVED AS NOTED,DONE,3,EIDG,30,
614,Sunday,28-09-25,31259,36,Ahmed Saeed El-Shenawy,DPL,30-08-25,,,53.209,Fill,V01-D,V 107,LAYER - 2,2,,,APPROVED AS NOTED,DONE,3,EIDG,29,
615,Sunday,28-09-25,31260,36,Ahmed Saeed El-Shenawy,DPL,31-08-25,,,43.107,Fill,V01-D,V 107,LAYER - 3,2,,,APPROVED AS NOTED,DONE,3,EIDG,28,
616,Sunday,28-09-25,31251,36,Ahmed Saeed El-Shenawy,DPL,01-09-25,,,44.91,Fill,V01-D,V 107,LAYER - 4,2,,,APPROVED AS NOTED,DONE,3,EIDG,27,
617,Sunday,28-09-25,31252,36,Ahmed Saeed El-Shenawy,DPL,03-09-25,,,43.822,Fill,V01-D,V 107,LAYER - 5,2,,,APPROVED AS NOTED,DONE,3,EIDG,25,
618,Sunday,28-09-25,31253,36,Ahmed Saeed El-Shenawy,DPL,06-09-25,,,63.66,Fill,V01-D,V 107,LAYER - 6,2,,,APPROVED AS NOTED,DONE,3,EIDG,22,
619,Sunday,28-09-25,31254,36,Ahmed Saeed El-Shenawy,DPL,13-09-25,,,50.57,Fill,V01-D,V 107,LAYER - 7,2,,,APPROVED AS NOTED,DONE,3,EIDG,15,
620,Sunday,28-09-25,31255,36,Ahmed Saeed El-Shenawy,DPL,15-09-25,,,48.93,Fill,V01-D,V 107,LAYER - 8,2,,,APPROVED AS NOTED,DONE,3,EIDG,13,
621,Sunday,28-09-25,31256,36,Ahmed Saeed El-Shenawy,DPL,18-09-25,,,60.39,Fill,V01-D,V 107,LAYER - 9,2,,,APPROVED AS NOTED,DONE,3,EIDG,10,
622,Sunday,28-09-25,31257,36,Ahmed Saeed El-Shenawy,SOIL,26-08-25,A-4,94.20%,,Bottom of excavation,V01-D,V 107,,1,Sieve analysis,,APPROVED AS NOTED,DONE,4,EIDG,33,
623,Monday,29-09-25,31278,36,MOKHTAR EL-SHENAWY,DPL,04-08-25,,,48.168,Bottom of excavation,V01-D,BHL-5,LAYER - 0,6,,,APPROVED AS NOTED,DONE,3,EIDG,56,
624,Monday,29-09-25,31279,36,MOKHTAR EL-SHENAWY,DPL,11-06-25,,,50.728,Fill,V01-D,BHL-5,LAYER - 10,6,,,APPROVED AS NOTED,DONE,3,EIDG,110,
625,Monday,29-09-25,31280,36,MOKHTAR EL-SHENAWY,DPL,11-08-25,,,64.41,Fill,V01-D,BHL-5,LAYER - 11,6,,,APPROVED AS NOTED,DONE,3,EIDG,49,
626,Monday,29-09-25,31281,36,MOKHTAR EL-SHENAWY,DPL,05-08-25,,,46.738,Fill,V01-D,BHL-5,LAYER - 2,6,,,APPROVED AS NOTED,DONE,3,EIDG,55,
627,Monday,29-09-25,31282,36,MOKHTAR EL-SHENAWY,DPL,04-08-25,,,46.495,Fill,V01-D,BHL-5,LAYER - 1,6,,,APPROVED AS NOTED,DONE,3,EIDG,56,
628,Monday,29-09-25,31283,36,MOKHTAR EL-SHENAWY,DPL,12-08-25,,,55.536,Fill,V01-D,BHL-5,LAYER - 12,6,,,APPROVED AS NOTED,DONE,3,EIDG,48,
629,Monday,29-09-25,31284,36,MOKHTAR EL-SHENAWY,DPL,15-08-25,,,52.064,Fill,V01-D,BHL-5,LAYER - 13,6,,,APPROVED AS NOTED,DONE,3,EIDG,45,
630,Monday,29-09-25,31285,36,MOKHTAR EL-SHENAWY,DPL,05-08-25,,,60,Fill,V01-D,BHL-5,LAYER - 3,6,,,APPROVED AS NOTED,DONE,3,EIDG,55,
631,Monday,29-09-25,31286,36,MOKHTAR EL-SHENAWY,DPL,07-08-25,,,62.926,Fill,V01-D,BHL-5,LAYER - 5,6,,,APPROVED AS NOTED,DONE,3,EIDG,53,
632,Monday,29-09-25,31287,36,MOKHTAR EL-SHENAWY,DPL,06-08-25,,,47.526,Fill,V01-D,BHL-5,LAYER - 4,6,,,APPROVED AS NOTED,DONE,3,EIDG,54,
633,Monday,29-09-25,31288,36,MOKHTAR EL-SHENAWY,DPL,09-08-25,,,63.914,Fill,V01-D,BHL-5,LAYER - 8,6,,,APPROVED AS NOTED,DONE,3,EIDG,51,
634,Monday,29-09-25,31289,36,MOKHTAR EL-SHENAWY,DPL,08-08-25,,,63.971,Fill,V01-D,BHL-5,LAYER - 7,6,,,APPROVED AS NOTED,DONE,3,EIDG,52,
635,Monday,29-09-25,31290,36,MOKHTAR EL-SHENAWY,DPL,10-08-25,,,48.641,Fill,V01-D,BHL-5,LAYER - 9,6,,,APPROVED AS NOTED,DONE,3,EIDG,50,
636,Monday,29-09-25,31291,36,MOKHTAR EL-SHENAWY,DPL,08-08-25,,,51.342,Fill,V01-D,BHL-5,LAYER - 6,6,,,APPROVED AS NOTED,DONE,3,EIDG,52,
637,Monday,29-09-25,31369,36,MOKHTAR EL-SHENAWY,DPL,16-09-25,,,55.329,Bottom of excavation,V01-D,BHL-15,LAYER - 0,3,,,APPROVED AS NOTED,DONE,3,EIDG,13,
638,Monday,29-09-25,31370,36,MOKHTAR EL-SHENAWY,DPL,17-09-25,,,51.841,Fill,V01-D,BHL-15,LAYER - 1,3,,,APPROVED AS NOTED,DONE,3,EIDG,12,
639,Monday,29-09-25,31371,36,MOKHTAR EL-SHENAWY,DPL,18-09-25,,,55.572,Fill,V01-D,BHL-15,LAYER - 2,3,,,APPROVED AS NOTED,DONE,3,EIDG,11,
640,Monday,29-09-25,31372,36,MOKHTAR EL-SHENAWY,DPL,20-09-25,,,58.717,Fill,V01-D,BHL-15,LAYER - 3,3,,,APPROVED AS NOTED,DONE,3,EIDG,9,
641,Monday,29-09-25,31373,36,MOKHTAR EL-SHENAWY,DPL,22-09-25,,,46,Fill,V01-D,BHL-15,LAYER - 5,3,,,APPROVED AS NOTED,DONE,3,EIDG,7,
642,Monday,29-09-25,31374,36,MOKHTAR EL-SHENAWY,DPL,21-09-25,,,51.185,Fill,V01-D,BHL-15,LAYER - 4,3,,,APPROVED AS NOTED,DONE,3,EIDG,8,
643,Monday,29-09-25,31375,36,MOKHTAR EL-SHENAWY,DPL,24-09-25,,,45.273,Fill,V01-D,BHL-15,LAYER - 7,3,,,APPROVED AS NOTED,DONE,3,EIDG,5,
644,Monday,29-09-25,31376,36,MOKHTAR EL-SHENAWY,DPL,23-09-25,,,45.299,Fill,V01-D,BHL-15,LAYER - 6,3,,,APPROVED AS NOTED,DONE,3,EIDG,6,
645,Tuesday,30-09-25,31377,36,EL-HADDAD,DPL,02-08-25,,,49.04,Fill,V01-D,BHL-16,LAYER - 9,9,,,APPROVED AS NOTED,DONE,3,EIDG,59,
646,Tuesday,30-09-25,31378,36,EL-HADDAD,DPL,31-07-25,,,43.967,Fill,V01-D,BHL-16,LAYER - 8,12,,,APPROVED AS NOTED,DONE,3,EIDG,61,
647,Tuesday,30-09-25,31379,36,EL-HADDAD,DPL,28-07-25,,,44.197,Fill,V01-D,BHL-16,LAYER - 6,12,,,APPROVED AS NOTED,DONE,3,EIDG,64,
648,Tuesday,30-09-25,31380,36,EL-HADDAD,DPL,29-07-25,,,51.62,Fill,V01-D,BHL-16,LAYER - 7,12,,,APPROVED AS NOTED,DONE,3,EIDG,63,
649,Tuesday,30-09-25,31381,36,EL-HADDAD,DPL,25-07-25,,,53.33,Fill,V01-D,BHL-16,LAYER - 5,12,,,APPROVED AS NOTED,DONE,3,EIDG,67,
650,Tuesday,30-09-25,31382,36,EL-HADDAD,DPL,24-07-25,,,54.082,Fill,V01-D,BHL-16,LAYER - 4,12,,,APPROVED AS NOTED,DONE,3,EIDG,68,
651,Tuesday,30-09-25,31383,36,EL-HADDAD,DPL,21-07-25,,,44.523,Fill,V01-D,BHL-16,LAYER - 2,12,,,APPROVED AS NOTED,DONE,3,EIDG,71,
652,Tuesday,30-09-25,31384,36,EL-HADDAD,DPL,22-07-25,,,46.23,Fill,V01-D,BHL-16,LAYER - 3,12,,,APPROVED AS NOTED,DONE,3,EIDG,70,
653,Tuesday,30-09-25,31385,36,EL-HADDAD,DPL,29-07-25,,,53.396,Fill,V01-D,BHL-16,LAYER - 1,12,,,APPROVED AS NOTED,DONE,3,EIDG,63,
654,Tuesday,30-09-25,31386,36,EL-HADDAD,DPL,18-08-25,,,58.399,Fill,V01-D,BHL-16,LAYER - 18,9,,,APPROVED AS NOTED,DONE,3,EIDG,43,
655,Tuesday,30-09-25,31387,36,EL-HADDAD,DPL,16-08-25,,,54.602,Fill,V01-D,BHL-16,LAYER - 17,9,,,APPROVED AS NOTED,DONE,3,EIDG,45,
656,Tuesday,30-09-25,31388,36,EL-HADDAD,DPL,15-08-25,,,47.145,Fill,V01-D,BHL-16,LAYER - 16,9,,,APPROVED AS NOTED,DONE,3,EIDG,46,
657,Tuesday,30-09-25,31389,36,EL-HADDAD,DPL,14-08-25,,,42.424,Fill,V01-D,BHL-16,LAYER - 15,9,,,APPROVED AS NOTED,DONE,3,EIDG,47,
658,Tuesday,30-09-25,31390,36,EL-HADDAD,DPL,10-08-25,,,71.846,Fill,V01-D,BHL-16,LAYER - 14,9,,,APPROVED AS NOTED,DONE,3,EIDG,51,
659,Tuesday,30-09-25,31391,36,EL-HADDAD,DPL,09-08-25,,,47.235,Fill,V01-D,BHL-16,LAYER - 13,9,,,APPROVED AS NOTED,DONE,3,EIDG,52,
660,Tuesday,30-09-25,31392,36,EL-HADDAD,DPL,09-08-25,,,47.945,Fill,V01-D,BHL-16,LAYER - 12,9,,,APPROVED AS NOTED,DONE,3,EIDG,52,
661,Tuesday,30-09-25,31393,36,EL-HADDAD,DPL,06-08-25,,,54.882,Fill,V01-D,BHL-16,LAYER - 11,9,,,APPROVED AS NOTED,DONE,3,EIDG,55,
662,Tuesday,30-09-25,31394,36,EL-HADDAD,DPL,05-08-25,,,42.424,Fill,V01-D,BHL-16,LAYER - 10,9,,,APPROVED AS NOTED,DONE,3,EIDG,56,
663,Tuesday,30-09-25,31395,36,EL-HADDAD,DPL,17-07-25,,,56.824,Bottom of excavation,V01-D,BHL-16,LAYER - 0,12,,,APPROVED AS NOTED,DONE,3,EIDG,75,
664,Tuesday,30-09-25,31352,36,EL-DAWLIA,DPL,20-07-25,,,64.467,Bottom of excavation,V01-D,BHL-14,LAYER - 0,7,,,APPROVED AS NOTED,DONE,3,EIDG,72,
665,Tuesday,30-09-25,31353,36,EL-DAWLIA,DPL,03-08-25,,,46.749,Fill,V01-D,BHL-14,LAYER - 10,7,,,APPROVED AS NOTED,DONE,3,EIDG,58,
666,Tuesday,30-09-25,31354,36,EL-DAWLIA,DPL,06-08-25,,,44.5,Fill,V01-D,BHL-14,LAYER - 11,7,,,APPROVED AS NOTED,DONE,3,EIDG,55,
667,Tuesday,30-09-25,31355,36,EL-DAWLIA,DPL,07-08-25,,,54.93,Fill,V01-D,BHL-14,LAYER - 12,7,,,APPROVED AS NOTED,DONE,3,EIDG,54,
668,Tuesday,30-09-25,31356,36,EL-DAWLIA,DPL,08-08-25,,,43.628,Fill,V01-D,BHL-14,LAYER - 13,7,,,APPROVED AS NOTED,DONE,3,EIDG,53,
669,Tuesday,30-09-25,31357,36,EL-DAWLIA,DPL,09-08-25,,,52.814,Fill,V01-D,BHL-14,LAYER - 14,7,,,APPROVED AS NOTED,DONE,3,EIDG,52,
670,Tuesday,30-09-25,31358,36,EL-DAWLIA,DPL,10-08-25,,,51.951,Fill,V01-D,BHL-14,LAYER - 15,7,,,APPROVED AS NOTED,DONE,3,EIDG,51,
671,Tuesday,30-09-25,31359,36,EL-DAWLIA,DPL,16-08-25,,,42.298,Fill,V01-D,BHL-14,LAYER - 16,7,,,APPROVED AS NOTED,DONE,3,EIDG,45,
672,Tuesday,30-09-25,31360,36,EL-DAWLIA,DPL,22-07-25,,,62.365,Fill,V01-D,BHL-14,LAYER - 1,7,,,APPROVED AS NOTED,DONE,3,EIDG,70,
673,Tuesday,30-09-25,31361,36,EL-DAWLIA,DPL,24-07-25,,,50.767,Fill,V01-D,BHL-14,LAYER - 2,7,,,APPROVED AS NOTED,DONE,3,EIDG,68,
674,Tuesday,30-09-25,31362,36,EL-DAWLIA,DPL,26-07-25,,,55.244,Fill,V01-D,BHL-14,LAYER - 3,7,,,APPROVED AS NOTED,DONE,3,EIDG,66,
675,Tuesday,30-09-25,31363,36,EL-DAWLIA,DPL,27-07-25,,,62.672,Fill,V01-D,BHL-14,LAYER - 4,7,,,APPROVED AS NOTED,DONE,3,EIDG,65,
676,Tuesday,30-09-25,31364,36,EL-DAWLIA,DPL,28-07-25,,,47.52,Fill,V01-D,BHL-14,LAYER - 5,7,,,APPROVED AS NOTED,DONE,3,EIDG,64,
677,Tuesday,30-09-25,31365,36,EL-DAWLIA,DPL,29-07-25,,,46.921,Fill,V01-D,BHL-14,LAYER - 6,7,,,APPROVED AS NOTED,DONE,3,EIDG,63,
678,Tuesday,30-09-25,31366,36,EL-DAWLIA,DPL,31-07-25,,,59.844,Fill,V01-D,BHL-14,LAYER - 7,7,,,APPROVED AS NOTED,DONE,3,EIDG,61,
679,Tuesday,30-09-25,31367,36,EL-DAWLIA,DPL,01-08-25,,,46.354,Fill,V01-D,BHL-14,LAYER - 8,7,,,APPROVED AS NOTED,DONE,3,EIDG,60,
680,Tuesday,30-09-25,31368,36,EL-DAWLIA,DPL,02-08-25,,,45.872,Fill,V01-D,BHL-14,LAYER - 9,7,,,APPROVED AS NOTED,DONE,3,EIDG,59,
681,Monday,29-09-25,31341,36,MOKHTAR EL-SHENAWY,DPL,21-08-25,,,56.178,Bottom of excavation,V01-D,BHL-12,LAYER - 0,3,,,APPROVED AS NOTED,DONE,3,EIDG,39,
682,Monday,29-09-25,31342,36,MOKHTAR EL-SHENAWY,DPL,08-09-25,,,50.795,Fill,V01-D,BHL-12,LAYER - 10,3,,,APPROVED AS NOTED,DONE,3,EIDG,21,
683,Monday,29-09-25,31343,36,MOKHTAR EL-SHENAWY,DPL,23-08-25,,,59.309,Fill,V01-D,BHL-12,LAYER - 1,3,,,APPROVED AS NOTED,DONE,3,EIDG,37,
684,Monday,29-09-25,31344,36,MOKHTAR EL-SHENAWY,DPL,31-08-25,,,50.88,Fill,V01-D,BHL-12,LAYER - 2,3,,,APPROVED AS NOTED,DONE,3,EIDG,29,
685,Monday,29-09-25,31345,36,MOKHTAR EL-SHENAWY,DPL,31-08-25,,,48.89,Fill,V01-D,BHL-12,LAYER - 3,3,,,APPROVED AS NOTED,DONE,3,EIDG,29,
686,Monday,29-09-25,31346,36,MOKHTAR EL-SHENAWY,DPL,01-09-25,,,48.823,Fill,V01-D,BHL-12,LAYER - 5,3,,,APPROVED AS NOTED,DONE,3,EIDG,28,
687,Monday,29-09-25,31347,36,MOKHTAR EL-SHENAWY,DPL,01-09-25,,,43.228,Fill,V01-D,BHL-12,LAYER - 4,3,,,APPROVED AS NOTED,DONE,3,EIDG,28,
688,Monday,29-09-25,31348,36,MOKHTAR EL-SHENAWY,DPL,03-09-25,,,51.69,Fill,V01-D,BHL-12,LAYER - 6,3,,,APPROVED AS NOTED,DONE,3,EIDG,26,
689,Monday,29-09-25,31349,36,MOKHTAR EL-SHENAWY,DPL,03-09-25,,,49.886,Fill,V01-D,BHL-12,LAYER - 7,3,,,APPROVED AS NOTED,DONE,3,EIDG,26,
690,Monday,29-09-25,31350,36,MOKHTAR EL-SHENAWY,DPL,06-09-25,,,46.424,Fill,V01-D,BHL-12,LAYER - 9,3,,,APPROVED AS NOTED,DONE,3,EIDG,23,
691,Monday,29-09-25,31351,36,MOKHTAR EL-SHENAWY,DPL,05-09-25,,,46.401,Fill,V01-D,BHL-12,LAYER - 8,3,,,APPROVED AS NOTED,DONE,3,EIDG,24,
692,Monday,29-09-25,31277,36,Ahmed Saeed El-Shenawy,DPL,31-07-25,,,46.993,Bottom of excavation,V01-D,BHL-4,LAYER - 0,2,,,APPROVED AS NOTED,DONE,3,EIDG,60,
693,Monday,29-09-25,31274,36,Ahmed Saeed El-Shenawy,DPL,27-07-25,,,58.522,Bottom of excavation,V01-D,BHL-3,LAYER - 0,4,,,APPROVED AS NOTED,DONE,3,EIDG,64,
694,Monday,29-09-25,31275,36,Ahmed Saeed El-Shenawy,DPL,28-07-25,,,43.754,Fill,V01-D,BHL-3,LAYER - 1,4,,,APPROVED AS NOTED,DONE,3,EIDG,63,
695,Monday,29-09-25,31276,36,Ahmed Saeed El-Shenawy,DPL,05-08-25,,,60.479,Fill,V01-D,BHL-3,LAYER - 2,4,,,APPROVED AS NOTED,DONE,3,EIDG,55,
696,Monday,29-09-25,31265,36,Ahmed Saeed El-Shenawy,DPL,23-07-25,,,54.703,Bottom of excavation,V01-D,BHL-2,LAYER - 0,11,,,APPROVED AS NOTED,DONE,3,EIDG,68,
697,Monday,29-09-25,31266,36,Ahmed Saeed El-Shenawy,DPL,24-07-25,,,51.997,Fill,V01-D,BHL-2,LAYER - 2,11,,,APPROVED AS NOTED,DONE,3,EIDG,67,
698,Monday,29-09-25,31267,36,Ahmed Saeed El-Shenawy,DPL,24-07-25,,,52.379,Fill,V01-D,BHL-2,LAYER - 1,11,,,APPROVED AS NOTED,DONE,3,EIDG,67,
699,Monday,29-09-25,31268,36,Ahmed Saeed El-Shenawy,DPL,25-07-25,,,45.384,Fill,V01-D,BHL-2,LAYER - 3,11,,,APPROVED AS NOTED,DONE,3,EIDG,66,
700,Monday,29-09-25,31269,36,Ahmed Saeed El-Shenawy,DPL,02-08-25,,,43.907,Fill,V01-D,BHL-2,LAYER - 8,11,,,APPROVED AS NOTED,DONE,3,EIDG,58,
701,Monday,29-09-25,31270,36,Ahmed Saeed El-Shenawy,DPL,29-07-25,,,47.219,Fill,V01-D,BHL-2,LAYER - 7,11,,,APPROVED AS NOTED,DONE,3,EIDG,62,
702,Monday,29-09-25,31271,36,Ahmed Saeed El-Shenawy,DPL,28-07-25,,,46.85,Fill,V01-D,BHL-2,LAYER - 6,11,,,APPROVED AS NOTED,DONE,3,EIDG,63,
703,Monday,29-09-25,31272,36,Ahmed Saeed El-Shenawy,DPL,27-07-25,,,52.367,Fill,V01-D,BHL-2,LAYER - 5,11,,,APPROVED AS NOTED,DONE,3,EIDG,64,
704,Monday,29-09-25,31273,36,Ahmed Saeed El-Shenawy,DPL,27-07-25,,,45.292,Fill,V01-D,BHL-2,LAYER - 4,11,,,APPROVED AS NOTED,DONE,3,EIDG,64,
705,Monday,29-09-25,31258,36,Ahmed Saeed El-Shenawy,DPL,27-07-25,,,59.707,Bottom of excavation,V01-D,BHL-1,LAYER - 0,4,,,APPROVED AS NOTED,DONE,3,EIDG,64,
706,Monday,29-09-25,31259,36,Ahmed Saeed El-Shenawy,DPL,20-07-25,,,45.017,Fill,V01-D,BHL-1,LAYER - 1,4,,,APPROVED AS NOTED,DONE,3,EIDG,71,
707,Monday,29-09-25,31260,36,Ahmed Saeed El-Shenawy,DPL,28-07-25,,,56.199,Fill,V01-D,BHL-1,LAYER - 2,4,,,APPROVED AS NOTED,DONE,3,EIDG,63,
708,Monday,29-09-25,31261,36,Ahmed Saeed El-Shenawy,DPL,29-07-25,,,47.119,Fill,V01-D,BHL-1,LAYER - 3,4,,,APPROVED AS NOTED,DONE,3,EIDG,62,
709,Monday,29-09-25,31262,36,Ahmed Saeed El-Shenawy,DPL,30-07-25,,,46.095,Fill,V01-D,BHL-1,LAYER - 4,4,,,APPROVED AS NOTED,DONE,3,EIDG,61,
710,Monday,29-09-25,31263,36,Ahmed Saeed El-Shenawy,DPL,30-07-25,,,63,Fill,V01-D,BHL-1,LAYER - 5,4,,,APPROVED AS NOTED,DONE,3,EIDG,61,
711,Monday,29-09-25,31264,36,Ahmed Saeed El-Shenawy,DPL,02-08-25,,,47.597,Fill,V01-D,BHL-1,LAYER - 6,4,,,APPROVED AS NOTED,DONE,3,EIDG,58,
712,Monday,29-09-25,31292,36,MOKHTAR EL-SHENAWY,DPL,29-07-25,,,54.221,Bottom of excavation,V01-D,BHL-7,LAYER - 0,4,,,APPROVED AS NOTED,DONE,3,EIDG,62,
713,Monday,29-09-25,31293,36,MOKHTAR EL-SHENAWY,DPL,14-08-25,,,53.772,Fill,V01-D,BHL-7,LAYER - 10,4,,,APPROVED AS NOTED,DONE,3,EIDG,46,
714,Monday,29-09-25,31294,36,MOKHTAR EL-SHENAWY,DPL,30-07-25,,,53.325,Fill,V01-D,BHL-7,LAYER - 1,4,,,APPROVED AS NOTED,DONE,3,EIDG,61,
715,Monday,29-09-25,31295,36,MOKHTAR EL-SHENAWY,DPL,30-07-25,,,49.323,Fill,V01-D,BHL-7,LAYER - 2,4,,,APPROVED AS NOTED,DONE,3,EIDG,61,
716,Monday,29-09-25,31296,36,MOKHTAR EL-SHENAWY,DPL,31-07-25,,,50.575,Fill,V01-D,BHL-7,LAYER - 3,4,,,APPROVED AS NOTED,DONE,3,EIDG,60,
717,Monday,29-09-25,31297,36,MOKHTAR EL-SHENAWY,DPL,01-08-25,,,47.985,Fill,V01-D,BHL-7,LAYER - 4,4,,,APPROVED AS NOTED,DONE,3,EIDG,59,
718,Monday,29-09-25,31298,36,MOKHTAR EL-SHENAWY,DPL,02-08-25,,,55.483,Fill,V01-D,BHL-7,LAYER - 6,4,,,APPROVED AS NOTED,DONE,3,EIDG,58,
719,Monday,29-09-25,31299,36,MOKHTAR EL-SHENAWY,DPL,10-08-25,,,45.259,Fill,V01-D,BHL-7,LAYER - 7,4,,,APPROVED AS NOTED,DONE,3,EIDG,50,
720,Monday,29-09-25,31300,36,MOKHTAR EL-SHENAWY,DPL,02-08-25,,,46.789,Fill,V01-D,BHL-7,LAYER - 5,4,,,APPROVED AS NOTED,DONE,3,EIDG,58,
721,Monday,29-09-25,31301,36,MOKHTAR EL-SHENAWY,DPL,11-08-25,,,48.143,Fill,V01-D,BHL-7,LAYER - 9,4,,,APPROVED AS NOTED,DONE,3,EIDG,49,
722,Monday,29-09-25,31302,36,MOKHTAR EL-SHENAWY,DPL,11-08-25,,,44.931,Fill,V01-D,BHL-7,LAYER - 8,4,,,APPROVED AS NOTED,DONE,3,EIDG,49,
723,Monday,29-09-25,31303,36,MOKHTAR EL-SHENAWY,DPL,20-07-25,,,57.62,Bottom of excavation,V01-D,BHL-9,LAYER - 0,6,,,APPROVED AS NOTED,DONE,3,EIDG,71,
724,Monday,29-09-25,31304,36,MOKHTAR EL-SHENAWY,DPL,27-07-25,,,56.672,Fill,V01-D,BHL-9,LAYER - 10,6,,,APPROVED AS NOTED,DONE,3,EIDG,64,
725,Monday,29-09-25,31305,36,MOKHTAR EL-SHENAWY,DPL,29-07-25,,,43.746,Fill,V01-D,BHL-9,LAYER - 11,6,,,APPROVED AS NOTED,DONE,3,EIDG,62,
726,Monday,29-09-25,31306,36,MOKHTAR EL-SHENAWY,DPL,30-07-25,,,51.138,Fill,V01-D,BHL-9,LAYER - 12,6,,,APPROVED AS NOTED,DONE,3,EIDG,61,
727,Monday,29-09-25,31307,36,MOKHTAR EL-SHENAWY,DPL,20-07-25,,,54.366,Fill,V01-D,BHL-9,LAYER - 1,6,,,APPROVED AS NOTED,DONE,3,EIDG,71,
728,Monday,29-09-25,31308,36,MOKHTAR EL-SHENAWY,DPL,21-07-25,,,54.366,Fill,V01-D,BHL-9,LAYER - 1,6,,,APPROVED AS NOTED,DONE,3,EIDG,70,
729,Monday,29-09-25,31309,36,MOKHTAR EL-SHENAWY,DPL,22-07-25,,,45.715,Fill,V01-D,BHL-9,LAYER - 3,6,,,APPROVED AS NOTED,DONE,3,EIDG,69,
730,Monday,29-09-25,31310,36,MOKHTAR EL-SHENAWY,DPL,22-07-25,,,48.107,Fill,V01-D,BHL-9,LAYER - 4,6,,,APPROVED AS NOTED,DONE,3,EIDG,69,
731,Monday,29-09-25,31311,36,MOKHTAR EL-SHENAWY,DPL,23-07-25,,,49.551,Fill,V01-D,BHL-9,LAYER - 5,6,,,APPROVED AS NOTED,DONE,3,EIDG,68,
732,Monday,29-09-25,31312,36,MOKHTAR EL-SHENAWY,DPL,24-07-25,,,46.54,Fill,V01-D,BHL-9,LAYER - 6,6,,,APPROVED AS NOTED,DONE,3,EIDG,67,
733,Monday,29-09-25,31313,36,MOKHTAR EL-SHENAWY,DPL,25-07-25,,,42.828,Fill,V01-D,BHL-9,LAYER - 7,6,,,APPROVED AS NOTED,DONE,3,EIDG,66,
734,Monday,29-09-25,31314,36,MOKHTAR EL-SHENAWY,DPL,25-07-25,,,45.643,Fill,V01-D,BHL-9,LAYER - 8,6,,,APPROVED AS NOTED,DONE,3,EIDG,66,
735,Monday,29-09-25,31315,36,MOKHTAR EL-SHENAWY,DPL,26-07-25,,,53.285,Fill,V01-D,BHL-9,LAYER - 9,6,,,APPROVED AS NOTED,DONE,3,EIDG,65,
736,Monday,29-09-25,31316,36,MOKHTAR EL-SHENAWY,DPL,19-07-25,,,54.953,Bottom of excavation,V01-D,BHL-10,LAYER - 0,3,,,APPROVED AS NOTED,DONE,3,EIDG,72,
737,Monday,29-09-25,31317,36,MOKHTAR EL-SHENAWY,DPL,30-07-25,,,50.457,Fill,V01-D,BHL-10,LAYER - 10,3,,,APPROVED AS NOTED,DONE,3,EIDG,61,
738,Monday,29-09-25,31318,36,MOKHTAR EL-SHENAWY,DPL,22-07-25,,,51.099,Fill,V01-D,BHL-10,LAYER - 3,3,,,APPROVED AS NOTED,DONE,3,EIDG,69,
739,Monday,29-09-25,31319,36,MOKHTAR EL-SHENAWY,DPL,21-07-25,,,63.694,Fill,V01-D,BHL-10,LAYER - 2,3,,,APPROVED AS NOTED,DONE,3,EIDG,70,
740,Monday,29-09-25,31320,36,MOKHTAR EL-SHENAWY,DPL,20-07-25,,,60.512,Fill,V01-D,BHL-10,LAYER - 1,3,,,APPROVED AS NOTED,DONE,3,EIDG,71,
741,Monday,29-09-25,31321,36,MOKHTAR EL-SHENAWY,DPL,28-07-25,,,59.091,Fill,V01-D,BHL-10,LAYER - 9,3,,,APPROVED AS NOTED,DONE,3,EIDG,63,
742,Monday,29-09-25,31322,36,MOKHTAR EL-SHENAWY,DPL,27-07-25,,,50.404,Fill,V01-D,BHL-10,LAYER - 8,3,,,APPROVED AS NOTED,DONE,3,EIDG,64,
743,Monday,29-09-25,31323,36,MOKHTAR EL-SHENAWY,DPL,25-07-25,,,51.859,Fill,V01-D,BHL-10,LAYER - 8,3,,,APPROVED AS NOTED,DONE,3,EIDG,66,
744,Monday,29-09-25,31324,36,MOKHTAR EL-SHENAWY,DPL,26-07-25,,,46.853,Fill,V01-D,BHL-10,LAYER - 7,3,,,APPROVED AS NOTED,DONE,3,EIDG,65,
745,Monday,29-09-25,31325,36,MOKHTAR EL-SHENAWY,DPL,24-07-25,,,53.646,Fill,V01-D,BHL-10,LAYER - 5,3,,,APPROVED AS NOTED,DONE,3,EIDG,67,
746,Monday,29-09-25,31326,36,MOKHTAR EL-SHENAWY,DPL,23-07-25,,,57.434,Fill,V01-D,BHL-10,LAYER - 4,3,,,APPROVED AS NOTED,DONE,3,EIDG,68,
747,Monday,29-09-25,31327,36,Ahmed Saeed El-Shenawy,DPL,31-08-25,,,61.093,Bottom of excavation,V01-D,BHL-11,LAYER - 0,4,,,APPROVED AS NOTED,DONE,3,EIDG,29,
748,Monday,29-09-25,31328,36,Ahmed Saeed El-Shenawy,DPL,17-09-25,,,50.66,Fill,V01-D,BHL-11,LAYER - 10,4,,,APPROVED AS NOTED,DONE,3,EIDG,12,
749,Monday,29-09-25,31329,36,Ahmed Saeed El-Shenawy,DPL,10-09-25,,,44.541,Fill,V01-D,BHL-11,LAYER - 6,4,,,APPROVED AS NOTED,DONE,3,EIDG,19,
750,Monday,29-09-25,31330,36,Ahmed Saeed El-Shenawy,DPL,15-09-25,,,51.749,Fill,V01-D,BHL-11,LAYER - 8,4,,,APPROVED AS NOTED,DONE,3,EIDG,14,
751,Monday,29-09-25,31331,36,Ahmed Saeed El-Shenawy,DPL,16-09-25,,,44.325,Fill,V01-D,BHL-11,LAYER - 9,4,,,APPROVED AS NOTED,DONE,3,EIDG,13,
752,Monday,29-09-25,31332,36,Ahmed Saeed El-Shenawy,DPL,13-09-25,,,44.444,Fill,V01-D,BHL-11,LAYER - 7,4,,,APPROVED AS NOTED,DONE,3,EIDG,16,
753,Monday,29-09-25,31333,36,Ahmed Saeed El-Shenawy,DPL,20-09-25,,,44.898,Fill,V01-D,BHL-11,LAYER - 11,4,,,APPROVED AS NOTED,DONE,3,EIDG,9,
754,Monday,29-09-25,31334,36,Ahmed Saeed El-Shenawy,DPL,21-09-25,,,51.35,Fill,V01-D,BHL-11,LAYER - 12,4,,,APPROVED AS NOTED,DONE,3,EIDG,8,
755,Monday,29-09-25,31335,36,Ahmed Saeed El-Shenawy,DPL,22-09-25,,,46.981,Fill,V01-D,BHL-11,LAYER - 13,4,,,APPROVED AS NOTED,DONE,3,EIDG,7,
756,Monday,29-09-25,31336,36,Ahmed Saeed El-Shenawy,DPL,02-09-25,,,57.368,Fill,V01-D,BHL-11,LAYER - 1,4,,,APPROVED AS NOTED,DONE,3,EIDG,27,
757,Monday,29-09-25,31337,36,Ahmed Saeed El-Shenawy,DPL,08-09-25,,,53.073,Fill,V01-D,BHL-11,LAYER - 4,4,,,APPROVED AS NOTED,DONE,3,EIDG,21,
758,Monday,29-09-25,31338,36,Ahmed Saeed El-Shenawy,DPL,07-09-25,,,57.719,Fill,V01-D,BHL-11,LAYER - 3,4,,,APPROVED AS NOTED,DONE,3,EIDG,22,
759,Monday,29-09-25,31339,36,Ahmed Saeed El-Shenawy,DPL,09-09-25,,,45.347,Fill,V01-D,BHL-11,LAYER - 5,4,,,APPROVED AS NOTED,DONE,3,EIDG,20,
760,Monday,29-09-25,31340,36,Ahmed Saeed El-Shenawy,DPL,04-09-25,,,48.041,Fill,V01-D,BHL-11,LAYER - 2,4,,,APPROVED AS NOTED,DONE,3,EIDG,25,
761,Wednesday,24-09-25,31076,36,MOKHTAR EL-SHENAWY,DPL,24-09-25,,,46.482,Fill,V01-D,V 168,LAYER - 5,2,,,APPROVED AS NOTED,DONE,3,EIDG,0,
762,Wednesday,24-09-25,31077,36,MOKHTAR EL-SHENAWY,DPL,10-09-25,,,56.455,Bottom of excavation,V01-D,V 168,LAYER - 0,2,,,APPROVED AS NOTED,DONE,3,EIDG,14,
763,Wednesday,24-09-25,31078,36,MOKHTAR EL-SHENAWY,DPL,19-09-25,,,58.822,Fill,V01-D,V 168,LAYER - 1,2,,,APPROVED AS NOTED,DONE,3,EIDG,5,
764,Wednesday,24-09-25,31079,36,MOKHTAR EL-SHENAWY,DPL,20-09-25,,,57.362,Fill,V01-D,V 168,LAYER - 2,2,,,APPROVED AS NOTED,DONE,3,EIDG,4,
765,Wednesday,24-09-25,31080,36,MOKHTAR EL-SHENAWY,DPL,21-09-25,,,46.97,Fill,V01-D,V 168,LAYER - 3,2,,,APPROVED AS NOTED,DONE,3,EIDG,3,
766,Wednesday,24-09-25,31081,36,MOKHTAR EL-SHENAWY,DPL,22-09-25,,,43.345,Fill,V01-D,V 168,LAYER - 4,2,,,APPROVED AS NOTED,DONE,3,EIDG,2,
767,Wednesday,24-09-25,31082,36,MOKHTAR EL-SHENAWY,SOIL,07-09-25,A-4,83.60%,,Bottom of excavation,V01-D,V 168,,1,Sieve analysis,,APPROVED AS NOTED,DONE,3,EIDG,17,
768,Wednesday,24-09-25,31094,36,MOHAMED ABDELWAHAB,DPL,12-07-25,,,45.688,Fill,V01-D,V 139,LAYER - 6,2,,,APPROVED AS NOTED,DONE,3,EIDG,74,
769,Wednesday,24-09-25,31095,36,MOHAMED ABDELWAHAB,DPL,02-07-25,,,45.045,Fill,V01-D,V 139,LAYER - 1,2,,,APPROVED AS NOTED,DONE,3,EIDG,84,
770,Wednesday,24-09-25,31096,36,MOHAMED ABDELWAHAB,DPL,03-07-25,,,46.93,Fill,V01-D,V 139,LAYER - 2,2,,,APPROVED AS NOTED,DONE,3,EIDG,83,
771,Wednesday,24-09-25,31097,36,MOHAMED ABDELWAHAB,DPL,09-07-25,,,48.502,Fill,V01-D,V 139,LAYER - 3,2,,,APPROVED AS NOTED,DONE,3,EIDG,77,
772,Wednesday,24-09-25,31098,36,MOHAMED ABDELWAHAB,DPL,10-07-25,,,61.295,Fill,V01-D,V 139,LAYER - 4,2,,,APPROVED AS NOTED,DONE,3,EIDG,76,
773,Wednesday,24-09-25,31099,36,MOHAMED ABDELWAHAB,DPL,11-07-25,,,52.965,Fill,V01-D,V 139,LAYER - 5,2,,,APPROVED AS NOTED,DONE,3,EIDG,75,
774,Wednesday,24-09-25,31100,36,MOHAMED ABDELWAHAB,SOIL,01-07-25,A-4,58.00%,,Bottom of excavation,V01-D,V 139,,1,Sieve analysis,,APPROVED AS NOTED,DONE,3,EIDG,85,
775,Thursday,25-09-25,31101,36,Ahmed Saeed El-Shenawy,DPL,06-07-25,,,49.891,Bottom of excavation,V01-D,V 10,LAYER - 0,2,,,APPROVED AS NOTED,DONE,3,EIDG,81,
776,Thursday,25-09-25,31102,36,Ahmed Saeed El-Shenawy,DPL,13-07-25,,,46.114,Fill,V01-D,V 10,LAYER - 1,2,,,APPROVED AS NOTED,DONE,3,EIDG,74,
777,Thursday,25-09-25,31103,36,Ahmed Saeed El-Shenawy,DPL,15-07-25,,,50.025,Fill,V01-D,V 10,LAYER - 2,2,,,APPROVED AS NOTED,DONE,3,EIDG,72,
778,Thursday,25-09-25,31104,36,Ahmed Saeed El-Shenawy,SOIL,05-07-25,A-2-4,21.20%,,Bottom of excavation,V01-D,V 10,,1,Sieve + Proctoer ,,APPROVED AS NOTED,DONE,3,EIDG,82,
779,Wednesday,24-09-25,30874,36,MOKHTAR EL-SHENAWY,DPL,10-09-25,,,52.408,Fill,V01-D,V 169,LAYER - 0,2,,,APPROVED AS NOTED,DONE,3,EIDG,14,
780,Wednesday,24-09-25,30875,36,MOKHTAR EL-SHENAWY,DPL,11-09-25,,,43.562,Fill,V01-D,V 169,LAYER - 1,2,,,APPROVED AS NOTED,DONE,3,EIDG,13,
781,Wednesday,24-09-25,30876,36,MOKHTAR EL-SHENAWY,DPL,16-09-25,,,57.912,Fill,V01-D,V 169,LAYER - 2,2,,,APPROVED AS NOTED,DONE,3,EIDG,8,
782,Wednesday,24-09-25,30877,36,MOKHTAR EL-SHENAWY,DPL,19-09-25,,,54.284,Fill,V01-D,V 169,LAYER - 3,2,,,APPROVED AS NOTED,DONE,3,EIDG,5,
783,Wednesday,24-09-25,30878,36,MOKHTAR EL-SHENAWY,DPL,20-09-25,,,61.84,Fill,V01-D,V 169,LAYER - 4,2,,,APPROVED AS NOTED,DONE,3,EIDG,4,
784,Wednesday,24-09-25,30879,36,MOKHTAR EL-SHENAWY,DPL,21-09-25,,,48.844,Fill,V01-D,V 169,LAYER - 5,2,,,APPROVED AS NOTED,DONE,3,EIDG,3,
785,Wednesday,24-09-25,30880,36,MOKHTAR EL-SHENAWY,DPL,23-09-25,,,53.209,Fill,V01-D,V 169,LAYER - 6,2,,,APPROVED AS NOTED,DONE,3,EIDG,1,
786,Wednesday,24-09-25,30881,36,MOKHTAR EL-SHENAWY,DPL,24-09-25,,,46.303,Fill,V01-D,V 169,LAYER - 7,2,,,APPROVED AS NOTED,DONE,3,EIDG,0,
787,Thursday,25-09-25,31105,36,El-Batal,DPL,21-07-25,,,62.419,Bottom of excavation,V01-D,V 89,LAYER - 0,2,,,APPROVED AS NOTED,DONE,3,EIDG,66,
788,Thursday,25-09-25,31106,36,El-Batal,DPL,20-07-25,,,58.911,Fill,V01-D,V 89,LAYER - 1,2,,,APPROVED AS NOTED,DONE,3,EIDG,67,
789,Thursday,25-09-25,31107,36,El-Batal,DPL,21-07-25,,,44.827,Fill,V01-D,V 89,LAYER - 2,2,,,APPROVED AS NOTED,DONE,3,EIDG,66,
790,Thursday,25-09-25,31108,36,El-Batal,DPL,22-07-25,,,57.055,Fill,V01-D,V 89,LAYER - 3,2,,,APPROVED AS NOTED,DONE,3,EIDG,65,
791,Thursday,25-09-25,31109,36,El-Batal,DPL,02-08-25,,,43.013,Fill,V01-D,V 89,LAYER - 4,2,,,APPROVED AS NOTED,DONE,3,EIDG,54,
792,Thursday,25-09-25,31110,36,El-Batal,DPL,04-08-25,,,61.23,Fill,V01-D,V 89,LAYER - 5,2,,,APPROVED AS NOTED,DONE,3,EIDG,52,
793,Thursday,25-09-25,31111,36,El-Batal,DPL,08-08-25,,,44.06,Fill,V01-D,V 89,LAYER - 6,2,,,APPROVED AS NOTED,DONE,3,EIDG,48,
794,Thursday,25-09-25,31112,36,El-Batal,SOIL,20-07-25,A-4,69.20%,,Bottom of excavation,V01-D,V 89,,1,Sieve analysis,,APPROVED AS NOTED,DONE,3,EIDG,67,
795,Saturday,27-09-25,31032,36,Ahmed Saeed El-Shenawy,DPL,02-08-25,,,45.645,Bottom of excavation,V01-D,V 24,LAYER - 0,2,,,APPROVED AS NOTED,DONE,2,EIDG,56,
796,Saturday,27-09-25,31033,36,Ahmed Saeed El-Shenawy,DPL,05-08-25,,,56.745,Fill,V01-D,V 24,LAYER - 1,2,,,APPROVED AS NOTED,DONE,2,EIDG,53,
797,Saturday,27-09-25,31034,36,Ahmed Saeed El-Shenawy,DPL,08-08-25,,,44.75,Fill,V01-D,V 24,LAYER - 2,2,,,APPROVED AS NOTED,DONE,2,EIDG,50,
798,Saturday,27-09-25,31035,36,Ahmed Saeed El-Shenawy,DPL,10-08-25,,,53.705,Fill,V01-D,V 24,LAYER - 3,2,,,APPROVED AS NOTED,DONE,2,EIDG,48,
799,Sunday,28-09-25,31036,36,Ahmed Saeed El-Shenawy,SOIL,04-08-25,A-2-4,20.40%,,Bottom of excavation,V01-D,V 24,,1,Sieve + Proctoer ,,APPROVED AS NOTED,DONE,3,EIDG,55,
800,Wednesday,24-09-25,31022,36,Ahmed Saeed El-Shenawy,DPL,05-07-25,,,52.031,Bottom of excavation,V01-D,V 9,LAYER - 0,2,,,APPROVED AS NOTED,DONE,3,EIDG,81,
801,Wednesday,24-09-25,31023,36,Ahmed Saeed El-Shenawy,DPL,08-07-25,,,49.401,Fill,V01-D,V 9,LAYER - 1,2,,,APPROVED AS NOTED,DONE,3,EIDG,78,
802,Wednesday,24-09-25,31024,36,Ahmed Saeed El-Shenawy,DPL,09-07-25,,,54.5,Fill,V01-D,V 9,LAYER - 2,2,,,APPROVED AS NOTED,DONE,3,EIDG,77,
803,Wednesday,24-09-25,31025,36,Ahmed Saeed El-Shenawy,DPL,09-07-25,,,55.07,Fill,V01-D,V 9,LAYER - 3,2,,,APPROVED AS NOTED,DONE,3,EIDG,77,
804,Wednesday,24-09-25,31026,36,Ahmed Saeed El-Shenawy,DPL,10-07-25,,,49.025,Fill,V01-D,V 9,LAYER - 4,2,,,APPROVED AS NOTED,DONE,3,EIDG,76,
805,Wednesday,24-09-25,31027,36,Ahmed Saeed El-Shenawy,DPL,11-07-25,,,48.844,Fill,V01-D,V 9,LAYER - 5,2,,,APPROVED AS NOTED,DONE,3,EIDG,75,
806,Wednesday,24-09-25,31028,36,Ahmed Saeed El-Shenawy,DPL,12-07-25,,,42.339,Fill,V01-D,V 9,LAYER - 6,2,,,APPROVED AS NOTED,DONE,3,EIDG,74,
807,Wednesday,24-09-25,31029,36,Ahmed Saeed El-Shenawy,DPL,14-07-25,,,42.58,Fill,V01-D,V 9,LAYER - 7,2,,,APPROVED AS NOTED,DONE,3,EIDG,72,
808,Wednesday,24-09-25,31030,36,Ahmed Saeed El-Shenawy,DPL,15-07-25,,,59.375,Fill,V01-D,V 9,LAYER - 8,2,,,APPROVED AS NOTED,DONE,3,EIDG,71,
809,Sunday,28-09-25,31031,36,Ahmed Saeed El-Shenawy,SOIL,04-07-25,A-2-4,26.40%,,Bottom of excavation,V01-D,V 9,,1,Sieve + Proctoer ,,APPROVED AS NOTED,DONE,3,EIDG,86,
810,Wednesday,24-09-25,30835,36,Ahmed Saeed El-Shenawy,DPL,11-08-25,,,45.288,Fill,V01-D,V 22,LAYER - 5,2,,,APPROVED AS NOTED,DONE,3,EIDG,44,
811,Wednesday,24-09-25,30836,36,Ahmed Saeed El-Shenawy,DPL,09-08-25,,,52.177,Fill,V01-D,V 22,LAYER - 4,2,,,APPROVED AS NOTED,DONE,3,EIDG,46,
812,Wednesday,24-09-25,30837,36,Ahmed Saeed El-Shenawy,DPL,07-08-25,,,55.597,Fill,V01-D,V 22,LAYER - 3,2,,,APPROVED AS NOTED,DONE,3,EIDG,48,
813,Wednesday,24-09-25,30838,36,Ahmed Saeed El-Shenawy,DPL,06-08-25,,,58.864,Fill,V01-D,V 22,LAYER - 2,2,,,APPROVED AS NOTED,DONE,3,EIDG,49,
814,Wednesday,24-09-25,30839,36,Ahmed Saeed El-Shenawy,DPL,05-08-25,,,55.597,Fill,V01-D,V 22,LAYER - 1,2,,,APPROVED AS NOTED,DONE,3,EIDG,50,
815,Sunday,28-09-25,30848,36,Ahmed Saeed El-Shenawy,SOIL,04-08-25,A-4,39.00%,,Bottom of excavation,V01-D,V 22,,1,Sieve analysis,,APPROVED AS NOTED,DONE,2,EIDG,55,
816,Thursday,25-09-25,31037,36,Ahmed Saeed El-Shenawy,DPL,15-07-25,,,49.104,Fill,V01-D,V 8,LAYER - 8,2,,,APPROVED AS NOTED,DONE,3,EIDG,72,
817,Thursday,25-09-25,31038,36,Ahmed Saeed El-Shenawy,DPL,14-07-25,,,60.787,Fill,V01-D,V 8,LAYER - 7,2,,,APPROVED AS NOTED,DONE,3,EIDG,73,
818,Thursday,25-09-25,31039,36,Ahmed Saeed El-Shenawy,DPL,12-07-25,,,57.817,Fill,V01-D,V 8,LAYER - 6,2,,,APPROVED AS NOTED,DONE,3,EIDG,75,
819,Thursday,25-09-25,31040,36,Ahmed Saeed El-Shenawy,DPL,11-07-25,,,54.363,Fill,V01-D,V 8,LAYER - 5,2,,,APPROVED AS NOTED,DONE,3,EIDG,76,
820,Thursday,25-09-25,31041,36,Ahmed Saeed El-Shenawy,DPL,10-07-25,,,54.807,Fill,V01-D,V 8,LAYER - 4,2,,,APPROVED AS NOTED,DONE,3,EIDG,77,
821,Thursday,25-09-25,31042,36,Ahmed Saeed El-Shenawy,DPL,09-07-25,,,47.947,Fill,V01-D,V 8,LAYER - 3,2,,,APPROVED AS NOTED,DONE,3,EIDG,78,
822,Thursday,25-09-25,31043,36,Ahmed Saeed El-Shenawy,DPL,09-07-25,,,44.267,Fill,V01-D,V 8,LAYER - 2,2,,,APPROVED AS NOTED,DONE,3,EIDG,78,
823,Thursday,25-09-25,31044,36,Ahmed Saeed El-Shenawy,DPL,08-07-25,,,46.832,Fill,V01-D,V 8,LAYER -1,2,,,APPROVED AS NOTED,DONE,3,EIDG,79,
824,Thursday,25-09-25,31045,36,Ahmed Saeed El-Shenawy,DPL,05-07-25,,,45.227,Bottom of excavation,V01-D,V 8,LAYER -0,2,,,APPROVED AS NOTED,DONE,3,EIDG,82,
825,Sunday,28-09-25,31046,36,Ahmed Saeed El-Shenawy,SOIL,04-07-25,A-2-4,28.20%,,Bottom of excavation,V01-D,V 8,,1,Sieve + Proctoer ,,APPROVED AS NOTED,DONE,3,EIDG,86,
826,Sunday,28-09-25,30729,36,MOKHTAR EL-SHENAWY,DPL,10-09-25,,,52.408,Bottom of excavation,V01-D,V 169,LAYER -0,2,,,APPROVED AS NOTED,DONE,3,EIDG,18,
827,Sunday,28-09-25,30730,36,MOKHTAR EL-SHENAWY,DPL,10-09-25,,,43.562,Fill,V01-D,V 169,LAYER -1,2,,,APPROVED AS NOTED,DONE,3,EIDG,18,
828,Sunday,28-09-25,30731,36,MOKHTAR EL-SHENAWY,DPL,16-09-25,,,57.912,Fill,V01-D,V 169,LAYER -2,2,,,APPROVED AS NOTED,DONE,3,EIDG,12,
829,Sunday,28-09-25,30732,36,MOKHTAR EL-SHENAWY,DPL,19-09-25,,,54.284,Fill,V01-D,V 169,LAYER -3,2,,,APPROVED AS NOTED,DONE,3,EIDG,9,
830,Sunday,28-09-25,30733,36,MOKHTAR EL-SHENAWY,DPL,20-09-25,,,61.84,Fill,V01-D,V 169,LAYER -4,2,,,APPROVED AS NOTED,DONE,3,EIDG,8,
831,Sunday,28-09-25,30734,36,MOKHTAR EL-SHENAWY,DPL,21-09-25,,,48.844,Fill,V01-D,V 169,LAYER -5,2,,,APPROVED AS NOTED,DONE,3,EIDG,7,
832,Sunday,28-09-25,30735,36,MOKHTAR EL-SHENAWY,DPL,23-09-25,,,53.209,Fill,V01-D,V 169,LAYER -6,2,,,APPROVED AS NOTED,DONE,3,EIDG,5,
833,Sunday,28-09-25,30736,36,MOKHTAR EL-SHENAWY,DPL,24-09-25,,,46.303,Fill,V01-D,V 169,LAYER -7,2,,,APPROVED AS NOTED,DONE,3,EIDG,4,
834,Sunday,28-09-25,30737,36,MOKHTAR EL-SHENAWY,SOIL,07-09-25,A-4,82.00%,,Bottom of excavation,V01-D,V 169,,1,,,APPROVED AS NOTED,DONE,3,EIDG,21,
835,Saturday,27-09-25,30921,36,Ahmed Saeed El-Shenawy,DPL,21-07-25,,,52.086,Bottom of excavation,V01-D,V 1,LAYER -0,2,,,APPROVED AS NOTED,DONE,2,EIDG,68,
836,Saturday,27-09-25,30922,36,Ahmed Saeed El-Shenawy,DPL,21-07-25,,,44.647,Fill,V01-D,V 1,LAYER -1,2,,,APPROVED AS NOTED,DONE,2,EIDG,68,
837,Saturday,27-09-25,30923,36,Ahmed Saeed El-Shenawy,DPL,22-07-25,,,46.024,Fill,V01-D,V 1,LAYER -2,2,,,APPROVED AS NOTED,DONE,2,EIDG,67,
838,Saturday,27-09-25,30924,36,Ahmed Saeed El-Shenawy,DPL,23-07-25,,,59.174,Fill,V01-D,V 1,LAYER -3,2,,,APPROVED AS NOTED,DONE,2,EIDG,66,
839,Saturday,27-09-25,30925,36,Ahmed Saeed El-Shenawy,DPL,24-07-25,,,48.915,Fill,V01-D,V 1,LAYER -4,2,,,APPROVED AS NOTED,DONE,2,EIDG,65,
840,Saturday,27-09-25,30926,36,Ahmed Saeed El-Shenawy,DPL,25-07-25,,,43.469,Fill,V01-D,V 1,LAYER -5,2,,,APPROVED AS NOTED,DONE,2,EIDG,64,
841,Saturday,27-09-25,30927,36,Ahmed Saeed El-Shenawy,DPL,26-07-25,,,68.134,Fill,V01-D,V 1,LAYER -6,2,,,APPROVED AS NOTED,DONE,2,EIDG,63,
842,Saturday,27-09-25,30928,36,Ahmed Saeed El-Shenawy,DPL,29-07-25,,,44.861,Fill,V01-D,V 1,LAYER -7,2,,,APPROVED AS NOTED,DONE,2,EIDG,60,
843,Sunday,28-09-25,30929,36,Ahmed Saeed El-Shenawy,SOIL,04-07-25,A-2-4,17.80%,,Bottom of excavation,V01-D,V 1,,1,Sieve + Proctoer ,,APPROVED AS NOTED,DONE,3,EIDG,86,
844,Saturday,27-09-25,30684,36,Ahmed Saeed El-Shenawy,DPL,24-09-25,,,44.85,Fill,V01-D,V 102,LAYER -10,2,,,APPROVED AS NOTED,DONE,2,EIDG,3,
845,Sunday,28-09-25,30694,36,Ahmed Saeed El-Shenawy,SOIL,26-08-25,A-4,93.80%,,Bottom of excavation,V01-D,V 102,,1,Sieve analysis,,APPROVED AS NOTED,DONE,2,EIDG,33,
846,Saturday,27-09-25,30686,36,Ahmed Saeed El-Shenawy,DPL,31-08-25,,,49.925,Fill,V01-D,V 102,LAYER -2,2,,,APPROVED AS NOTED,DONE,2,EIDG,27,
847,Saturday,27-09-25,30685,36,Ahmed Saeed El-Shenawy,DPL,30-08-25,,,53.365,Fill,V01-D,V 102,LAYER -1,2,,,APPROVED AS NOTED,DONE,2,EIDG,28,
848,Saturday,27-09-25,30688,36,Ahmed Saeed El-Shenawy,DPL,02-09-25,,,52.112,Fill,V01-D,V 102,LAYER -4,2,,,APPROVED AS NOTED,DONE,2,EIDG,25,
849,Saturday,27-09-25,30687,36,Ahmed Saeed El-Shenawy,DPL,01-09-25,,,46.63,Fill,V01-D,V 102,LAYER -3,2,,,APPROVED AS NOTED,DONE,2,EIDG,26,
850,Saturday,27-09-25,30689,36,Ahmed Saeed El-Shenawy,DPL,06-09-25,,,52.894,Fill,V01-D,V 102,LAYER -5,2,,,APPROVED AS NOTED,DONE,2,EIDG,21,
851,Saturday,27-09-25,30690,36,Ahmed Saeed El-Shenawy,DPL,13-09-25,,,51.62,Fill,V01-D,V 102,LAYER -6,2,,,APPROVED AS NOTED,DONE,2,EIDG,14,
852,Saturday,27-09-25,30691,36,Ahmed Saeed El-Shenawy,DPL,15-09-25,,,46.595,Fill,V01-D,V 102,LAYER -7,2,,,APPROVED AS NOTED,DONE,2,EIDG,12,
853,Saturday,27-09-25,30692,36,Ahmed Saeed El-Shenawy,DPL,18-09-25,,,52.62,Fill,V01-D,V 102,LAYER -8,2,,,APPROVED AS NOTED,DONE,2,EIDG,9,
854,Saturday,27-09-25,30693,36,Ahmed Saeed El-Shenawy,DPL,21-09-25,,,53.83,Fill,V01-D,V 102,LAYER -9,2,,,APPROVED AS NOTED,DONE,2,EIDG,6,
855,Saturday,27-09-25,30917,36,Ahmed Saeed El-Shenawy,DPL,23-07-25,,,58.184,Fill,V01-D,V 4,LAYER -1,2,,,APPROVED AS NOTED,DONE,2,EIDG,66,
856,Sunday,28-09-25,30920,36,Ahmed Saeed El-Shenawy,SOIL,04-07-25,A-4,87.60%,,Bottom of excavation,V01-D,V 4,,1,Sieve analysis,,APPROVED AS NOTED,DONE,2,EIDG,86,
857,Saturday,27-09-25,30919,36,Ahmed Saeed El-Shenawy,DPL,30-07-25,,,56.143,Fill,V01-D,V 4,LAYER -3,2,,,APPROVED AS NOTED,DONE,2,EIDG,59,
858,Saturday,27-09-25,30918,36,Ahmed Saeed El-Shenawy,DPL,25-07-25,,,44.673,Fill,V01-D,V 4,LAYER -2,2,,,APPROVED AS NOTED,DONE,2,EIDG,64,
859,Wednesday,24-09-25,30967,36,Etihadeya,DPL,13-07-25,,,56.18,Bottom of excavation,V01-D,V 154,LAYER -0,2,,,APPROVED AS NOTED,DONE,3,EIDG,73,
860,Wednesday,24-09-25,30968,36,Etihadeya,DPL,31-07-25,,,50.692,Fill,V01-D,V 154,LAYER -8,2,,,APPROVED AS NOTED,DONE,3,EIDG,55,
861,Wednesday,24-09-25,30969,36,Etihadeya,DPL,31-07-25,,,60.942,Fill,V01-D,V 154,LAYER -9,2,,,APPROVED AS NOTED,DONE,3,EIDG,55,
862,Wednesday,24-09-25,30970,36,Etihadeya,DPL,31-07-25,,,44.592,Fill,V01-D,V 154,LAYER -7,2,,,APPROVED AS NOTED,DONE,3,EIDG,55,
863,Wednesday,24-09-25,30971,36,Etihadeya,DPL,31-07-25,,,41.298,Fill,V01-D,V 154,LAYER -6,2,,,APPROVED AS NOTED,DONE,3,EIDG,55,
864,Wednesday,24-09-25,30972,36,Etihadeya,DPL,24-07-25,,,44.077,Fill,V01-D,V 154,LAYER -5,2,,,APPROVED AS NOTED,DONE,3,EIDG,62,
865,Wednesday,24-09-25,30973,36,Etihadeya,DPL,03-08-25,,,42.689,Fill,V01-D,V 154,LAYER -10,2,,,APPROVED AS NOTED,DONE,3,EIDG,52,
866,Wednesday,24-09-25,30974,36,Etihadeya,DPL,05-08-25,,,45.159,Fill,V01-D,V 154,LAYER -11,2,,,APPROVED AS NOTED,DONE,3,EIDG,50,
867,Wednesday,24-09-25,30975,36,Etihadeya,DPL,21-07-25,,,50.281,Fill,V01-D,V 154,LAYER -4,2,,,APPROVED AS NOTED,DONE,3,EIDG,65,
868,Wednesday,24-09-25,30976,36,Etihadeya,DPL,19-07-25,,,52.942,Fill,V01-D,V 154,LAYER -3,2,,,APPROVED AS NOTED,DONE,3,EIDG,67,
869,Wednesday,24-09-25,30977,36,Etihadeya,DPL,19-07-25,,,53.519,Fill,V01-D,V 154,LAYER -2,2,,,APPROVED AS NOTED,DONE,3,EIDG,67,
870,Wednesday,24-09-25,30978,36,Etihadeya,DPL,16-07-25,,,54.039,Fill,V01-D,V 154,LAYER -1,2,,,APPROVED AS NOTED,DONE,3,EIDG,70,
871,Wednesday,24-09-25,30979,36,Etihadeya,SOIL,12-07-25,A-4,66.20%,,Bottom of excavation,V01-D,V 154,,1,Sieve analysis,,APPROVED AS NOTED,DONE,2,EIDG,74,
872,Wednesday,24-09-25,30841,36,SELME EID ,DPL,28-07-25,,,53.484,Fill,V01-D,V 150,LAYER -6,2,,,APPROVED AS NOTED,DONE,3,EIDG,58,
873,Wednesday,24-09-25,30842,36,SELME EID ,DPL,27-07-25,,,47.039,Fill,V01-D,V 150,LAYER -5,2,,,APPROVED AS NOTED,DONE,3,EIDG,59,
874,Wednesday,24-09-25,30843,36,SELME EID ,DPL,26-07-25,,,41.964,Fill,V01-D,V 150,LAYER -4,2,,,APPROVED AS NOTED,DONE,3,EIDG,60,
875,Wednesday,24-09-25,30844,36,SELME EID ,DPL,25-07-25,,,42.135,Fill,V01-D,V 150,LAYER -3,2,,,APPROVED AS NOTED,DONE,3,EIDG,61,
876,Wednesday,24-09-25,30845,36,SELME EID ,DPL,23-07-25,,,55.361,Fill,V01-D,V 150,LAYER -2,2,,,APPROVED AS NOTED,DONE,3,EIDG,63,
877,Wednesday,24-09-25,30846,36,SELME EID ,DPL,22-07-25,,,51.203,Fill,V01-D,V 150,LAYER -1,2,,,APPROVED AS NOTED,DONE,3,EIDG,64,
878,Wednesday,24-09-25,30847,36,SELME EID ,DPL,20-07-25,,,49.252,Bottom of excavation,V01-D,V 150,LAYER -0,2,,,APPROVED AS NOTED,DONE,3,EIDG,66,
879,Sunday,28-09-25,30848,36,SELME EID ,SOIL,21-07-25,A-1-B,2.00%,,Bottom of excavation,V01-D,V 150,,1,Sieve + Proctoer ,,APPROVED AS NOTED,DONE,3,EIDG,69,
880,Saturday,27-09-25,30635,36,MOKHTAR EL-SHENAWY,DPL,31-07-25,,,44.19,Bottom of excavation,V01-D,V 51,LAYER -0,4,,,APPROVED AS NOTED,DONE,3,EIDG,58,
881,Saturday,27-09-25,30636,36,MOKHTAR EL-SHENAWY,DPL,06-08-25,,,48.665,Fill,V01-D,V 51,LAYER -10,4,,,APPROVED AS NOTED,DONE,3,EIDG,52,
882,Saturday,27-09-25,30637,36,MOKHTAR EL-SHENAWY,DPL,07-08-25,,,46.013,Fill,V01-D,V 51,LAYER -11,4,,,APPROVED AS NOTED,DONE,3,EIDG,51,
883,Saturday,27-09-25,30638,36,MOKHTAR EL-SHENAWY,DPL,08-08-25,,,49.12,Fill,V01-D,V 51,LAYER -12,4,,,APPROVED AS NOTED,DONE,3,EIDG,50,
884,Saturday,27-09-25,30639,36,MOKHTAR EL-SHENAWY,DPL,01-08-25,,,52.19,Fill,V01-D,V 51,LAYER -1,4,,,APPROVED AS NOTED,DONE,3,EIDG,57,
885,Saturday,27-09-25,30640,36,MOKHTAR EL-SHENAWY,DPL,02-08-25,,,51.935,Fill,V01-D,V 51,LAYER -2,4,,,APPROVED AS NOTED,DONE,3,EIDG,56,
886,Saturday,27-09-25,30641,36,MOKHTAR EL-SHENAWY,DPL,02-08-25,,,54.248,Fill,V01-D,V 51,LAYER -3,4,,,APPROVED AS NOTED,DONE,3,EIDG,56,
887,Saturday,27-09-25,30642,36,MOKHTAR EL-SHENAWY,DPL,03-08-25,,,60.063,Fill,V01-D,V 51,LAYER -4,4,,,APPROVED AS NOTED,DONE,3,EIDG,55,
888,Saturday,27-09-25,30643,36,MOKHTAR EL-SHENAWY,DPL,03-08-25,,,51.065,Fill,V01-D,V 51,LAYER -5,4,,,APPROVED AS NOTED,DONE,3,EIDG,55,
889,Saturday,27-09-25,30644,36,MOKHTAR EL-SHENAWY,DPL,04-08-25,,,57.553,Fill,V01-D,V 51,LAYER -6,4,,,APPROVED AS NOTED,DONE,3,EIDG,54,
890,Saturday,27-09-25,30645,36,MOKHTAR EL-SHENAWY,DPL,04-08-25,,,59.748,Fill,V01-D,V 51,LAYER -7,4,,,APPROVED AS NOTED,DONE,3,EIDG,54,
891,Saturday,27-09-25,30646,36,MOKHTAR EL-SHENAWY,DPL,05-08-25,,,58.903,Fill,V01-D,V 51,LAYER -8,4,,,APPROVED AS NOTED,DONE,3,EIDG,53,
892,Saturday,27-09-25,30647,36,MOKHTAR EL-SHENAWY,DPL,05-08-25,,,55.103,Fill,V01-D,V 51,LAYER -9,4,,,APPROVED AS NOTED,DONE,3,EIDG,53,
893,Sunday,28-09-25,30648,36,MOKHTAR EL-SHENAWY,SOIL,31-07-25,A-2-4,26.60%,,Bottom of excavation,V01-D,V 51,,1,Sieve + Proctoer ,,APPROVED AS NOTED,DONE,3,EIDG,59,
894,Wednesday,24-09-25,31047,36,MOKHTAR EL-SHENAWY,DPL,09-09-25,,,51.375,Bottom of excavation,V01-D,V 167,LAYER -0,2,,,APPROVED AS NOTED,DONE,3,EIDG,15,
895,Wednesday,24-09-25,31060,36,MOKHTAR EL-SHENAWY,DPL,15-09-25,,,58.409,Fill,V01-D,V 167,LAYER -7,2,,,APPROVED AS NOTED,DONE,3,EIDG,9,
896,Wednesday,24-09-25,31048,36,MOKHTAR EL-SHENAWY,DPL,18-09-25,,,45.192,Fill,V01-D,V 167,LAYER -10,2,,,APPROVED AS NOTED,DONE,3,EIDG,6,
897,Wednesday,24-09-25,31049,36,MOKHTAR EL-SHENAWY,DPL,19-09-25,,,48.021,Fill,V01-D,V 167,LAYER -11,2,,,APPROVED AS NOTED,DONE,3,EIDG,5,
898,Wednesday,24-09-25,31050,36,MOKHTAR EL-SHENAWY,DPL,20-09-25,,,45.696,Fill,V01-D,V 167,LAYER -12,2,,,APPROVED AS NOTED,DONE,3,EIDG,4,
899,Wednesday,24-09-25,31051,36,MOKHTAR EL-SHENAWY,DPL,21-09-25,,,53.037,Fill,V01-D,V 167,LAYER -13,2,,,APPROVED AS NOTED,DONE,3,EIDG,3,
900,Wednesday,24-09-25,31052,36,MOKHTAR EL-SHENAWY,DPL,22-09-25,,,43.31,Fill,V01-D,V 167,LAYER -14,2,,,APPROVED AS NOTED,DONE,3,EIDG,2,
901,Wednesday,24-09-25,31053,36,MOKHTAR EL-SHENAWY,DPL,24-09-25,,,53.468,Fill,V01-D,V 167,LAYER -15,2,,,APPROVED AS NOTED,DONE,3,EIDG,0,
902,Wednesday,24-09-25,31054,36,MOKHTAR EL-SHENAWY,DPL,09-09-25,,,55.06,Fill,V01-D,V 167,LAYER -1,2,,,APPROVED AS NOTED,DONE,3,EIDG,15,
903,Wednesday,24-09-25,31055,36,MOKHTAR EL-SHENAWY,DPL,10-09-25,,,47.576,Fill,V01-D,V 167,LAYER -2,2,,,APPROVED AS NOTED,DONE,3,EIDG,14,
904,Wednesday,24-09-25,31056,36,MOKHTAR EL-SHENAWY,DPL,11-09-25,,,59.557,Fill,V01-D,V 167,LAYER -3,2,,,APPROVED AS NOTED,DONE,3,EIDG,13,
905,Wednesday,24-09-25,31057,36,MOKHTAR EL-SHENAWY,DPL,13-09-25,,,45.891,Fill,V01-D,V 167,LAYER -4,2,,,APPROVED AS NOTED,DONE,3,EIDG,11,
906,Wednesday,24-09-25,31058,36,MOKHTAR EL-SHENAWY,DPL,13-09-25,,,44.348,Fill,V01-D,V 167,LAYER -5,2,,,APPROVED AS NOTED,DONE,3,EIDG,11,
907,Wednesday,24-09-25,31059,36,MOKHTAR EL-SHENAWY,DPL,14-09-25,,,42.608,Fill,V01-D,V 167,LAYER -6,2,,,APPROVED AS NOTED,DONE,3,EIDG,10,
908,Wednesday,24-09-25,31061,36,MOKHTAR EL-SHENAWY,DPL,15-09-25,,,53.517,Fill,V01-D,V 167,LAYER -8,2,,,APPROVED AS NOTED,DONE,3,EIDG,9,
909,Wednesday,24-09-25,3162,36,MOKHTAR EL-SHENAWY,DPL,16-09-25,,,42.762,Fill,V01-D,V 167,LAYER -9,2,,,APPROVED AS NOTED,DONE,3,EIDG,8,
910,Sunday,28-09-25,31063,36,MOKHTAR EL-SHENAWY,SOIL,07-09-25,A-4,73.10%,,Bottom of excavation,V01-D,V 167,,1,Sieve analysis,,APPROVED AS NOTED,DONE,2,EIDG,21,
911,Wednesday,24-09-25,30849,36,MOKHTAR EL-SHENAWY,DPL,28-07-25,,,41.364,Fill,V01-D,V 82,LAYER -1,2,,,APPROVED AS NOTED,DONE,3,EIDG,58,
912,Sunday,28-09-25,30850,36,MOKHTAR EL-SHENAWY,SOIL,26-07-25,A-4,60.20%,,Bottom of excavation,V01-D,V 82,,1,Sieve analysis,,APPROVED AS NOTED,DONE,2,EIDG,64,
913,Wednesday,24-09-25,30507,36,Ahmed Saeed El-Shenawy,DPL,26-07-25,,,52.521,Fill,V01-D,V 21,LAYER -5,2,,,APPROVED AS NOTED,DONE,3,EIDG,60,
914,Wednesday,24-09-25,30508,36,Ahmed Saeed El-Shenawy,DPL,09-08-25,,,55.213,Fill,V01-D,V 21,LAYER -4,2,,,APPROVED AS NOTED,DONE,3,EIDG,46,
915,Wednesday,24-09-25,30509,36,Ahmed Saeed El-Shenawy,DPL,07-08-25,,,49.302,Fill,V01-D,V 21,LAYER -3,2,,,APPROVED AS NOTED,DONE,3,EIDG,48,
916,Wednesday,24-09-25,30510,36,Ahmed Saeed El-Shenawy,DPL,06-08-25,,,47.483,Fill,V01-D,V 21,LAYER -2,2,,,APPROVED AS NOTED,DONE,3,EIDG,49,
917,Wednesday,24-09-25,30511,36,Ahmed Saeed El-Shenawy,DPL,05-08-25,,,53.449,Fill,V01-D,V 21,LAYER -1,2,,,APPROVED AS NOTED,DONE,3,EIDG,50,
918,Sunday,28-09-25,30512,36,Ahmed Saeed El-Shenawy,SOIL,04-08-25,A-4,56.40%,,Bottom of excavation,V01-D,V 21,,1,Sieve analysis,,APPROVED AS NOTED,DONE,2,EIDG,55,
919,Wednesday,24-09-25,30851,36,MOKHTAR EL-SHENAWY,DPL,23-07-25,,,54.692,Fill,V01-D,V 80,LAYER -9,2,,,APPROVED AS NOTED,DONE,3,EIDG,63,
920,Wednesday,24-09-25,30852,36,MOKHTAR EL-SHENAWY,DPL,22-07-25,,,43.071,Fill,V01-D,V 80,LAYER -8,2,,,APPROVED AS NOTED,DONE,3,EIDG,64,
921,Wednesday,24-09-25,30853,36,MOKHTAR EL-SHENAWY,DPL,21-07-25,,,43.868,Fill,V01-D,V 80,LAYER -7,2,,,APPROVED AS NOTED,DONE,3,EIDG,65,
922,Wednesday,24-09-25,30854,36,MOKHTAR EL-SHENAWY,DPL,20-07-25,,,56.029,Fill,V01-D,V 80,LAYER -6,2,,,APPROVED AS NOTED,DONE,3,EIDG,66,
923,Wednesday,24-09-25,30855,36,MOKHTAR EL-SHENAWY,DPL,19-07-25,,,43.832,Fill,V01-D,V 80,LAYER -5,2,,,APPROVED AS NOTED,DONE,3,EIDG,67,
924,Wednesday,24-09-25,30856,36,MOKHTAR EL-SHENAWY,DPL,18-07-25,,,53.693,Fill,V01-D,V 80,LAYER -4,2,,,APPROVED AS NOTED,DONE,3,EIDG,68,
925,Wednesday,24-09-25,30857,36,MOKHTAR EL-SHENAWY,DPL,18-07-25,,,41.802,Fill,V01-D,V 80,LAYER -3,2,,,APPROVED AS NOTED,DONE,3,EIDG,68,
926,Wednesday,24-09-25,30858,36,MOKHTAR EL-SHENAWY,DPL,17-07-25,,,52.58,Fill,V01-D,V 80,LAYER -2,2,,,APPROVED AS NOTED,DONE,3,EIDG,69,
927,Wednesday,24-09-25,30859,36,MOKHTAR EL-SHENAWY,DPL,17-07-25,,,42.854,Fill,V01-D,V 80,LAYER -1,2,,,APPROVED AS NOTED,DONE,3,EIDG,69,
928,Wednesday,24-09-25,30860,36,MOKHTAR EL-SHENAWY,DPL,28-07-25,,,55.635,Fill,V01-D,V 80,LAYER -11,2,,,APPROVED AS NOTED,DONE,3,EIDG,58,
929,Wednesday,24-09-25,30861,36,MOKHTAR EL-SHENAWY,DPL,24-07-25,,,41.928,Fill,V01-D,V 80,LAYER -10,2,,,APPROVED AS NOTED,DONE,3,EIDG,62,
930,Wednesday,24-09-25,30862,36,MOKHTAR EL-SHENAWY,DPL,16-07-25,,,50.345,Bottom of excavation,V01-D,V 80,LAYER -0,2,,,APPROVED AS NOTED,DONE,3,EIDG,70,
931,Sunday,28-09-25,30863,36,MOKHTAR EL-SHENAWY,SOIL,15-07-25,A-1-B,9.00%,,Bottom of excavation,V01-D,V 80,,1,Sieve + Proctoer ,,APPROVED AS NOTED,DONE,3,EIDG,75,
932,Friday,26-09-25,30513,36,Ahmed Saeed El-Shenawy,DPL,08-07-25,,,55.014,Bottom of excavation,V01-D,V 13,LAYER -0,2,,,APPROVED AS NOTED,DONE,3,EIDG,80,
933,Friday,26-09-25,30514,36,Ahmed Saeed El-Shenawy,DPL,14-07-25,,,51.531,Fill,V01-D,V 13,LAYER -1,2,,,APPROVED AS NOTED,DONE,3,EIDG,74,
934,Friday,26-09-25,30515,36,Ahmed Saeed El-Shenawy,DPL,17-07-25,,,43.573,Fill,V01-D,V 13,LAYER -2,2,,,APPROVED AS NOTED,DONE,3,EIDG,71,
935,Sunday,28-09-25,30516,36,Ahmed Saeed El-Shenawy,SOIL,07-07-25,A-2-4,26.60%,,Bottom of excavation,V01-D,V 13,,1,Sieve + Proctoer ,,APPROVED AS NOTED,DONE,3,EIDG,83,
936,Tuesday,07-10-25,31797,36,MOKHTAR EL-SHENAWY,DPL,25-09-25,,,51.97,Fill,V01-D,V 170,LAYER -8,2,,,APPROVED AS NOTED,DONE,3,EIDG,12,
937,Tuesday,07-10-25,31798,36,MOKHTAR EL-SHENAWY,DPL,29-09-25,,,42.182,Fill,V01-D,V 170,LAYER -9,2,,,APPROVED AS NOTED,DONE,3,EIDG,8,
938,Tuesday,07-10-25,31799,36,MOKHTAR EL-SHENAWY,DPL,25-09-25,,,45.078,Fill,V01-D,V 171,LAYER -9,2,,,APPROVED AS NOTED,DONE,3,EIDG,12,
939,Tuesday,07-10-25,31800,36,MOKHTAR EL-SHENAWY,DPL,29-09-25,,,58.286,Fill,V01-D,V 171,LAYER -10,2,,,APPROVED AS NOTED,DONE,3,EIDG,8,
940,Tuesday,07-10-25,31812,36,MOKHTAR EL-SHENAWY,SOIL,14-08-25,A-4,44.00%,,Bottom of excavation,V01-D,BHL-5,,1,Sieve analysis,,APPROVED AS NOTED,DONE,2,EIDG,54,
941,Tuesday,07-10-25,31813,36,MOKHTAR EL-SHENAWY,SOIL,09-08-25,A-2-4,22.70%,,Bottom of excavation,V01-D,BHL-7,,1,Sieve + Proctoer ,,APPROVED AS NOTED,DONE,3,EIDG,59,
942,Tuesday,07-10-25,31814,36,MOKHTAR EL-SHENAWY,SOIL,30-07-25,A-2-4,10.30%,,Bottom of excavation,V01-D,BHL-9,,1,Sieve + Proctoer ,,APPROVED AS NOTED,DONE,3,EIDG,69,
943,Tuesday,07-10-25,31815,36,MOKHTAR EL-SHENAWY,SOIL,30-07-25,A-1-B,11.80%,,Bottom of excavation,V01-D,BHL-10,,1,Sieve + Proctoer ,,APPROVED AS NOTED,DONE,3,EIDG,69,
944,Tuesday,07-10-25,31795,36,MOKHTAR EL-SHENAWY,DPL,27-09-25,,,56.87,Fill,V01-D,V 169,LAYER -8,2,,,APPROVED AS NOTED,DONE,3,EIDG,10,
945,Tuesday,07-10-25,31796,36,MOKHTAR EL-SHENAWY,DPL,30-09-25,,,50.287,Fill,V01-D,V 169,LAYER -9,2,,,APPROVED AS NOTED,DONE,3,EIDG,7,
946,Tuesday,07-10-25,31816,36,MOKHTAR EL-SHENAWY,SOIL,28-08-25,A-2-4,18.80%,,Bottom of excavation,V01-D,BHL-12,,1,Sieve + Proctoer ,,APPROVED AS NOTED,DONE,3,EIDG,40,
947,Tuesday,07-10-25,31817,36,MOKHTAR EL-SHENAWY,DPL,25-09-25,,,45.82,Fill,V01-D,BHL-15,LAYER -8,3,,,APPROVED AS NOTED,DONE,3,EIDG,12,
948,Tuesday,07-10-25,31818,36,MOKHTAR EL-SHENAWY,SOIL,14-09-25,A-4,51.20%,,Bottom of excavation,V01-D,BHL-15,,1,Sieve analysis,,APPROVED AS NOTED,DONE,2,EIDG,23,
949,Tuesday,07-10-25,31819,36,MOKHTAR EL-SHENAWY,SOIL,26-09-25,A-4,46.40%,,Bottom of excavation,V01-D,BHL-16,,1,Sieve analysis,,APPROVED AS NOTED,DONE,2,EIDG,11,
950,Tuesday,07-10-25,31820,36,MOKHTAR EL-SHENAWY,DPL,27-09-25,,,43.66,Fill,V01-D,BHL-16,LAYER -1,3,,,APPROVED AS NOTED,DONE,3,EIDG,10,
951,Tuesday,07-10-25,31821,36,MOKHTAR EL-SHENAWY,DPL,29-09-25,,,53.35,Fill,V01-D,BHL-16,LAYER -2,3,,,APPROVED AS NOTED,DONE,3,EIDG,8,
952,Tuesday,07-10-25,31822,36,MOKHTAR EL-SHENAWY,DPL,30-09-25,,,44.318,Fill,V01-D,BHL-16,LAYER -3,3,,,APPROVED AS NOTED,DONE,3,EIDG,7,
953,Tuesday,07-10-25,31823,36,MOKHTAR EL-SHENAWY,DPL,30-09-25,,,53.67,Fill,V01-D,BHL-16,LAYER -4,3,,,APPROVED AS NOTED,DONE,3,EIDG,7,
954,Tuesday,07-10-25,31824,36,MOKHTAR EL-SHENAWY,DPL,01-10-25,,,45.84,Fill,V01-D,BHL-16,LAYER -5,3,,,APPROVED AS NOTED,DONE,3,EIDG,6,
955,Tuesday,07-10-25,31825,36,MOKHTAR EL-SHENAWY,DPL,02-10-25,,,45.126,Fill,V01-D,BHL-16,LAYER -6,3,,,APPROVED AS NOTED,DONE,3,EIDG,5,
956,Tuesday,07-10-25,31826,36,MOKHTAR EL-SHENAWY,DPL,03-10-25,,,56.95,Fill,V01-D,BHL-16,LAYER -7,3,,,APPROVED AS NOTED,DONE,3,EIDG,4,
957,Tuesday,07-10-25,31827,36,MOKHTAR EL-SHENAWY,DPL,04-10-25,,,51.994,Fill,V01-D,BHL-16,LAYER -8,3,,,APPROVED AS NOTED,DONE,3,EIDG,3,
958,Tuesday,07-10-25,31828,36,MOKHTAR EL-SHENAWY,DPL,04-10-25,,,54.515,Fill,V01-D,BHL-16,LAYER -9,3,,,APPROVED AS NOTED,DONE,3,EIDG,3,
959,Tuesday,07-10-25,31829,36,MOKHTAR EL-SHENAWY,DPL,04-10-25,,,52.151,Fill,V01-D,BHL-16,LAYER -10,3,,,APPROVED AS NOTED,DONE,3,EIDG,3,
960,Tuesday,07-10-25,31743,36,Ahmed Saeed El-Shenawy,SOIL,08-09-25,A-4,62.40%,,Bottom of excavation,V01-D,BHL-23,,1,Sieve analysis,,APPROVED AS NOTED,DONE,2,EIDG,29,
961,Tuesday,07-10-25,31744,36,Ahmed Saeed El-Shenawy,DPL,30-09-25,,,50.004,Fill,V01-D,BHL-23,LAYER -7,3,,,APPROVED AS NOTED,DONE,3,EIDG,7,
962,Tuesday,07-10-25,31741,36,Ahmed Saeed El-Shenawy,SOIL,08-09-25,A-4,58.80%,,Bottom of excavation,V01-D,BHL-22,,1,Sieve analysis,,APPROVED AS NOTED,DONE,2,EIDG,29,
963,Tuesday,07-10-25,31742,36,Ahmed Saeed El-Shenawy,DPL,28-09-25,,,54.081,Fill,V01-D,BHL-22,LAYER -13,6,,,APPROVED AS NOTED,DONE,3,EIDG,9,
964,Tuesday,07-10-25,31765,36,MOKHTAR EL-SHENAWY,SOIL,13-09-25,A-2-4,15.30%,,Bottom of excavation,V01-D,ROAD 10 ( 0+940 : 01+020 ),,1,Sieve analysis,,APPROVED AS NOTED,DONE,2,EIDG,24,
965,Tuesday,07-10-25,31596,36,Ahmed Saeed El-Shenawy,DPL,30-09-25,,,54.01,Fill,V01-D,BH-25,LAYER -10,2,,,APPROVED AS NOTED,DONE,3,EIDG,7,
966,Tuesday,07-10-25,31599,36,Ahmed Saeed El-Shenawy,SOIL,14-09-25,A-4,49.60%,,Bottom of excavation,V01-D,BH-25,,1,Sieve analysis,,APPROVED AS NOTED,DONE,2,EIDG,23,
967,Tuesday,07-10-25,31748,36,Ahmed Saeed El-Shenawy,DPL,25-09-25,,,53.102,Fill,V01-D,V 101,LAYER -17,2,,,APPROVED AS NOTED,DONE,3,EIDG,12,
968,Tuesday,07-10-25,31749,36,Ahmed Saeed El-Shenawy,DPL,02-10-25,,,51.54,Fill,V01-D,V 104,LAYER -12,2,,,APPROVED AS NOTED,DONE,3,EIDG,5,
969,Tuesday,07-10-25,31759,36,Ahmed Saeed El-Shenawy,SOIL,02-08-25,A-2-4,11.70%,,Bottom of excavation,V01-D,BHL-1,,1,Sieve + Proctoer ,,APPROVED AS NOTED,DONE,3,EIDG,66,
970,Tuesday,07-10-25,31761,36,Ahmed Saeed El-Shenawy,SOIL,27-07-25,A-2-4,24.40%,,Bottom of excavation,V01-D,BHL-3,,1,Sieve + Proctoer ,,APPROVED AS NOTED,DONE,3,EIDG,72,
971,Tuesday,07-10-25,31762,36,Ahmed Saeed El-Shenawy,SOIL,27-07-25,A-4,51.20%,,Bottom of excavation,V01-D,BHL-4,,1,Sieve analysis,,APPROVED AS NOTED,DONE,2,EIDG,72,
972,Tuesday,07-10-25,31760,36,Ahmed Saeed El-Shenawy,SOIL,01-08-25,A-2-4,14.40%,,Bottom of excavation,V01-D,BHL-2,,1,Sieve + Proctoer ,,APPROVED AS NOTED,DONE,3,EIDG,67,
973,Tuesday,07-10-25,31763,36,Ahmed Saeed El-Shenawy,SOIL,30-08-25,A-4,52.00%,,Bottom of excavation,V01-D,BHL-11,,1,Sieve analysis,,APPROVED AS NOTED,DONE,2,EIDG,38,
974,Tuesday,07-10-25,31764,36,Ahmed Saeed El-Shenawy,DPL,28-09-25,,,50.022,Fill,V01-D,BHL-12,LAYER -14,3,,,APPROVED AS NOTED,DONE,3,EIDG,9,
975,Tuesday,07-10-25,31786,36,MOKHTAR EL-SHENAWY,DPL,29-09-25,,,49.503,Fill,V01-D,BHL-19,LAYER -19,2,,,APPROVED AS NOTED,DONE,3,EIDG,8,
976,Tuesday,07-10-25,31785,36,MOKHTAR EL-SHENAWY,DPL,25-09-25,,,58.723,Fill,V01-D,V 165,LAYER -18,2,,,APPROVED AS NOTED,DONE,3,EIDG,12,
977,Tuesday,07-10-25,31783,36,MOKHTAR EL-SHENAWY,DPL,25-09-25,,,55.81,Fill,V01-D,V 164,LAYER -15,2,,,APPROVED AS NOTED,DONE,3,EIDG,12,
978,Tuesday,07-10-25,31784,36,MOKHTAR EL-SHENAWY,DPL,29-09-25,,,49.19,Fill,V01-D,V 164,LAYER -16,2,,,APPROVED AS NOTED,DONE,3,EIDG,8,
979,Tuesday,07-10-25,31782,36,MOKHTAR EL-SHENAWY,DPL,29-09-25,,,55.715,Fill,V01-D,V 163,LAYER -14,2,,,APPROVED AS NOTED,DONE,3,EIDG,8,
980,Tuesday,07-10-25,31781,36,MOKHTAR EL-SHENAWY,DPL,29-09-25,,,55.67,Fill,V01-D,V ( 130 -131 ),LAYER -4,2,,,APPROVED AS NOTED,DONE,3,EIDG,8,
981,Tuesday,07-10-25,31780,36,MOKHTAR EL-SHENAWY,DPL,29-09-25,,,41.186,Fill,V01-D,V ( 128 -129 ),LAYER -1,2,,,APPROVED AS NOTED,DONE,3,EIDG,8,
982,Tuesday,07-10-25,31750,36,Ahmed Saeed El-Shenawy,DPL,02-10-25,,,55.75,Fill,V01-D,V 105,LAYER -12,2,,,APPROVED AS NOTED,DONE,3,EIDG,5,
983,Tuesday,07-10-25,31756,36,Ahmed Saeed El-Shenawy,DPL,25-09-25,,,50.74,Fill,V01-D,V 121,LAYER -9,2,,,APPROVED AS NOTED,DONE,3,EIDG,12,
984,Tuesday,07-10-25,31757,36,Ahmed Saeed El-Shenawy,DPL,03-10-25,,,49.46,Fill,V01-D,V 121,LAYER -11,2,,,APPROVED AS NOTED,DONE,3,EIDG,4,
985,Tuesday,07-10-25,31758,36,Ahmed Saeed El-Shenawy,DPL,27-09-25,,,56.16,Fill,V01-D,V 121,LAYER -10,2,,,APPROVED AS NOTED,DONE,3,EIDG,10,
986,Tuesday,07-10-25,31755,36,Ahmed Saeed El-Shenawy,DPL,03-10-25,,,47.42,Fill,V01-D,V 110,LAYER -12,2,,,APPROVED AS NOTED,DONE,3,EIDG,4,
987,Tuesday,07-10-25,31754,36,Ahmed Saeed El-Shenawy,DPL,02-10-25,,,45.45,Fill,V01-D,V 109,LAYER -16,2,,,APPROVED AS NOTED,DONE,3,EIDG,5,
988,Tuesday,07-10-25,31753,36,Ahmed Saeed El-Shenawy,DPL,02-10-25,,,44.74,Fill,V01-D,V 108,LAYER -16,2,,,APPROVED AS NOTED,DONE,3,EIDG,5,
989,Tuesday,07-10-25,31752,36,Ahmed Saeed El-Shenawy,DPL,02-10-25,,,58.028,Fill,V01-D,V 107,LAYER -12,2,,,APPROVED AS NOTED,DONE,3,EIDG,5,
990,Tuesday,07-10-25,31751,36,Ahmed Saeed El-Shenawy,DPL,02-10-25,,,52.7,Fill,V01-D,V 106,LAYER -12,2,,,APPROVED AS NOTED,DONE,3,EIDG,5,
991,Thursday,02-10-25,31483,36,MOKHTAR EL-SHENAWY,DPL,12-09-25,,,46.54,Fill,V01-D,BH-25,LAYER -20,2,,,APPROVED AS NOTED,DONE,3,EIDG,20,
992,Thursday,02-10-25,31482,36,MOKHTAR EL-SHENAWY,DPL,14-09-25,,,44.911,Fill,V01-D,BH-25,LAYER -21,2,,,APPROVED AS NOTED,DONE,3,EIDG,18,
993,Thursday,02-10-25,31481,36,MOKHTAR EL-SHENAWY,DPL,10-09-25,,,52.821,Fill,V01-D,BH-25,LAYER -18,2,,,APPROVED AS NOTED,DONE,3,EIDG,22,
994,Thursday,02-10-25,31480,36,MOKHTAR EL-SHENAWY,DPL,11-09-25,,,43.96,Fill,V01-D,BH-25,LAYER -19,2,,,APPROVED AS NOTED,DONE,3,EIDG,21,
995,Thursday,02-10-25,31476,36,MOKHTAR EL-SHENAWY,DPL,08-09-25,,,50.749,Fill,V01-D,BH-25,LAYER -16,2,,,APPROVED AS NOTED,DONE,3,EIDG,24,
996,Thursday,02-10-25,31475,36,MOKHTAR EL-SHENAWY,DPL,09-09-25,,,42.74,Fill,V01-D,BH-25,LAYER -17,2,,,APPROVED AS NOTED,DONE,3,EIDG,23,
997,Thursday,02-10-25,31478,36,MOKHTAR EL-SHENAWY,DPL,06-09-25,,,51.501,Fill,V01-D,BH-25,LAYER -14,2,,,APPROVED AS NOTED,DONE,3,EIDG,26,
998,Thursday,02-10-25,31477,36,MOKHTAR EL-SHENAWY,DPL,07-09-25,,,42.788,Fill,V01-D,BH-25,LAYER -15,2,,,APPROVED AS NOTED,DONE,3,EIDG,25,
999,Thursday,02-10-25,31472,36,MOKHTAR EL-SHENAWY,DPL,03-09-25,,,43.27,Fill,V01-D,BH-25,LAYER -12,2,,,APPROVED AS NOTED,DONE,3,EIDG,29,
1000,Thursday,02-10-25,31471,36,MOKHTAR EL-SHENAWY,DPL,04-09-25,,,53.317,Fill,V01-D,BH-25,LAYER -13,2,,,APPROVED AS NOTED,DONE,3,EIDG,28,
1001,Thursday,02-10-25,31473,36,MOKHTAR EL-SHENAWY,DPL,02-09-25,,,59.15,Fill,V01-D,BH-25,LAYER -11,2,,,APPROVED AS NOTED,DONE,3,EIDG,30,
1002,Thursday,02-10-25,31474,36,MOKHTAR EL-SHENAWY,DPL,01-09-25,,,57.009,Fill,V01-D,BH-25,LAYER -10,2,,,APPROVED AS NOTED,DONE,3,EIDG,31,
1003,Thursday,02-10-25,31492,36,MOKHTAR EL-SHENAWY,DPL,31-08-25,,,44.355,Fill,V01-D,BH-25,LAYER -9,2,,,APPROVED AS NOTED,DONE,3,EIDG,32,
1004,Thursday,02-10-25,31491,36,MOKHTAR EL-SHENAWY,DPL,30-08-25,,,51.73,Fill,V01-D,BH-25,LAYER -8,2,,,APPROVED AS NOTED,DONE,3,EIDG,33,
1005,Thursday,02-10-25,31490,36,MOKHTAR EL-SHENAWY,DPL,30-08-25,,,51.92,Fill,V01-D,BH-25,LAYER -7,2,,,APPROVED AS NOTED,DONE,3,EIDG,33,
1006,Thursday,02-10-25,31489,36,MOKHTAR EL-SHENAWY,DPL,28-08-25,,,45.47,Fill,V01-D,BH-25,LAYER -6,2,,,APPROVED AS NOTED,DONE,3,EIDG,35,
1007,Thursday,02-10-25,31488,36,MOKHTAR EL-SHENAWY,DPL,28-08-25,,,46.98,Fill,V01-D,BH-25,LAYER -5,2,,,APPROVED AS NOTED,DONE,3,EIDG,35,
1008,Thursday,02-10-25,31487,36,MOKHTAR EL-SHENAWY,DPL,27-08-25,,,49.36,Fill,V01-D,BH-25,LAYER -4,2,,,APPROVED AS NOTED,DONE,3,EIDG,36,
1009,Thursday,02-10-25,31484,36,MOKHTAR EL-SHENAWY,DPL,27-08-25,,,54.75,Fill,V01-D,BH-25,LAYER -3,2,,,APPROVED AS NOTED,DONE,3,EIDG,36,
1010,Thursday,02-10-25,31485,36,MOKHTAR EL-SHENAWY,DPL,26-08-25,,,60.124,Fill,V01-D,BH-25,LAYER -2,2,,,APPROVED AS NOTED,DONE,3,EIDG,37,
1011,Thursday,02-10-25,31479,36,MOKHTAR EL-SHENAWY,DPL,26-08-25,,,43.64,Fill,V01-D,BH-25,LAYER -1,2,,,APPROVED AS NOTED,DONE,3,EIDG,37,
1012,Saturday,06-09-25,31593,36,EL-HADDAD,SOIL,17-07-25,A-2-4,15.20%,,Bottom of excavation,V01-D,BHL-16,,1,Sieve + Proctoer ,,APPROVED AS NOTED,DONE,3,EIDG,51,
1013,Saturday,06-09-25,31594,36,EL-DAWLIA,SOIL,20-07-25,A-2-4,27.20%,,Bottom of excavation,V01-D,BHL-14,,1,Sieve + Proctoer ,,APPROVED AS NOTED,DONE,3,EIDG,48,
1014,Tuesday,07-10-25,31792,36,MOKHTAR EL-SHENAWY,DPL,25-09-25,,,51.57,Fill,V01-D,V 168,LAYER -6,2,,,APPROVED AS NOTED,DONE,3,EIDG,12,
1015,Tuesday,07-10-25,31793,36,MOKHTAR EL-SHENAWY,DPL,27-09-25,,,45.319,Fill,V01-D,V 168,LAYER -7,2,,,APPROVED AS NOTED,DONE,3,EIDG,10,
1016,Tuesday,07-10-25,31794,36,MOKHTAR EL-SHENAWY,DPL,29-09-25,,,53.085,Fill,V01-D,V 168,LAYER -8,2,,,APPROVED AS NOTED,DONE,3,EIDG,8,
1017,Tuesday,07-10-25,31789,36,MOKHTAR EL-SHENAWY,DPL,25-09-25,,,50.925,Fill,V01-D,V 167,LAYER -16,2,,,APPROVED AS NOTED,DONE,3,EIDG,12,
1018,Tuesday,07-10-25,31790,36,MOKHTAR EL-SHENAWY,DPL,25-09-25,,,43.92,Fill,V01-D,V 167,LAYER -16,2,,,APPROVED AS NOTED,DONE,3,EIDG,12,
1019,Tuesday,07-10-25,31791,36,MOKHTAR EL-SHENAWY,DPL,29-09-25,,,53.669,Fill,V01-D,V 167,LAYER -18,2,,,APPROVED AS NOTED,DONE,3,EIDG,8,
1020,Tuesday,07-10-25,31787,36,MOKHTAR EL-SHENAWY,DPL,27-09-25,,,44.45,Fill,V01-D,V 166,LAYER -11,2,,,APPROVED AS NOTED,DONE,3,EIDG,10,
1021,Tuesday,07-10-25,31788,36,MOKHTAR EL-SHENAWY,DPL,29-09-25,,,46.97,Fill,V01-D,V 166,LAYER -12,2,,,APPROVED AS NOTED,DONE,3,EIDG,8,
1022,Saturday,04-10-25,31544,36,Ahmed Saeed El-Shenawy,DPL,24-09-25,,,46.012,Fill,V01-D,BH-18,LAYER -6,3,,,APPROVED AS NOTED,DONE,3,EIDG,10,
1023,Saturday,04-10-25,31545,36,Ahmed Saeed El-Shenawy,DPL,23-09-25,,,49.67,Fill,V01-D,BH-18,LAYER -5,3,,,APPROVED AS NOTED,DONE,3,EIDG,11,
1024,Saturday,04-10-25,31546,36,Ahmed Saeed El-Shenawy,DPL,23-09-25,,,47.98,Fill,V01-D,BH-18,LAYER -4,3,,,APPROVED AS NOTED,DONE,3,EIDG,11,
1025,Saturday,04-10-25,31547,36,Ahmed Saeed El-Shenawy,DPL,22-09-25,,,50.604,Fill,V01-D,BH-18,LAYER -3,3,,,APPROVED AS NOTED,DONE,3,EIDG,12,
1026,Saturday,04-10-25,31548,36,Ahmed Saeed El-Shenawy,DPL,21-09-25,,,54.62,Fill,V01-D,BH-18,LAYER -2,3,,,APPROVED AS NOTED,DONE,3,EIDG,13,
1027,Saturday,04-10-25,31549,36,Ahmed Saeed El-Shenawy,DPL,20-09-25,,,50.139,Fill,V01-D,BH-18,LAYER -1,3,,,APPROVED AS NOTED,DONE,3,EIDG,14,
1028,Thursday,02-10-25,31493,36,Ahmed Saeed El-Shenawy,DPL,13-09-25,,,52.877,Fill,V01-D,BH-23,LAYER -1,3,,,APPROVED AS NOTED,DONE,3,EIDG,19,
1029,Thursday,02-10-25,31494,36,Ahmed Saeed El-Shenawy,DPL,14-09-25,,,46.22,Fill,V01-D,BH-23,LAYER -2,3,,,APPROVED AS NOTED,DONE,3,EIDG,18,
1030,Thursday,02-10-25,31495,36,Ahmed Saeed El-Shenawy,DPL,18-09-25,,,46.37,Fill,V01-D,BH-23,LAYER -3,3,,,APPROVED AS NOTED,DONE,3,EIDG,14,
1031,Thursday,02-10-25,31496,36,Ahmed Saeed El-Shenawy,DPL,22-09-25,,,51.81,Fill,V01-D,BH-23,LAYER -4,3,,,APPROVED AS NOTED,DONE,3,EIDG,10,
1032,Thursday,02-10-25,31497,36,Ahmed Saeed El-Shenawy,DPL,23-09-25,,,47.397,Fill,V01-D,BH-23,LAYER -5,3,,,APPROVED AS NOTED,DONE,3,EIDG,9,
1033,Thursday,02-10-25,31498,36,Ahmed Saeed El-Shenawy,DPL,24-09-25,,,45.49,Fill,V01-D,BH-23,LAYER -6,3,,,APPROVED AS NOTED,DONE,3,EIDG,8,
1034,Saturday,04-10-25,31560,36,Ahmed Saeed El-Shenawy,DPL,23-09-25,,,49.93,Fill,V01-D,BH-20,LAYER -15,2,,,APPROVED AS NOTED,DONE,3,EIDG,11,
1035,Saturday,04-10-25,31561,36,Ahmed Saeed El-Shenawy,DPL,22-09-25,,,41.53,Fill,V01-D,BH-20,LAYER -14,2,,,APPROVED AS NOTED,DONE,3,EIDG,12,
1036,Saturday,04-10-25,31562,36,Ahmed Saeed El-Shenawy,DPL,20-09-25,,,45.122,Fill,V01-D,BH-20,LAYER -13,2,,,APPROVED AS NOTED,DONE,3,EIDG,14,
1037,Saturday,04-10-25,31564,36,Ahmed Saeed El-Shenawy,DPL,17-09-25,,,41.259,Fill,V01-D,BH-20,LAYER -11,2,,,APPROVED AS NOTED,DONE,3,EIDG,17,
1038,Saturday,04-10-25,31563,36,Ahmed Saeed El-Shenawy,DPL,18-09-25,,,55.158,Fill,V01-D,BH-20,LAYER -12,2,,,APPROVED AS NOTED,DONE,3,EIDG,16,
1039,Saturday,04-10-25,31565,36,Ahmed Saeed El-Shenawy,DPL,15-09-25,,,53.57,Fill,V01-D,BH-20,LAYER -10,2,,,APPROVED AS NOTED,DONE,3,EIDG,19,
1040,Saturday,04-10-25,31551,36,Ahmed Saeed El-Shenawy,DPL,14-09-25,,,50.056,Fill,V01-D,BH-20,LAYER -9,2,,,APPROVED AS NOTED,DONE,3,EIDG,20,
1041,Saturday,04-10-25,31552,36,Ahmed Saeed El-Shenawy,DPL,11-09-25,,,58.231,Fill,V01-D,BH-20,LAYER -8,2,,,APPROVED AS NOTED,DONE,3,EIDG,23,
1042,Saturday,04-10-25,31553,36,Ahmed Saeed El-Shenawy,DPL,08-09-25,,,50.248,Fill,V01-D,BH-20,LAYER -7,2,,,APPROVED AS NOTED,DONE,3,EIDG,26,
1043,Saturday,04-10-25,31554,36,Ahmed Saeed El-Shenawy,DPL,06-09-25,,,51.48,Fill,V01-D,BH-20,LAYER -6,2,,,APPROVED AS NOTED,DONE,3,EIDG,28,
1044,Saturday,04-10-25,31555,36,Ahmed Saeed El-Shenawy,DPL,04-09-25,,,53.75,Fill,V01-D,BH-20,LAYER -5,2,,,APPROVED AS NOTED,DONE,3,EIDG,30,
1045,Saturday,04-10-25,31556,36,Ahmed Saeed El-Shenawy,DPL,03-09-25,,,56.45,Fill,V01-D,BH-20,LAYER -4,2,,,APPROVED AS NOTED,DONE,3,EIDG,31,
1046,Saturday,04-10-25,31557,36,Ahmed Saeed El-Shenawy,DPL,02-09-25,,,55.51,Fill,V01-D,BH-20,LAYER -3,2,,,APPROVED AS NOTED,DONE,3,EIDG,32,
1047,Saturday,04-10-25,31558,36,Ahmed Saeed El-Shenawy,DPL,02-09-25,,,49.132,Fill,V01-D,BH-20,LAYER -2,2,,,APPROVED AS NOTED,DONE,3,EIDG,32,
1048,Saturday,04-10-25,31559,36,Ahmed Saeed El-Shenawy,DPL,01-09-25,,,45.887,Fill,V01-D,BH-20,LAYER -1,2,,,APPROVED AS NOTED,DONE,3,EIDG,33,
1049,Saturday,04-10-25,31522,36,Ahmed Saeed El-Shenawy,DPL,14-09-25,,,55.76,Fill,V01-D,BH-21,LAYER -10,2,,,APPROVED AS NOTED,DONE,3,EIDG,20,
1050,Saturday,04-10-25,31523,36,Ahmed Saeed El-Shenawy,DPL,15-09-25,,,45.933,Fill,V01-D,BH-21,LAYER -11,2,,,APPROVED AS NOTED,DONE,3,EIDG,19,
1051,Saturday,04-10-25,31524,36,Ahmed Saeed El-Shenawy,DPL,16-09-25,,,41.75,Fill,V01-D,BH-21,LAYER -12,2,,,APPROVED AS NOTED,DONE,3,EIDG,18,
1052,Saturday,04-10-25,31525,36,Ahmed Saeed El-Shenawy,DPL,17-09-25,,,44.48,Fill,V01-D,BH-21,LAYER -13,2,,,APPROVED AS NOTED,DONE,3,EIDG,17,
1053,Saturday,04-10-25,31526,36,Ahmed Saeed El-Shenawy,DPL,18-09-25,,,50.074,Fill,V01-D,BH-21,LAYER -14,2,,,APPROVED AS NOTED,DONE,3,EIDG,16,
1054,Saturday,04-10-25,31527,36,Ahmed Saeed El-Shenawy,DPL,20-09-25,,,56.329,Fill,V01-D,BH-21,LAYER -15,2,,,APPROVED AS NOTED,DONE,3,EIDG,14,
1055,Saturday,04-10-25,31528,36,Ahmed Saeed El-Shenawy,DPL,22-09-25,,,44.817,Fill,V01-D,BH-21,LAYER -16,2,,,APPROVED AS NOTED,DONE,3,EIDG,12,
1056,Saturday,04-10-25,31529,36,Ahmed Saeed El-Shenawy,DPL,23-09-25,,,44.206,Fill,V01-D,BH-21,LAYER -17,2,,,APPROVED AS NOTED,DONE,3,EIDG,11,
1057,Saturday,04-10-25,31530,36,Ahmed Saeed El-Shenawy,DPL,09-09-25,,,56.178,Fill,V01-D,BH-21,LAYER -1,2,,,APPROVED AS NOTED,DONE,3,EIDG,25,
1058,Saturday,04-10-25,31531,36,Ahmed Saeed El-Shenawy,DPL,09-09-25,,,48.379,Fill,V01-D,BH-21,LAYER -2,2,,,APPROVED AS NOTED,DONE,3,EIDG,25,
1059,Saturday,04-10-25,31532,36,Ahmed Saeed El-Shenawy,DPL,10-09-25,,,54.862,Fill,V01-D,BH-21,LAYER -3,2,,,APPROVED AS NOTED,DONE,3,EIDG,24,
1060,Saturday,04-10-25,31533,36,Ahmed Saeed El-Shenawy,DPL,10-09-25,,,48.89,Fill,V01-D,BH-21,LAYER -4,2,,,APPROVED AS NOTED,DONE,3,EIDG,24,
1061,Saturday,04-10-25,31534,36,Ahmed Saeed El-Shenawy,DPL,11-09-25,,,59.43,Fill,V01-D,BH-21,LAYER -5,2,,,APPROVED AS NOTED,DONE,3,EIDG,23,
1062,Saturday,04-10-25,31535,36,Ahmed Saeed El-Shenawy,DPL,12-09-25,,,44.226,Fill,V01-D,BH-21,LAYER -6,2,,,APPROVED AS NOTED,DONE,3,EIDG,22,
1063,Saturday,04-10-25,31536,36,Ahmed Saeed El-Shenawy,DPL,13-09-25,,,44.224,Fill,V01-D,BH-21,LAYER -7,2,,,APPROVED AS NOTED,DONE,3,EIDG,21,
1064,Saturday,04-10-25,31537,36,Ahmed Saeed El-Shenawy,DPL,13-09-25,,,54.61,Fill,V01-D,BH-21,LAYER -8,2,,,APPROVED AS NOTED,DONE,3,EIDG,21,
1065,Saturday,04-10-25,31538,36,Ahmed Saeed El-Shenawy,DPL,14-09-25,,,59.53,Fill,V01-D,BH-21,LAYER -9,2,,,APPROVED AS NOTED,DONE,3,EIDG,20,
1066,Thursday,02-10-25,31462,36,Ahmed Saeed El-Shenawy,DPL,18-09-25,,,49.419,Fill,V01-D,BH-25,LAYER -1,2,,,APPROVED AS NOTED,DONE,3,EIDG,14,
1067,Thursday,02-10-25,31487,36,MOKHTAR EL-SHENAWY,DPL,14-09-25,,,53.54,Fill,V01-D,BH-25,LAYER -22,2,,,APPROVED AS NOTED,DONE,3,EIDG,18,
1068,Thursday,02-10-25,31486,36,MOKHTAR EL-SHENAWY,DPL,15-09-25,,,54.99,Fill,V01-D,BH-25,LAYER -23,2,,,APPROVED AS NOTED,DONE,3,EIDG,17,
1069,Thursday,02-10-25,31463,36,Ahmed Saeed El-Shenawy,DPL,19-09-25,,,59.64,Fill,V01-D,BH-25,LAYER -2,2,,,APPROVED AS NOTED,DONE,3,EIDG,13,
1070,Thursday,02-10-25,31470,36,Ahmed Saeed El-Shenawy,DPL,20-09-25,,,60.97,Fill,V01-D,BH-25,LAYER -3,2,,,APPROVED AS NOTED,DONE,3,EIDG,12,
1071,Thursday,02-10-25,31468,36,Ahmed Saeed El-Shenawy,DPL,21-09-25,,,57.075,Fill,V01-D,BH-25,LAYER -5,2,,,APPROVED AS NOTED,DONE,3,EIDG,11,
1072,Thursday,02-10-25,31467,36,Ahmed Saeed El-Shenawy,DPL,22-09-25,,,55.616,Fill,V01-D,BH-25,LAYER -6,2,,,APPROVED AS NOTED,DONE,3,EIDG,10,
1073,Thursday,02-10-25,31466,36,Ahmed Saeed El-Shenawy,DPL,22-09-25,,,42.84,Fill,V01-D,BH-25,LAYER -7,2,,,APPROVED AS NOTED,DONE,3,EIDG,10,
1074,Thursday,02-10-25,31469,36,Ahmed Saeed El-Shenawy,DPL,20-09-25,,,44.42,Fill,V01-D,BH-25,LAYER -4,2,,,APPROVED AS NOTED,DONE,3,EIDG,12,
1075,Thursday,02-10-25,31465,36,Ahmed Saeed El-Shenawy,DPL,23-09-25,,,53.253,Fill,V01-D,BH-25,LAYER -8,2,,,APPROVED AS NOTED,DONE,3,EIDG,9,
1076,Thursday,02-10-25,31464,36,Ahmed Saeed El-Shenawy,DPL,24-09-25,,,42.077,Fill,V01-D,BH-25,LAYER -9,2,,,APPROVED AS NOTED,DONE,3,EIDG,8,
1077,Thursday,02-10-25,31444,36,MOKHTAR EL-SHENAWY,DPL,06-09-25,,,50.115,Fill,V01-D,BH-26,LAYER -10,2,,,APPROVED AS NOTED,DONE,2,EIDG,26,
1078,Thursday,02-10-25,31445,36,MOKHTAR EL-SHENAWY,DPL,07-09-25,,,47.84,Fill,V01-D,BH-26,LAYER -11,2,,,APPROVED AS NOTED,DONE,2,EIDG,25,
1079,Thursday,02-10-25,31446,36,MOKHTAR EL-SHENAWY,DPL,08-09-25,,,46.46,Fill,V01-D,BH-26,LAYER -12,2,,,APPROVED AS NOTED,DONE,2,EIDG,24,
1080,Thursday,02-10-25,31447,36,MOKHTAR EL-SHENAWY,DPL,09-09-25,,,44.181,Fill,V01-D,BH-26,LAYER -13,2,,,APPROVED AS NOTED,DONE,2,EIDG,23,
1081,Thursday,02-10-25,31448,36,MOKHTAR EL-SHENAWY,DPL,11-09-25,,,56.63,Fill,V01-D,BH-26,LAYER -14,2,,,APPROVED AS NOTED,DONE,2,EIDG,21,
1082,Thursday,02-10-25,31449,36,MOKHTAR EL-SHENAWY,DPL,11-09-25,,,53.78,Fill,V01-D,BH-26,LAYER -15,2,,,APPROVED AS NOTED,DONE,2,EIDG,21,
1083,Thursday,02-10-25,31450,36,MOKHTAR EL-SHENAWY,DPL,12-09-25,,,51.085,Fill,V01-D,BH-26,LAYER -16,2,,,APPROVED AS NOTED,DONE,2,EIDG,20,
1084,Thursday,02-10-25,31451,36,MOKHTAR EL-SHENAWY,DPL,13-09-25,,,47.08,Fill,V01-D,BH-26,LAYER -17,2,,,APPROVED AS NOTED,DONE,2,EIDG,19,
1085,Thursday,02-10-25,31453,36,MOKHTAR EL-SHENAWY,DPL,23-08-25,,,49.75,Bottom of excavation,V01-D,BH-26,,2,,,APPROVED AS NOTED,DONE,2,EIDG,40,
1086,Thursday,02-10-25,31452,36,MOKHTAR EL-SHENAWY,DPL,15-09-25,,,51.55,Fill,V01-D,BH-26,LAYER -18,2,,,APPROVED AS NOTED,DONE,2,EIDG,17,
1087,Thursday,02-10-25,31453,36,MOKHTAR EL-SHENAWY,DPL,24-08-25,,,46.62,Fill,V01-D,BH-26,LAYER -1,2,,,APPROVED AS NOTED,DONE,2,EIDG,39,
1088,Thursday,02-10-25,31454,36,MOKHTAR EL-SHENAWY,DPL,25-08-25,,,51.26,Fill,V01-D,BH-26,LAYER -2,2,,,APPROVED AS NOTED,DONE,2,EIDG,38,
1089,Thursday,02-10-25,31455,36,MOKHTAR EL-SHENAWY,DPL,26-08-25,,,53.39,Fill,V01-D,BH-26,LAYER -3,2,,,APPROVED AS NOTED,DONE,2,EIDG,37,
1090,Thursday,02-10-25,31456,36,MOKHTAR EL-SHENAWY,DPL,27-08-25,,,52.83,Fill,V01-D,BH-26,LAYER -4,2,,,APPROVED AS NOTED,DONE,2,EIDG,36,
1091,Thursday,02-10-25,31457,36,MOKHTAR EL-SHENAWY,DPL,28-08-25,,,50.96,Fill,V01-D,BH-26,LAYER -5,2,,,APPROVED AS NOTED,DONE,2,EIDG,35,
1092,Thursday,02-10-25,31458,36,MOKHTAR EL-SHENAWY,DPL,29-08-25,,,51.9,Fill,V01-D,BH-26,LAYER -6,2,,,APPROVED AS NOTED,DONE,2,EIDG,34,
1093,Thursday,02-10-25,31459,36,MOKHTAR EL-SHENAWY,DPL,30-08-25,,,54.035,Fill,V01-D,BH-26,LAYER -7,2,,,APPROVED AS NOTED,DONE,2,EIDG,33,
1094,Thursday,02-10-25,31460,36,MOKHTAR EL-SHENAWY,DPL,04-09-25,,,51.38,Fill,V01-D,BH-26,LAYER -8,2,,,APPROVED AS NOTED,DONE,2,EIDG,28,
1095,Thursday,02-10-25,31461,36,MOKHTAR EL-SHENAWY,DPL,05-09-25,,,46.95,Fill,V01-D,BH-26,LAYER -9,2,,,APPROVED AS NOTED,DONE,2,EIDG,27,
1096,Thursday,02-10-25,31499,36,Ahmed Saeed El-Shenawy,DPL,23-09-25,,,47.406,Fill,V01-D,BH-24,LAYER -3,2,,,APPROVED AS NOTED,DONE,3,EIDG,9,
1097,Thursday,02-10-25,31500,36,Ahmed Saeed El-Shenawy,DPL,22-09-25,,,50.186,Fill,V01-D,BH-24,LAYER -2,2,,,APPROVED AS NOTED,DONE,3,EIDG,10,
1098,Thursday,02-10-25,31501,36,Ahmed Saeed El-Shenawy,DPL,20-09-25,,,47.198,Fill,V01-D,BH-24,LAYER -1,2,,,APPROVED AS NOTED,DONE,3,EIDG,12,
1099,Thursday,02-10-25,31504,36,MOKHTAR EL-SHENAWY,DPL,14-09-25,,,46.705,Fill,V01-D,BH-24,LAYER -4,2,,,APPROVED AS NOTED,DONE,3,EIDG,18,
1100,Thursday,02-10-25,31503,36,MOKHTAR EL-SHENAWY,DPL,15-09-25,,,49.262,Fill,V01-D,BH-24,LAYER -5,2,,,APPROVED AS NOTED,DONE,3,EIDG,17,
1101,Thursday,02-10-25,31505,36,MOKHTAR EL-SHENAWY,DPL,13-09-25,,,54.117,Fill,V01-D,BH-24,LAYER -3,2,,,APPROVED AS NOTED,DONE,3,EIDG,19,
1102,Thursday,02-10-25,31506,36,MOKHTAR EL-SHENAWY,DPL,12-09-25,,,43.292,Fill,V01-D,BH-24,LAYER -2,2,,,APPROVED AS NOTED,DONE,3,EIDG,20,
1103,Thursday,02-10-25,13507,36,MOKHTAR EL-SHENAWY,DPL,11-09-25,,,55.2,Fill,V01-D,BH-24,LAYER -1,2,,,APPROVED AS NOTED,DONE,3,EIDG,21,
1104,Saturday,04-10-25,31539,36,Ahmed Saeed El-Shenawy,DPL,08-09-25,,,48.902,Fill,V01-D,BH-19,LAYER -1,10,,,APPROVED AS NOTED,DONE,3,EIDG,26,
1105,Saturday,04-10-25,31540,36,Ahmed Saeed El-Shenawy,DPL,11-09-25,,,47.67,Fill,V01-D,BH-19,LAYER -2,10,,,APPROVED AS NOTED,DONE,3,EIDG,23,
1106,Saturday,04-10-25,31541,36,Ahmed Saeed El-Shenawy,DPL,14-09-25,,,46.95,Fill,V01-D,BH-19,LAYER -3,10,,,APPROVED AS NOTED,DONE,3,EIDG,20,
1107,Saturday,04-10-25,31542,36,Ahmed Saeed El-Shenawy,DPL,19-09-25,,,46.78,Fill,V01-D,BH-19,LAYER -4,10,,,APPROVED AS NOTED,DONE,3,EIDG,15,
1108,Saturday,04-10-25,31543,36,Ahmed Saeed El-Shenawy,DPL,24-09-25,,,47.166,Fill,V01-D,BH-19,LAYER -5,10,,,APPROVED AS NOTED,DONE,3,EIDG,10,
1109,Saturday,04-10-25,31518,36,Ahmed Saeed El-Shenawy,DPL,22-09-25,,,52.445,Fill,V01-D,BH-22,LAYER -12,6,,,APPROVED AS NOTED,DONE,3,EIDG,12,
1110,Saturday,04-10-25,31519,36,Ahmed Saeed El-Shenawy,DPL,21-09-25,,,47.99,Fill,V01-D,BH-22,LAYER -11,6,,,APPROVED AS NOTED,DONE,3,EIDG,13,
1111,Saturday,04-10-25,31520,36,Ahmed Saeed El-Shenawy,DPL,20-09-25,,,46.98,Fill,V01-D,BH-22,LAYER -10,6,,,APPROVED AS NOTED,DONE,3,EIDG,14,
1112,Saturday,04-10-25,31509,36,Ahmed Saeed El-Shenawy,DPL,18-09-25,,,47.25,Fill,V01-D,BH-22,LAYER -9,6,,,APPROVED AS NOTED,DONE,3,EIDG,16,
1113,Saturday,04-10-25,31510,36,Ahmed Saeed El-Shenawy,DPL,17-09-25,,,47.735,Fill,V01-D,BH-22,LAYER -8,6,,,APPROVED AS NOTED,DONE,3,EIDG,17,
1114,Saturday,04-10-25,31511,36,Ahmed Saeed El-Shenawy,DPL,16-09-25,,,46.24,Fill,V01-D,BH-22,LAYER -7,6,,,APPROVED AS NOTED,DONE,3,EIDG,18,
1115,Saturday,04-10-25,31512,36,Ahmed Saeed El-Shenawy,DPL,15-09-25,,,48.45,Fill,V01-D,BH-22,LAYER -6,6,,,APPROVED AS NOTED,DONE,3,EIDG,19,
1116,Saturday,04-10-25,31513,36,Ahmed Saeed El-Shenawy,DPL,14-09-25,,,50.108,Fill,V01-D,BH-22,LAYER -5,6,,,APPROVED AS NOTED,DONE,3,EIDG,20,
1117,Saturday,04-10-25,31514,36,Ahmed Saeed El-Shenawy,DPL,13-09-25,,,46.572,Fill,V01-D,BH-22,LAYER -4,6,,,APPROVED AS NOTED,DONE,3,EIDG,21,
1118,Saturday,04-10-25,31515,36,Ahmed Saeed El-Shenawy,DPL,12-09-25,,,48.088,Fill,V01-D,BH-22,LAYER -3,6,,,APPROVED AS NOTED,DONE,3,EIDG,22,
1119,Saturday,04-10-25,31516,36,Ahmed Saeed El-Shenawy,DPL,10-09-25,,,48.355,Fill,V01-D,BH-22,LAYER -2,6,,,APPROVED AS NOTED,DONE,3,EIDG,24,
1120,Saturday,04-10-25,31517,36,Ahmed Saeed El-Shenawy,DPL,09-09-25,,,52.93,Fill,V01-D,BH-22,LAYER -1,6,,,APPROVED AS NOTED,DONE,3,EIDG,25,
1121,Thursday,02-10-25,31423,36,MOKHTAR EL-SHENAWY,DPL,28-08-25,,,52.776,Fill,V01-D,BH-28,LAYER -1,3,,,APPROVED AS NOTED,DONE,3,EIDG,35,
1122,Thursday,02-10-25,31424,36,MOKHTAR EL-SHENAWY,DPL,29-08-25,,,46.055,Fill,V01-D,BH-28,LAYER -2,3,,,APPROVED AS NOTED,DONE,3,EIDG,34,
1123,Thursday,02-10-25,31425,36,MOKHTAR EL-SHENAWY,DPL,30-08-25,,,51.79,Fill,V01-D,BH-28,LAYER -3,3,,,APPROVED AS NOTED,DONE,3,EIDG,33,
1124,Thursday,02-10-25,31426,36,MOKHTAR EL-SHENAWY,DPL,31-08-25,,,48.82,Fill,V01-D,BH-28,LAYER -4,3,,,APPROVED AS NOTED,DONE,3,EIDG,32,
1125,Thursday,02-10-25,31427,36,MOKHTAR EL-SHENAWY,DPL,01-09-25,,,57.099,Fill,V01-D,BH-28,LAYER -5,3,,,APPROVED AS NOTED,DONE,3,EIDG,31,
1126,Thursday,02-10-25,31428,36,MOKHTAR EL-SHENAWY,DPL,03-09-25,,,50.67,Fill,V01-D,BH-28,LAYER -6,3,,,APPROVED AS NOTED,DONE,3,EIDG,29,
1127,Thursday,02-10-25,31429,36,MOKHTAR EL-SHENAWY,DPL,05-09-25,,,44.82,Fill,V01-D,BH-28,LAYER -7,3,,,APPROVED AS NOTED,DONE,3,EIDG,27,
1128,Thursday,02-10-25,31430,36,MOKHTAR EL-SHENAWY,DPL,07-09-25,,,58.83,Fill,V01-D,BH-28,LAYER -8,3,,,APPROVED AS NOTED,DONE,3,EIDG,25,
1129,Thursday,02-10-25,31431,36,MOKHTAR EL-SHENAWY,DPL,08-09-25,,,54.95,Fill,V01-D,BH-28,LAYER -9,3,,,APPROVED AS NOTED,DONE,3,EIDG,24,
1130,Thursday,02-10-25,31421,36,MOKHTAR EL-SHENAWY,DPL,09-09-25,,,47.406,Fill,V01-D,BH-28,LAYER -10,3,,,APPROVED AS NOTED,DONE,3,EIDG,23,
1131,Thursday,02-10-25,31422,36,MOKHTAR EL-SHENAWY,DPL,11-09-25,,,51.78,Fill,V01-D,BH-28,LAYER -11,3,,,APPROVED AS NOTED,DONE,3,EIDG,21,
1132,Thursday,02-10-25,31434,36,MOKHTAR EL-SHENAWY,DPL,05-09-25,,,50.38,Fill,V01-D,BH-27,LAYER -1,2,,,APPROVED AS NOTED,DONE,3,EIDG,27,
1133,Thursday,02-10-25,31435,36,MOKHTAR EL-SHENAWY,DPL,06-09-25,,,56.126,Fill,V01-D,BH-27,LAYER -2,2,,,APPROVED AS NOTED,DONE,3,EIDG,26,
1134,Thursday,02-10-25,31436,36,MOKHTAR EL-SHENAWY,DPL,07-09-25,,,53.65,Fill,V01-D,BH-27,LAYER -3,2,,,APPROVED AS NOTED,DONE,3,EIDG,25,
1135,Thursday,02-10-25,31437,36,MOKHTAR EL-SHENAWY,DPL,08-09-25,,,47.15,Fill,V01-D,BH-27,LAYER -4,2,,,APPROVED AS NOTED,DONE,3,EIDG,24,
1136,Thursday,02-10-25,31438,36,MOKHTAR EL-SHENAWY,DPL,09-09-25,,,49.38,Fill,V01-D,BH-27,LAYER -5,2,,,APPROVED AS NOTED,DONE,3,EIDG,23,
1137,Thursday,02-10-25,31439,36,MOKHTAR EL-SHENAWY,DPL,10-09-25,,,48.34,Fill,V01-D,BH-27,LAYER -6,2,,,APPROVED AS NOTED,DONE,3,EIDG,22,
1138,Thursday,02-10-25,31440,36,MOKHTAR EL-SHENAWY,DPL,11-09-25,,,55.452,Fill,V01-D,BH-27,LAYER -7,2,,,APPROVED AS NOTED,DONE,3,EIDG,21,
1139,Thursday,02-10-25,31441,36,MOKHTAR EL-SHENAWY,DPL,12-09-25,,,53.46,Fill,V01-D,BH-27,LAYER -8,2,,,APPROVED AS NOTED,DONE,3,EIDG,20,
1140,Thursday,02-10-25,31442,36,MOKHTAR EL-SHENAWY,DPL,13-09-25,,,55.04,Fill,V01-D,BH-27,LAYER -9,2,,,APPROVED AS NOTED,DONE,3,EIDG,19,
1141,Thursday,02-10-25,31432,36,MOKHTAR EL-SHENAWY,DPL,14-09-25,,,56.34,Fill,V01-D,BH-27,LAYER -10,2,,,APPROVED AS NOTED,DONE,3,EIDG,18,
1142,Thursday,02-10-25,31433,36,MOKHTAR EL-SHENAWY,DPL,16-09-25,,,42.706,Fill,V01-D,BH-27,LAYER -11,2,,,APPROVED AS NOTED,DONE,3,EIDG,16,
1143,Thursday,02-10-25,31398,36,MOKHTAR EL-SHENAWY,DPL,23-08-25,,,53.134,Fill,V01-D,BH-35,LAYER -2,2,,,APPROVED AS NOTED,DONE,3,EIDG,40,
1144,Thursday,02-10-25,31397,36,MOKHTAR EL-SHENAWY,DPL,21-08-25,,,56.186,Fill,V01-D,BH-35,LAYER -1,2,,,APPROVED AS NOTED,DONE,3,EIDG,42,
1145,Thursday,02-10-25,31415,36,MOKHTAR EL-SHENAWY,DPL,06-09-25,,,58.216,Fill,V01-D,BH-29,LAYER -1,3,,,APPROVED AS NOTED,DONE,3,EIDG,26,
1146,Thursday,02-10-25,31416,36,MOKHTAR EL-SHENAWY,DPL,07-09-25,,,52.779,Fill,V01-D,BH-29,LAYER -2,3,,,APPROVED AS NOTED,DONE,3,EIDG,25,
1147,Thursday,02-10-25,31417,36,MOKHTAR EL-SHENAWY,DPL,08-09-25,,,45.73,Fill,V01-D,BH-29,LAYER -3,3,,,APPROVED AS NOTED,DONE,3,EIDG,24,
1148,Thursday,02-10-25,31418,36,MOKHTAR EL-SHENAWY,DPL,09-09-25,,,47.127,Fill,V01-D,BH-29,LAYER -4,3,,,APPROVED AS NOTED,DONE,3,EIDG,23,
1149,Thursday,02-10-25,31419,36,MOKHTAR EL-SHENAWY,DPL,11-09-25,,,56.803,Fill,V01-D,BH-29,LAYER -5,3,,,APPROVED AS NOTED,DONE,3,EIDG,21,
1150,Thursday,02-10-25,31400,36,MOKHTAR EL-SHENAWY,DPL,06-09-25,,,56.897,Fill,V01-D,BH-30,LAYER -10,2,,,APPROVED AS NOTED,DONE,3,EIDG,26,
1151,Thursday,02-10-25,31401,36,MOKHTAR EL-SHENAWY,DPL,15-09-25,,,51.143,Fill,V01-D,BH-30,LAYER -12,2,,,APPROVED AS NOTED,DONE,3,EIDG,17,
1152,Thursday,02-10-25,31402,36,MOKHTAR EL-SHENAWY,DPL,16-09-25,,,57.33,Fill,V01-D,BH-30,LAYER -13,2,,,APPROVED AS NOTED,DONE,3,EIDG,16,
1153,Thursday,02-10-25,31403,36,MOKHTAR EL-SHENAWY,DPL,18-09-25,,,46.601,Fill,V01-D,BH-30,LAYER -14,2,,,APPROVED AS NOTED,DONE,3,EIDG,14,
1154,Thursday,02-10-25,31404,36,MOKHTAR EL-SHENAWY,DPL,20-09-25,,,45.74,Fill,V01-D,BH-30,LAYER -15,2,,,APPROVED AS NOTED,DONE,3,EIDG,12,
1155,Thursday,02-10-25,31405,36,MOKHTAR EL-SHENAWY,DPL,09-09-25,,,41.43,Fill,V01-D,BH-30,LAYER -11,2,,,APPROVED AS NOTED,DONE,3,EIDG,23,
1156,Thursday,02-10-25,31406,36,MOKHTAR EL-SHENAWY,DPL,30-08-25,,,54.058,Fill,V01-D,BH-30,LAYER -1,2,,,APPROVED AS NOTED,DONE,3,EIDG,33,
1157,Thursday,02-10-25,31407,36,MOKHTAR EL-SHENAWY,DPL,30-08-25,,,44.34,Fill,V01-D,BH-30,LAYER -2,2,,,APPROVED AS NOTED,DONE,3,EIDG,33,
1158,Thursday,02-10-25,31408,36,MOKHTAR EL-SHENAWY,DPL,31-08-25,,,53.73,Fill,V01-D,BH-30,LAYER -3,2,,,APPROVED AS NOTED,DONE,3,EIDG,32,
1159,Thursday,02-10-25,31409,36,MOKHTAR EL-SHENAWY,DPL,31-08-25,,,57.85,Fill,V01-D,BH-30,LAYER -4,2,,,APPROVED AS NOTED,DONE,3,EIDG,32,
1160,Thursday,02-10-25,31410,36,MOKHTAR EL-SHENAWY,DPL,01-09-25,,,43.091,Fill,V01-D,BH-30,LAYER -5,2,,,APPROVED AS NOTED,DONE,3,EIDG,31,
1161,Thursday,02-10-25,31411,36,MOKHTAR EL-SHENAWY,DPL,02-09-25,,,55.065,Fill,V01-D,BH-30,LAYER -6,2,,,APPROVED AS NOTED,DONE,3,EIDG,30,
1162,Thursday,02-10-25,31412,36,MOKHTAR EL-SHENAWY,DPL,03-09-25,,,45.93,Fill,V01-D,BH-30,LAYER -7,2,,,APPROVED AS NOTED,DONE,3,EIDG,29,
1163,Thursday,02-10-25,31413,36,MOKHTAR EL-SHENAWY,DPL,03-09-25,,,49.115,Fill,V01-D,BH-30,LAYER -8,2,,,APPROVED AS NOTED,DONE,3,EIDG,29,
1164,Thursday,02-10-25,31414,36,MOKHTAR EL-SHENAWY,DPL,04-09-25,,,46.081,Fill,V01-D,BH-30,LAYER -9,2,,,APPROVED AS NOTED,DONE,3,EIDG,28,
1165,Thursday,02-10-25,31399,36,MOKHTAR EL-SHENAWY,DPL,28-08-25,,,56.203,Bottom of excavation,V01-D,BH-30,,2,,,APPROVED AS NOTED,DONE,3,EIDG,35,
1166,Tuesday,07-10-25,31690,36,Ahmed Saeed El-Shenawy,SOIL,23-09-25,A-3,3.50%,,Bottom of excavation,V01-D,ROAD 10 ( 0+580 : 00+610 ),,1,Sieve + Proctoer ,,APPROVED AS NOTED,DONE,3,EIDG,14,
1167,Tuesday,07-10-25,31709,36,Ahmed Saeed El-Shenawy,DPL,28-09-25,,,54.074,Fill,V01-D,ROAD 10 ( 0+580 : 00+740 ) LEFT,-5,12,,,APPROVED AS NOTED,DONE,3,EIDG,9,
1168,Tuesday,07-10-25,31708,36,Ahmed Saeed El-Shenawy,DPL,30-09-25,,,49.357,Fill,V01-D,ROAD 10 ( 0+820 : 00+940 ) RIGHT,-5,9,,,APPROVED AS NOTED,DONE,3,EIDG,7,
1169,Tuesday,07-10-25,31707,36,Ahmed Saeed El-Shenawy,DPL,04-10-25,,,49.345,Fill,V01-D,ROAD 10 ( 0+740 : 00+820 ) RIGHT,-5,6,,,APPROVED AS NOTED,DONE,3,EIDG,3,
1170,Tuesday,07-10-25,31706,36,Ahmed Saeed El-Shenawy,DPL,29-09-25,,,50.961,Fill,V01-D,ROAD 10 ( 0+580 : 00+740 ) RIGHT,-5,12,,,APPROVED AS NOTED,DONE,3,EIDG,8,
1171,Tuesday,07-10-25,31705,36,Ahmed Saeed El-Shenawy,DPL,02-10-25,,,46.435,Fill,V01-D,ROAD 10 ( 0+740 : 00+820 ) LEFT,-5.5,6,,,APPROVED AS NOTED,DONE,3,EIDG,5,
1172,Tuesday,07-10-25,31704,36,Ahmed Saeed El-Shenawy,DPL,26-09-25,,,44.288,Fill,V01-D,ROAD 10 ( 0+580 : 00+740 ) LEFT,-5.5,12,,,APPROVED AS NOTED,DONE,3,EIDG,11,
1173,Tuesday,07-10-25,31703,36,Ahmed Saeed El-Shenawy,DPL,02-10-25,,,56.029,Fill,V01-D,ROAD 10 ( 0+740 : 00+820 ) RIGHT,-5.5,6,,,APPROVED AS NOTED,DONE,3,EIDG,5,
1174,Tuesday,07-10-25,31702,36,Ahmed Saeed El-Shenawy,DPL,27-09-25,,,46.63,Fill,V01-D,ROAD 10 ( 0+580 : 00+740 ) RIGHT,-5.5,12,,,APPROVED AS NOTED,DONE,3,EIDG,10,
1175,Tuesday,07-10-25,31701,36,Ahmed Saeed El-Shenawy,DPL,01-10-25,,,43.96,Fill,V01-D,ROAD 10 ( 0+740 : 00+820 ) LEFT,-6,12,,,APPROVED AS NOTED,DONE,3,EIDG,6,
1176,Tuesday,07-10-25,31700,36,Ahmed Saeed El-Shenawy,DPL,30-09-25,,,53.59,Fill,V01-D,ROAD 10 ( 0+740 : 00+820 ) LEFT AND RIGHT,-6.5,12,,,APPROVED AS NOTED,DONE,3,EIDG,7,
1177,Tuesday,07-10-25,31699,36,Ahmed Saeed El-Shenawy,DPL,27-09-25,,,50.933,Fill,V01-D,ROAD 10 ( 0+740 : 00+820 ) LEFT AND RIGHT,-7,12,,,APPROVED AS NOTED,DONE,3,EIDG,10,
1178,Tuesday,07-10-25,31698,36,Ahmed Saeed El-Shenawy,DPL,25-09-25,,,47.833,Fill,V01-D,ROAD 10 ( 0+740 : 00+820 ) LEFT AND RIGHT,-7.5,13,,,APPROVED AS NOTED,DONE,3,EIDG,12,
1179,Tuesday,07-10-25,31697,36,Ahmed Saeed El-Shenawy,DPL,23-09-25,,,49.95,Fill,V01-D,ROAD 10 ( 0+580 : 00+610 ) RIGHT,EXCAVATION,4,,,REVISE,DONE,3,EIDG,14,مرفوض لعدم تحديد الطبقه 
1180,Tuesday,07-10-25,31696,36,Ahmed Saeed El-Shenawy,SOIL,14-09-25,A-4,45.90%,,Bottom of excavation,V01-D,ROAD 10 ( 0+820 : 00+940 ) ,,1,Sieve analysis,,REVISE,DONE,2,EIDG,23,مرفوض لعدم تحديد الاتجاه 
1181,Tuesday,07-10-25,31695,36,Ahmed Saeed El-Shenawy,SOIL,23-09-25,A-4,46.60%,,Bottom of excavation,V01-D,ROAD 10 ( 0+740 : 00+820 ) LEFT,,1,Sieve analysis,,APPROVED AS NOTED,DONE,2,EIDG,14,
1182,Tuesday,07-10-25,31694,36,Ahmed Saeed El-Shenawy,SOIL,22-09-25,A-4,70.00%,,Bottom of excavation,V01-D,ROAD 10 ( 0+640 : 00+740 ) LEFT,,1,Sieve analysis,,APPROVED AS NOTED,DONE,2,EIDG,15,
1183,Tuesday,07-10-25,31693,36,Ahmed Saeed El-Shenawy,SOIL,22-09-25,A-4,60.10%,,Bottom of excavation,V01-D,ROAD 10 ( 0+580 : 00+640 ) LEFT,,1,Sieve analysis,,APPROVED AS NOTED,DONE,2,EIDG,15,
1184,Tuesday,07-10-25,31692,36,Ahmed Saeed El-Shenawy,SOIL,23-09-25,A-4,49.20%,,Bottom of excavation,V01-D,ROAD 10 ( 0+740 : 00+820 ) RIGHT,,1,Sieve analysis,,APPROVED AS NOTED,DONE,2,EIDG,14,
1185,Tuesday,07-10-25,31691,36,Ahmed Saeed El-Shenawy,SOIL,22-09-25,A-4,66.80%,,Bottom of excavation,V01-D,ROAD 10 ( 0+640 : 00+740 ) ,,1,Sieve analysis,,APPROVED AS NOTED,DONE,2,EIDG,15,
1186,Tuesday,07-10-25,31710,36,Ahmed Saeed El-Shenawy,DPL,03-10-25,,,51.079,Fill,V01-D,ROAD 10 ( 0+740 : 00+820 ) LEFT,-5,6,,,APPROVED AS NOTED,DONE,3,EIDG,4,
1187,Tuesday,07-10-25,31711,36,Ahmed Saeed El-Shenawy,DPL,30-09-25,,,53.89,Fill,V01-D,ROAD 10 ( 0+820 : 00+940 ) LEFT,-5,9,,,APPROVED AS NOTED,DONE,3,EIDG,7,
1188,Tuesday,07-10-25,31712,36,Ahmed Saeed El-Shenawy,DPL,05-10-25,,,52.49,Fill,V01-D,ROAD 10 ( 0+580 : 00+740 ) RIGHT,-4.5,6,,,APPROVED AS NOTED,DONE,3,EIDG,2,
1189,Tuesday,07-10-25,31713,36,Ahmed Saeed El-Shenawy,DPL,04-10-25,,,49.446,Fill,V01-D,ROAD 10 ( 0+820 : 00+940 ) RIGHT,-4.5,9,,,APPROVED AS NOTED,DONE,3,EIDG,3,
1190,Tuesday,07-10-25,31714,36,Ahmed Saeed El-Shenawy,DPL,05-10-25,,,47.25,Fill,V01-D,ROAD 10 ( 0+740 : 00+820 ) RIGHT,-4.5,6,,,APPROVED AS NOTED,DONE,3,EIDG,2,
1191,Tuesday,07-10-25,31715,36,Ahmed Saeed El-Shenawy,DPL,01-10-25,,,48.89,Fill,V01-D,ROAD 10 ( 0+580 : 00+740 ) LEFT,-4.5,12,,,APPROVED AS NOTED,DONE,3,EIDG,6,
1192,Tuesday,07-10-25,31716,36,Ahmed Saeed El-Shenawy,DPL,05-10-25,,,46.58,Fill,V01-D,ROAD 10 ( 0+740 : 00+820 ) LEFT,-4.5,6,,,APPROVED AS NOTED,DONE,3,EIDG,2,
1193,Tuesday,07-10-25,31717,36,Ahmed Saeed El-Shenawy,DPL,03-10-25,,,53.288,Fill,V01-D,ROAD 10 ( 0+820 : 00+940 ) LEFT,-4.5,9,,,APPROVED AS NOTED,DONE,3,EIDG,4,
1194,Tuesday,07-10-25,31830,36,MOKHTAR EL-SHENAWY,DPL,07-10-25,,,47.63,Fill,V01-D,ROAD 10 ( 1+240 : 01+300 ) RIGHT ,-4,3,,,APPROVED AS NOTED,DONE,3,EIDG,0,استعدال
1195,Tuesday,07-10-25,31779,36,MOKHTAR EL-SHENAWY,DPL,23-09-25,,,53.55,Fill,V01-D,ROAD 10 ( 0+140 : 0+200 ) RIGHT AND LEFT,-4,9,,,APPROVED AS NOTED,DONE,3,EIDG,14,
1196,Tuesday,07-10-25,31778,36,MOKHTAR EL-SHENAWY,DPL,17-09-25,,,45.64,Fill,V01-D,ROAD 10 ( 0+140 : 0+200 ) RIGHT AND LEFT,-4.5,9,,,APPROVED AS NOTED,DONE,3,EIDG,20,
1197,Tuesday,07-10-25,31777,36,MOKHTAR EL-SHENAWY,DPL,23-09-25,,,45.958,Fill,V01-D,ROAD 10 ( 0+940 : 01+020 ) RIGHT AND LEFT,-4.5,12,,,APPROVED AS NOTED,DONE,3,EIDG,14,
1198,Tuesday,07-10-25,31776,36,MOKHTAR EL-SHENAWY,DPL,17-09-25,,,52.087,Fill,V01-D,ROAD 10 ( 0+940 : 01+020 ) RIGHT AND LEFT,-5,12,,,APPROVED AS NOTED,DONE,3,EIDG,20,
1199,Tuesday,07-10-25,31775,36,MOKHTAR EL-SHENAWY,DPL,02-10-25,,,43.65,Fill,V01-D,ROAD 10 ( 01+240 : 01+300 ) RIGHT AND LEFT,EXCAVATION,4,,,APPROVED AS NOTED,DONE,3,EIDG,5,
1200,Tuesday,07-10-25,31774,36,MOKHTAR EL-SHENAWY,DPL,02-10-25,,,44.599,Fill,V01-D,ROAD 10 ( 01+200 : 01+200 ) RIGHT AND LEFT,EXCAVATION,4,,,APPROVED AS NOTED,DONE,3,EIDG,5,
1201,Tuesday,07-10-25,31773,36,MOKHTAR EL-SHENAWY,DPL,13-09-25,,,56.17,Fill,V01-D,ROAD 10 ( 0+940 : 01+020 ) RIGHT AND LEFT,EXCAVATION,4,,,APPROVED AS NOTED,DONE,3,EIDG,24,
1202,Tuesday,07-10-25,31772,36,MOKHTAR EL-SHENAWY,DPL,06-10-25,,,44.014,Fill,V01-D,ROAD 10 ( 01+240 : 01+300 ) RIGHT ,-3,3,,,APPROVED AS NOTED,DONE,3,EIDG,1,استعدال
1203,Tuesday,07-10-25,31771,36,MOKHTAR EL-SHENAWY,DPL,05-10-25,,,46.585,Fill,V01-D,ROAD 10 ( 01+240 : 01+300 ) RIGHT ,-2,4,,,APPROVED AS NOTED,DONE,3,EIDG,2,استعدال
1204,Tuesday,07-10-25,31770,36,MOKHTAR EL-SHENAWY,DPL,05-10-25,,,49.63,Fill,V01-D,ROAD 10 ( 01+240 : 01+300 ) RIGHT ,-1,4,,,APPROVED AS NOTED,DONE,3,EIDG,2,استعدال
1205,Tuesday,07-10-25,31769,36,MOKHTAR EL-SHENAWY,SOIL,30-09-25,A-4,55.50%,,Bottom of excavation,V01-D,ROAD 10 ( 01+360 : 01+440 )  ,,1,Sieve analysis,,APPROVED AS NOTED,DONE,2,EIDG,7,
1206,Tuesday,07-10-25,31768,36,MOKHTAR EL-SHENAWY,SOIL,02-10-25,A-2-4,17.10%,,Bottom of excavation,V01-D,ROAD 10 ( 01+240 : 01+300 )  ,,1,Sieve + Proctoer ,,APPROVED AS NOTED,DONE,3,EIDG,5,
1207,Tuesday,07-10-25,31766,36,MOKHTAR EL-SHENAWY,SOIL,14-09-25,A-4,42.80%,,Bottom of excavation,V01-D,ROAD 10 ( 01+140 : 01+200 )  ,,1,Sieve + Proctoer ,,APPROVED AS NOTED,DONE,2,EIDG,23,
1208,Tuesday,07-10-25,31767,36,MOKHTAR EL-SHENAWY,SOIL,02-10-25,A-2-4,25.30%,,Bottom of excavation,V01-D,ROAD 10 ( 01+200 : 01+280 )  ,,1,Sieve + Proctoer ,,APPROVED AS NOTED,DONE,2,EIDG,5,
1209,Monday,06-10-25,31568,36,MOKHTAR EL-SHENAWY,PLATE LOAD,31-07-25,,,,Fill,V01-D,V ( 79 : 81 ),20.6,1,,,REVISE,DONE,5,EIDG,67,
1210,Monday,06-10-25,31567,36,MOKHTAR EL-SHENAWY,PLATE LOAD,31-07-25,,,,Fill,V01-D,BHL-10,19.4,1,,,APPROVED AS NOTED,DONE,5,EIDG,67,
1211,Monday,06-10-25,31570,36,MOKHTAR EL-SHENAWY,PLATE LOAD,31-07-25,,,,Fill,V01-D,BHL-9,19.4,1,,,APPROVED AS NOTED,DONE,5,EIDG,67,
1212,Monday,06-10-25,31573,36,MOKHTAR EL-SHENAWY,PLATE LOAD,27-07-25,,,,Fill,V01-D,BHL-9,29,1,,,REVISE,DONE,5,EIDG,71,
1213,Monday,06-10-25,31571,36,MOKHTAR EL-SHENAWY,PLATE LOAD,29-07-25,,,,Fill,V01-D,BHL-7,17,1,,,REVISE,DONE,5,EIDG,69,
1214,Monday,06-10-25,31572,36,MOKHTAR EL-SHENAWY,PLATE LOAD,28-07-25,,,,Fill,V01-D,BHL-9,19,1,,,REVISE,DONE,5,EIDG,70,
1215,Monday,06-10-25,31574,36,SELME EID ,PLATE LOAD,21-07-25,,,,Fill,V01-D,V 152,19.35,1,,,REVISE,DONE,5,EIDG,77,
1216,Monday,06-10-25,31576,36,SELME EID ,PLATE LOAD,29-07-25,,,,Fill,V01-D,V 152,20.3,1,,,APPROVED AS NOTED,DONE,5,EIDG,69,
1217,Monday,06-10-25,31575,36,SELME EID ,PLATE LOAD,22-07-25,,,,Fill,V01-D,V 152,19.35,1,,,APPROVED AS NOTED,DONE,5,EIDG,76,
1218,Monday,06-10-25,31578,36,SELME EID ,PLATE LOAD,28-07-25,,,,Fill,V01-D,V 151,20.3,1,,,APPROVED AS NOTED,DONE,5,EIDG,70,
1219,Monday,06-10-25,31577,36,SELME EID ,PLATE LOAD,29-07-25,,,,Fill,V01-D,V 153,20.35,1,,,APPROVED AS NOTED,DONE,5,EIDG,69,
1220,Monday,06-10-25,31587,36,Ahmed Saeed El-Shenawy,PLATE LOAD,22-07-25,,,,Fill,V01-D,BHL-2,17.4,1,,,REVISE,DONE,5,EIDG,76,
1221,Monday,06-10-25,31588,36,Ahmed Saeed El-Shenawy,PLATE LOAD,28-07-25,,,,Fill,V01-D,BHL-3,19.05,1,,,REVISE,DONE,5,EIDG,70,
1222,Monday,06-10-25,31585,36,Ahmed Saeed El-Shenawy,PLATE LOAD,23-07-25,,,,Fill,V01-D,BHL-2,17.4,1,,,REVISE,DONE,5,EIDG,75,
1223,Monday,06-10-25,31586,36,Ahmed Saeed El-Shenawy,PLATE LOAD,22-07-25,,,,Fill,V01-D,BHL-2,17.4,1,,,REVISE,DONE,5,EIDG,76,
1224,Monday,06-10-25,31583,36,Etihadeya,PLATE LOAD,25-07-25,,,,Fill,V01-D,V 155,17.95,1,,,REVISE,DONE,5,EIDG,73,
1225,Monday,06-10-25,31584,36,Etihadeya,PLATE LOAD,25-07-25,,,,Fill,V01-D,V 155,17.95,1,,,APPROVED AS NOTED,DONE,5,EIDG,73,
1226,Monday,06-10-25,31581,36,Etihadeya,PLATE LOAD,31-07-25,,,,Fill,V01-D,V 156,18.7,1,,,APPROVED AS NOTED,DONE,5,EIDG,67,
1227,Monday,06-10-25,31582,36,Etihadeya,PLATE LOAD,29-07-25,,,,Fill,V01-D,V 156,18.7,1,,,REVISE,DONE,5,EIDG,69,
1228,Monday,06-10-25,31579,36,SELME EID ,PLATE LOAD,28-07-25,,,,Fill,V01-D,V 150,20.4,1,,,APPROVED AS NOTED,DONE,5,EIDG,70,
1229,Monday,06-10-25,31580,36,Etihadeya,PLATE LOAD,31-07-25,,,,Fill,V01-D,V 154,19.95,1,,,APPROVED AS NOTED,DONE,5,EIDG,67,
1230,Monday,06-10-25,31590,36,Ahmed Saeed El-Shenawy,PLATE LOAD,27-07-25,,,,Fill,V01-D,BHL-1,18.5,1,,,APPROVED AS NOTED,DONE,5,EIDG,71,
1231,Monday,06-10-25,31589,36,Ahmed Saeed El-Shenawy,PLATE LOAD,28-07-25,,,,Fill,V01-D,BHL-3,19.05,1,,,REVISE,DONE,5,EIDG,70,
1232,Monday,06-10-25,31592,36,MOHAMED ABDELWAHAB,PLATE LOAD,24-07-25,,,,Fill,V01-D,V 139,20.3,1,,,APPROVED AS NOTED,DONE,5,EIDG,74,
1233,Monday,06-10-25,31591,36,MOHAMED ABDELWAHAB,PLATE LOAD,23-07-25,,,,Fill,V01-D,V 145,20.5,1,,,APPROVED AS NOTED,DONE,5,EIDG,75,
1234,Monday,06-10-25,31566,36,MOKHTAR EL-SHENAWY,PLATE LOAD,09-08-25,,,,Fill,V01-D,BHL-7,17.4,1,,,APPROVED AS NOTED,DONE,5,EIDG,58,
1235,Tuesday,07-10-25,31670,36,MOKHTAR EL-SHENAWY,PLATE LOAD,15-08-25,,,,Fill,V01-D,BHL-7,19.4,1,,,APPROVED AS NOTED,DONE,5,EIDG,53,
1236,Tuesday,07-10-25,31671,36,MOKHTAR EL-SHENAWY,PLATE LOAD,15-08-25,,,,Fill,V01-D,BHL-7,19.4,1,,,REVISE,DONE,5,EIDG,53,
1237,Tuesday,07-10-25,31672,36,MOKHTAR EL-SHENAWY,PLATE LOAD,15-08-25,,,,Fill,V01-D,BHL-5,19.4,1,,,APPROVED AS NOTED,DONE,5,EIDG,53,
1238,Tuesday,07-10-25,31673,36,MOKHTAR EL-SHENAWY,PLATE LOAD,15-08-25,,,,Fill,V01-D,BHL-5,19.4,1,,,APPROVED AS NOTED,DONE,5,EIDG,53,
1239,Tuesday,07-10-25,31674,36,MOKHTAR EL-SHENAWY,PLATE LOAD,15-08-25,,,,Fill,V01-D,V 51,20.2,1,,,APPROVED AS NOTED,DONE,5,EIDG,53,
1240,Tuesday,07-10-25,31675,36,MOKHTAR EL-SHENAWY,PLATE LOAD,15-08-25,,,,Fill,V01-D,V 51,20.2,1,,,APPROVED AS NOTED,DONE,5,EIDG,53,
1241,Tuesday,07-10-25,31676,36,MOKHTAR EL-SHENAWY,PLATE LOAD,15-08-25,,,,Fill,V01-D,V 50,20.25,1,,,APPROVED AS NOTED,DONE,5,EIDG,53,
1242,Tuesday,07-10-25,31677,36,EL-DAWLIA,PLATE LOAD,15-08-25,,,,Fill,V01-D,BHL-14,19.4,1,,,REVISE,DONE,5,EIDG,53,
1243,Tuesday,07-10-25,31678,36,EL-DAWLIA,PLATE LOAD,14-08-25,,,,Fill,V01-D,BHL-14,19.39,1,,,APPROVED AS NOTED,DONE,5,EIDG,54,
1244,Tuesday,07-10-25,31679,36,EL-DAWLIA,PLATE LOAD,14-08-25,,,,Fill,V01-D,BHL-14,19.39,1,,,APPROVED AS NOTED,DONE,5,EIDG,54,
1245,Tuesday,07-10-25,31680,36,Ahmed Saeed El-Shenawy,PLATE LOAD,14-08-25,,,,Fill,V01-D,V 66,20.3,1,,,APPROVED AS NOTED,DONE,5,EIDG,54,
1246,Tuesday,07-10-25,31681,36,EL-DAWLIA,PLATE LOAD,13-08-25,,,,Fill,V01-D,BHL-14,19.41,1,,,APPROVED AS NOTED,DONE,5,EIDG,55,
1247,Tuesday,07-10-25,31683,36,EL-DAWLIA,PLATE LOAD,13-08-25,,,,Fill,V01-D,BHL-14,18.62,1,,,APPROVED AS NOTED,DONE,5,EIDG,55,
1248,Tuesday,07-10-25,31684,36,Ahmed Saeed El-Shenawy,PLATE LOAD,11-08-25,,,,Fill,V01-D,V ( 21-22 ),20.31,1,,,APPROVED AS NOTED,DONE,5,EIDG,57,
1249,Tuesday,07-10-25,31685,36,Ahmed Saeed El-Shenawy,PLATE LOAD,11-08-25,,,,Fill,V01-D,V ( 23-24 ),20.31,1,,,APPROVED AS NOTED,DONE,5,EIDG,57,
1250,Tuesday,07-10-25,31686,36,Ahmed Saeed El-Shenawy,PLATE LOAD,11-08-25,,,,Fill,V01-D,V ( 23-24 ),20.3,1,,,REVISE,DONE,5,EIDG,57,
1251,Tuesday,07-10-25,31687,36,Ahmed Saeed El-Shenawy,PLATE LOAD,11-08-25,,,,Fill,V01-D,V ( 62-63 ),20.25,1,,,APPROVED AS NOTED,DONE,5,EIDG,57,
1252,Tuesday,07-10-25,31688,36,MOKHTAR EL-SHENAWY,PLATE LOAD,10-08-25,,,,Fill,V01-D,BHL-5,18.65,1,,,APPROVED AS NOTED,DONE,5,EIDG,58,
1253,Tuesday,07-10-25,31689,36,MOKHTAR EL-SHENAWY,PLATE LOAD,10-08-25,,,,Fill,V01-D,BHL-5,18.65,1,,,APPROVED AS NOTED,DONE,5,EIDG,58,
1254,Tuesday,07-10-25,31643,36,Ahmed Saeed El-Shenawy,PLATE LOAD,03-08-25,,,,Fill,V01-D,V 22,18.8,1,,,APPROVED AS NOTED,DONE,5,EIDG,65,
1255,Tuesday,07-10-25,31644,36,Ahmed Saeed El-Shenawy,PLATE LOAD,03-08-25,,,,Fill,V01-D,V 21,19,1,,,APPROVED AS NOTED,DONE,5,EIDG,65,
1256,Tuesday,07-10-25,31645,36,Ahmed Saeed El-Shenawy,PLATE LOAD,03-08-25,,,,Fill,V01-D,V 1,19.7,1,,,REVISE,DONE,5,EIDG,65,
1257,Tuesday,07-10-25,31646,36,MOKHTAR EL-SHENAWY,PLATE LOAD,03-10-25,,,,Fill,V01-D,V ( 166-167 ),20.05,1,,,APPROVED AS NOTED,DONE,5,EIDG,4,
1258,Tuesday,07-10-25,31647,36,MOKHTAR EL-SHENAWY,PLATE LOAD,31-08-25,,,,Fill,V01-D,BH-25,16.25,1,,,REVISE,DONE,5,EIDG,37,
1259,Tuesday,07-10-25,31652,36,MOKHTAR EL-SHENAWY,PLATE LOAD,22-09-25,,,,Fill,V01-D,V 163,18.95,1,,,APPROVED AS NOTED,DONE,5,EIDG,15,
1260,Tuesday,07-10-25,31651,36,MOKHTAR EL-SHENAWY,PLATE LOAD,22-09-25,,,,Fill,V01-D,V 166,19.05,1,,,APPROVED AS NOTED,DONE,5,EIDG,15,
1261,Tuesday,07-10-25,31604,36,El-Batal,PLATE LOAD,09-08-25,,,,Fill,V01-D,V 89,21.07,1,,,APPROVED AS NOTED,DONE,5,EIDG,59,
1262,Tuesday,07-10-25,31650,36,MOKHTAR EL-SHENAWY,PLATE LOAD,26-09-25,,,,Fill,V01-D,BHL-16,14.9,1,,,REVISE,DONE,5,EIDG,11,
1263,Tuesday,07-10-25,31603,36,El-Batal,PLATE LOAD,09-08-25,,,,Fill,V01-D,V 88,21.13,1,,,APPROVED AS NOTED,DONE,5,EIDG,59,
1264,Tuesday,07-10-25,31602,36,El-Batal,PLATE LOAD,09-08-25,,,,Fill,V01-D,V 87,21.11,1,,,APPROVED AS NOTED,DONE,5,EIDG,59,
1265,Tuesday,07-10-25,31649,36,MOKHTAR EL-SHENAWY,PLATE LOAD,02-10-25,,,,Fill,V01-D,V ( 166-167 ),20.05,1,,,REVISE,DONE,5,EIDG,5,
1266,Tuesday,07-10-25,31601,36,El-Batal,PLATE LOAD,09-08-25,,,,Fill,V01-D,V 86,21.03,1,,,APPROVED AS NOTED,DONE,5,EIDG,59,
1267,Tuesday,07-10-25,31648,36,MOKHTAR EL-SHENAWY,PLATE LOAD,02-10-25,,,,Fill,V01-D,V ( 168-169 ),20.05,1,,,APPROVED AS NOTED,DONE,5,EIDG,5,
1268,Tuesday,07-10-25,31600,36,El-Batal,PLATE LOAD,31-07-25,,,,Fill,V01-D,V ( 86-87-88 ),20.32,1,,,APPROVED AS NOTED,DONE,5,EIDG,68,
1269,Tuesday,07-10-25,31597,36,El-Batal,PLATE LOAD,27-07-25,,,,Fill,V01-D,V ( 86-87-88 ),17.8,1,,,APPROVED AS NOTED,DONE,5,EIDG,72,
1270,Tuesday,07-10-25,31521,36,El-Batal,PLATE LOAD,27-07-25,,,,Fill,V01-D,V ( 86-87-88 ),17.8,1,,,APPROVED AS NOTED,DONE,5,EIDG,72,
1271,Tuesday,07-10-25,31508,36,MOHAMED ABDELWAHAB,PLATE LOAD,24-07-25,,,,Fill,V01-D,V 140,20.3,1,,,APPROVED AS NOTED,DONE,5,EIDG,75,
1272,Tuesday,07-10-25,31502,36,MOHAMED ABDELWAHAB,PLATE LOAD,24-07-25,,,,Fill,V01-D,V 142,20.45,1,,,APPROVED AS NOTED,DONE,5,EIDG,75,
1273,Tuesday,07-10-25,31420,36,MOHAMED ABDELWAHAB,PLATE LOAD,23-07-25,,,,Fill,V01-D,V 144,20.5,1,,,APPROVED AS NOTED,DONE,5,EIDG,76,
1274,Tuesday,07-10-25,31550,36,MOHAMED ABDELWAHAB,PLATE LOAD,24-07-25,,,,Fill,V01-D,V 141,20.35,1,,,APPROVED AS NOTED,DONE,5,EIDG,75,
1275,Tuesday,07-10-25,31396,36,MOHAMED ABDELWAHAB,PLATE LOAD,23-07-25,,,,Fill,V01-D,V 146,20.6,1,,,APPROVED AS NOTED,DONE,5,EIDG,76,
1276,Tuesday,07-10-25,31669,36,MOKHTAR EL-SHENAWY,PLATE LOAD,15-08-25,,,,Fill,V01-D,BHL-7,19.4,1,,,APPROVED AS NOTED,DONE,5,EIDG,53,
1277,Tuesday,07-10-25,31661,36,MOKHTAR EL-SHENAWY,PLATE LOAD,01-08-25,,,,Fill,V01-D,V ( 79-80-81),20.6,1,,,APPROVED AS NOTED,DONE,5,EIDG,67,
1278,Tuesday,07-10-25,31595,36,El-Batal,PLATE LOAD,27-07-25,,,,Fill,V01-D,V ( 86-87-88 ),17.8,1,,,APPROVED AS NOTED,DONE,5,EIDG,72,
1279,Tuesday,07-10-25,31598,36,El-Batal,PLATE LOAD,31-07-25,,,,Fill,V01-D,V ( 86-87-88 ),20.32,1,,,APPROVED AS NOTED,DONE,5,EIDG,68,
1280,Tuesday,07-10-25,31660,36,MOKHTAR EL-SHENAWY,PLATE LOAD,01-08-25,,,,Fill,V01-D,V ( 79-80-81 ),20.6,1,,,APPROVED AS NOTED,DONE,5,EIDG,67,
1281,Tuesday,07-10-25,31614,36,Etihadeya,PLATE LOAD,07-08-25,,,,Fill,V01-D,V 156,20.45,1,,,APPROVED AS NOTED,DONE,5,EIDG,61,
1282,Tuesday,07-10-25,31659,36,MOKHTAR EL-SHENAWY,PLATE LOAD,01-08-25,,,,Fill,V01-D,V ( 82-83 ),20.55,1,,,APPROVED AS NOTED,DONE,5,EIDG,67,
1283,Tuesday,07-10-25,31612,36,Ahmed Saeed El-Shenawy,PLATE LOAD,08-08-25,,,,Fill,V01-D,BHL-3,19.4,1,,,REVISE,DONE,5,EIDG,60,
1284,Tuesday,07-10-25,31658,36,Ahmed Saeed El-Shenawy,PLATE LOAD,01-08-25,,,,Fill,V01-D,V 84,20.65,1,,,APPROVED AS NOTED,DONE,5,EIDG,67,
1285,Tuesday,07-10-25,31613,36,Etihadeya,PLATE LOAD,08-08-25,,,,Fill,V01-D,V 155,20.45,1,,,REVISE,DONE,5,EIDG,60,
1286,Tuesday,07-10-25,31657,36,MOKHTAR EL-SHENAWY,PLATE LOAD,01-08-25,,,,Fill,V01-D,V 85,20.8,1,,,APPROVED AS NOTED,DONE,5,EIDG,67,
1287,Tuesday,07-10-25,31611,36,MOKHTAR EL-SHENAWY,PLATE LOAD,09-08-25,,,,Fill,V01-D,BHL-7,18.6,1,,,APPROVED AS NOTED,DONE,5,EIDG,59,
1288,Tuesday,07-10-25,31656,36,MOKHTAR EL-SHENAWY,PLATE LOAD,01-08-25,,,,Fill,V01-D,BHL-9,19.4,1,,,REVISE,DONE,5,EIDG,67,
1289,Tuesday,07-10-25,31610,36,El-Batal,PLATE LOAD,09-08-25,,,,Fill,V01-D,V 94,20.8,1,,,APPROVED AS NOTED,DONE,5,EIDG,59,
1290,Tuesday,07-10-25,31655,36,Ahmed Saeed El-Shenawy,PLATE LOAD,20-09-25,,,,Fill,V01-D,BH-22,18.7,1,,,APPROVED AS NOTED,DONE,5,EIDG,17,
1291,Tuesday,07-10-25,31609,36,El-Batal,PLATE LOAD,09-08-25,,,,Fill,V01-D,V 94,20.8,1,,,REVISE,DONE,5,EIDG,59,
1292,Tuesday,07-10-25,31608,36,El-Batal,PLATE LOAD,09-08-25,,,,Fill,V01-D,V 93,20.89,1,,,APPROVED AS NOTED,DONE,5,EIDG,59,
1293,Tuesday,07-10-25,31654,36,Ahmed Saeed El-Shenawy,PLATE LOAD,20-09-25,,,,Fill,V01-D,V 110,19.25,1,,,APPROVED AS NOTED,DONE,5,EIDG,17,
1294,Tuesday,07-10-25,31607,36,El-Batal,PLATE LOAD,09-08-25,,,,Fill,V01-D,V 92,21,1,,,APPROVED AS NOTED,DONE,5,EIDG,59,
1295,Tuesday,07-10-25,31653,36,MOKHTAR EL-SHENAWY,PLATE LOAD,21-09-25,,,,Fill,V01-D,V 163,18.95,1,,,APPROVED AS NOTED,DONE,5,EIDG,16,
1296,Tuesday,07-10-25,31606,36,El-Batal,PLATE LOAD,09-08-25,,,,Fill,V01-D,V 91,20.98,1,,,APPROVED AS NOTED,DONE,5,EIDG,59,
1297,Tuesday,07-10-25,31605,36,El-Batal,PLATE LOAD,09-08-25,,,,Fill,V01-D,V 90,21.05,1,,,APPROVED AS NOTED,DONE,5,EIDG,59,
1298,Tuesday,07-10-25,31628,36,EL-HADDAD,PLATE LOAD,04-08-25,,,,Fill,V01-D,BHL-16,17.4,1,,,APPROVED AS NOTED,DONE,5,EIDG,64,
1299,Tuesday,07-10-25,31627,36,EL-HADDAD,PLATE LOAD,04-08-25,,,,Fill,V01-D,BHL-16,17.4,1,,,APPROVED AS NOTED,DONE,5,EIDG,64,
1300,Tuesday,07-10-25,31626,36,EL-HADDAD,PLATE LOAD,04-08-25,,,,Fill,V01-D,BHL-16,17.4,1,,,REVISE,DONE,5,EIDG,64,
1301,Tuesday,07-10-25,31625,36,EL-HADDAD,PLATE LOAD,04-08-25,,,,Fill,V01-D,BHL-16,17.4,1,,,APPROVED AS NOTED,DONE,5,EIDG,64,
1302,Tuesday,07-10-25,31624,36,Ahmed Saeed El-Shenawy,PLATE LOAD,06-08-25,,,,Fill,V01-D,BHL-3,19.4,1,,,REVISE,DONE,5,EIDG,62,
1303,Tuesday,07-10-25,31623,36,Ahmed Saeed El-Shenawy,PLATE LOAD,06-08-25,,,,Fill,V01-D,BHL-3,19.4,1,,,REVISE,DONE,5,EIDG,62,
1304,Tuesday,07-10-25,31622,36,MOKHTAR EL-SHENAWY,PLATE LOAD,06-08-25,,,,Fill,V01-D,V 51,19.7,1,,,APPROVED AS NOTED,DONE,5,EIDG,62,
1305,Tuesday,07-10-25,31621,36,MOKHTAR EL-SHENAWY,PLATE LOAD,06-08-25,,,,Fill,V01-D,BHL-9,19.4,1,,,APPROVED AS NOTED,DONE,5,EIDG,62,
1306,Tuesday,07-10-25,31620,36,Ahmed Saeed El-Shenawy,PLATE LOAD,05-08-25,,,,Fill,V01-D,BHL-2,19.4,1,,,APPROVED AS NOTED,DONE,5,EIDG,63,
1307,Tuesday,07-10-25,31619,36,Ahmed Saeed El-Shenawy,PLATE LOAD,05-08-25,,,,Fill,V01-D,BHL-2,19.4,1,,,APPROVED AS NOTED,DONE,5,EIDG,63,
1308,Tuesday,07-10-25,31618,36,Ahmed Saeed El-Shenawy,PLATE LOAD,05-08-25,,,,Fill,V01-D,BHL-3,19.4,1,,,REVISE,DONE,5,EIDG,63,
1309,Tuesday,07-10-25,31617,36,Ahmed Saeed El-Shenawy,PLATE LOAD,05-08-25,,,,Fill,V01-D,BHL-3,19.4,1,,,REVISE,DONE,5,EIDG,63,
1310,Tuesday,07-10-25,31616,36,Ahmed Saeed El-Shenawy,PLATE LOAD,05-08-25,,,,Fill,V01-D,BHL-3,19.4,1,,,REVISE,DONE,5,EIDG,63,
1311,Tuesday,07-10-25,31662,36,MOKHTAR EL-SHENAWY,PLATE LOAD,19-09-25,,,,Fill,V01-D,V 164,18.4,1,,,APPROVED AS NOTED,DONE,5,EIDG,18,
1312,Tuesday,07-10-25,31615,36,Etihadeya,PLATE LOAD,07-08-25,,,,Fill,V01-D,V 154,20.4,1,,,REVISE,DONE,5,EIDG,61,
1313,Tuesday,07-10-25,31642,36,Ahmed Saeed El-Shenawy,PLATE LOAD,03-08-25,,,,Fill,V01-D,V 22,18.8,1,,,REVISE,DONE,5,EIDG,65,
1314,Tuesday,07-10-25,31641,36,Ahmed Saeed El-Shenawy,PLATE LOAD,03-08-25,,,,Fill,V01-D,V (3-4),19.85,1,,,APPROVED AS NOTED,DONE,5,EIDG,65,
1315,Tuesday,07-10-25,31640,36,Ahmed Saeed El-Shenawy,PLATE LOAD,03-08-25,,,,Fill,V01-D,V (5-6),19.65,1,,,APPROVED AS NOTED,DONE,5,EIDG,65,
1316,Tuesday,07-10-25,31639,36,Ahmed Saeed El-Shenawy,PLATE LOAD,03-08-25,,,,Fill,V01-D,V 7,19.96,1,,,APPROVED AS NOTED,DONE,5,EIDG,65,
1317,Tuesday,07-10-25,31638,36,EL-DAWLIA,PLATE LOAD,03-08-25,,,,Fill,V01-D,BHL-14,17.9,1,,,APPROVED AS NOTED,DONE,5,EIDG,65,
1318,Tuesday,07-10-25,31637,36,EL-DAWLIA,PLATE LOAD,03-08-25,,,,Fill,V01-D,BHL-14,17.9,1,,,REVISE,DONE,5,EIDG,65,
1319,Tuesday,07-10-25,31636,36,EL-DAWLIA,PLATE LOAD,03-08-25,,,,Fill,V01-D,BHL-14,17.9,1,,,REVISE,DONE,5,EIDG,65,
1320,Tuesday,07-10-25,31635,36,EL-HADDAD,PLATE LOAD,03-08-25,,,,Fill,V01-D,BHL-16,17.4,1,,,REVISE,DONE,5,EIDG,65,
1321,Tuesday,07-10-25,31634,36,Ahmed Saeed El-Shenawy,PLATE LOAD,04-08-25,,,,Fill,V01-D,V 14,20.3,1,,,APPROVED AS NOTED,DONE,5,EIDG,64,
1322,Tuesday,07-10-25,31668,36,EL-HADDAD,PLATE LOAD,17-08-25,,,,Fill,V01-D,BHL-16,19.4,1,,,APPROVED AS NOTED,DONE,5,EIDG,51,
1323,Tuesday,07-10-25,31667,36,EL-HADDAD,PLATE LOAD,17-08-25,,,,Fill,V01-D,BHL-16,19.4,1,,,REVISE,DONE,5,EIDG,51,
1324,Tuesday,07-10-25,31666,36,EL-HADDAD,PLATE LOAD,17-08-25,,,,Fill,V01-D,BHL-16,19.4,1,,,APPROVED AS NOTED,DONE,5,EIDG,51,16+1
1325,Tuesday,07-10-25,31665,36,EL-HADDAD,PLATE LOAD,17-08-25,,,,Fill,V01-D,BHL-16,19.4,1,,,APPROVED AS NOTED,DONE,5,EIDG,51,
1326,Tuesday,07-10-25,31664,36,EL-HADDAD,PLATE LOAD,17-08-25,,,,Fill,V01-D,BHL-14,19.4,1,,,REVISE,DONE,5,EIDG,51,
1327,Tuesday,07-10-25,31663,36,EL-DAWLIA,PLATE LOAD,18-08-25,,,,Fill,V01-D,BHL-14,19.4,1,,,APPROVED AS NOTED,DONE,5,EIDG,50,
1328,Tuesday,07-10-25,31633,36,Ahmed Saeed El-Shenawy,PLATE LOAD,04-08-25,,,,Fill,V01-D,V (17-18),20.35,1,,,APPROVED AS NOTED,DONE,5,EIDG,64,
1329,Tuesday,07-10-25,31632,36,Ahmed Saeed El-Shenawy,PLATE LOAD,04-08-25,,,,Fill,V01-D,BHL-1,19.9,1,,,APPROVED AS NOTED,DONE,5,EIDG,64,
1330,Tuesday,07-10-25,31631,36,EL-DAWLIA,PLATE LOAD,04-08-25,,,,Fill,V01-D,BHL-14,17.9,1,,,REVISE,DONE,5,EIDG,64,
1331,Tuesday,07-10-25,31630,36,EL-DAWLIA,PLATE LOAD,04-08-25,,,,Fill,V01-D,BHL-14,17.9,1,,,APPROVED AS NOTED,DONE,5,EIDG,64,
1332,Tuesday,07-10-25,31629,36,EL-HADDAD,PLATE LOAD,04-08-25,,,,Fill,V01-D,BHL-16,17.4,1,,,REVISE,DONE,5,EIDG,64,
1333,Tuesday,07-10-25,31599,36,El-Batal,PLATE LOAD,31-07-25,,,,Fill,V01-D,V ( 86-87-88 ),20.32,1,,,APPROVED AS NOTED,DONE,5,EIDG,68,
1334,Tuesday,07-10-25,31596,36,El-Batal,PLATE LOAD,27-07-25,,,,Fill,V01-D,V ( 86-87-88 ),17.8,1,,,APPROVED AS NOTED,DONE,5,EIDG,72,
1335,Tuesday,07-10-25,31805,36,MOKHTAR EL-SHENAWY,SOIL,28-08-25,A-4,79.20%,,Bottom of excavation,V01-D,BH-28,,1,Sieve analysis,,APPROVED AS NOTED,DONE,2,EIDG,40,
1336,Tuesday,07-10-25,31806,36,MOKHTAR EL-SHENAWY,DPL,03-10-25,,,44.231,Bottom of excavation,V01-D,BH-28,LAYER -0,3,,,APPROVED AS NOTED,DONE,3,EIDG,4,
1337,Tuesday,07-10-25,31802,36,MOKHTAR EL-SHENAWY,SOIL,25-08-25,A-4,71.20%,,Bottom of excavation,V01-D,BH-25,,1,Sieve analysis,,APPROVED AS NOTED,DONE,2,EIDG,43,
1338,Tuesday,07-10-25,31801,36,MOKHTAR EL-SHENAWY,SOIL,25-08-25,A-4,72.80%,,Bottom of excavation,V01-D,BH-24,,1,Sieve analysis,,APPROVED AS NOTED,DONE,2,EIDG,43,
1339,Tuesday,07-10-25,31803,36,MOKHTAR EL-SHENAWY,SOIL,25-08-25,A-2-4,28.00%,,Bottom of excavation,V01-D,BH-26,,1,Sieve + Proctoer ,,APPROVED AS NOTED,DONE,3,EIDG,43,
1340,Tuesday,07-10-25,31804,36,MOKHTAR EL-SHENAWY,SOIL,03-09-25,A-4,59.00%,,Bottom of excavation,V01-D,BH-27,,1,Sieve analysis,,APPROVED AS NOTED,DONE,2,EIDG,34,
1341,Tuesday,07-10-25,31807,36,MOKHTAR EL-SHENAWY,SOIL,03-09-25,A-4,48.10%,,Bottom of excavation,V01-D,BH-29,,1,Sieve analysis,,APPROVED AS NOTED,DONE,2,EIDG,34,
1342,Tuesday,07-10-25,31808,36,MOKHTAR EL-SHENAWY,DPL,03-10-25,,,44.818,Bottom of excavation,V01-D,BH-29,LAYER -0,3,,,APPROVED AS NOTED,DONE,3,EIDG,4,
1343,Tuesday,07-10-25,31809,36,MOKHTAR EL-SHENAWY,SOIL,26-08-25,A-2-4,3.80%,,Bottom of excavation,V01-D,BH-30,,1,Sieve + Proctoer ,,APPROVED AS NOTED,DONE,3,EIDG,42,
1344,Tuesday,07-10-25,31810,36,MOKHTAR EL-SHENAWY,DPL,25-09-25,,,50.658,Fill,V01-D,BH-30,LAYER -16,2,,,APPROVED AS NOTED,DONE,3,EIDG,12,
1345,Tuesday,07-10-25,31811,36,MOKHTAR EL-SHENAWY,SOIL,20-08-25,A-4,58.00%,,Bottom of excavation,V01-D,BH-35,,1,Sieve analysis,,APPROVED AS NOTED,DONE,2,EIDG,48,
1346,Tuesday,07-10-25,31745,36,Ahmed Saeed El-Shenawy,SOIL,28-08-25,A-4,71.20%,,Bottom of excavation,V01-D,BH-24,,1,Sieve analysis,,APPROVED AS NOTED,DONE,2,EIDG,40,
1347,Tuesday,07-10-25,31747,36,Ahmed Saeed El-Shenawy,DPL,30-09-25,,,47.561,Fill,V01-D,BH-24,LAYER -5,2,,,APPROVED AS NOTED,DONE,3,EIDG,7,
1348,Tuesday,07-10-25,31746,36,Ahmed Saeed El-Shenawy,DPL,29-09-25,,,45.715,Fill,V01-D,BH-24,LAYER -4,2,,,APPROVED AS NOTED,DONE,3,EIDG,8,
1349,Tuesday,07-10-25,31737,36,Ahmed Saeed El-Shenawy,SOIL,26-08-25,A-4,94.00%,,Bottom of excavation,V01-D,BH-20,,1,Sieve analysis,,APPROVED AS NOTED,DONE,2,EIDG,42,
1350,Tuesday,07-10-25,31738,36,Ahmed Saeed El-Shenawy,DPL,28-09-25,,,43.277,Fill,V01-D,BH-20,LAYER -16,2,,,APPROVED AS NOTED,DONE,3,EIDG,9,
1351,Tuesday,07-10-25,31739,36,Ahmed Saeed El-Shenawy,SOIL,08-09-25,A-4,51.40%,,Bottom of excavation,V01-D,BH-21,,1,Sieve analysis,,APPROVED AS NOTED,DONE,2,EIDG,29,
1352,Tuesday,07-10-25,31740,36,Ahmed Saeed El-Shenawy,DPL,28-09-25,,,43.954,Fill,V01-D,BH-21,LAYER -18,2,,,APPROVED AS NOTED,DONE,3,EIDG,9,
1353,Tuesday,07-10-25,31731,36,Ahmed Saeed El-Shenawy,SOIL,26-08-25,A-4,94.00%,,Bottom of excavation,V01-D,BH-19,,1,Sieve analysis,,APPROVED AS NOTED,DONE,2,EIDG,42,
1354,Tuesday,07-10-25,31732,36,Ahmed Saeed El-Shenawy,DPL,25-09-25,,,46.634,Fill,V01-D,BH-19,LAYER -6,10,,,APPROVED AS NOTED,DONE,3,EIDG,12,
1355,Tuesday,07-10-25,31733,36,Ahmed Saeed El-Shenawy,DPL,26-09-25,,,48.808,Fill,V01-D,BH-19,LAYER -7,10,,,APPROVED AS NOTED,DONE,3,EIDG,11,
1356,Tuesday,07-10-25,31734,36,Ahmed Saeed El-Shenawy,DPL,27-09-25,,,51.136,Fill,V01-D,BH-19,LAYER -8,10,,,APPROVED AS NOTED,DONE,3,EIDG,10,
1357,Tuesday,07-10-25,31735,36,Ahmed Saeed El-Shenawy,DPL,28-09-25,,,49.768,Fill,V01-D,BH-19,LAYER -9,10,,,APPROVED AS NOTED,DONE,3,EIDG,9,
1358,Tuesday,07-10-25,31736,36,Ahmed Saeed El-Shenawy,DPL,30-09-25,,,52.706,Fill,V01-D,BH-19,LAYER -10,10,,,APPROVED AS NOTED,DONE,3,EIDG,7,
1359,Tuesday,07-10-25,31718,36,Ahmed Saeed El-Shenawy,SOIL,15-09-25,A-4,81.20%,,Bottom of excavation,V01-D,BH-18,,1,Sieve analysis,,APPROVED AS NOTED,DONE,2,EIDG,22,
1360,Tuesday,07-10-25,31730,36,Ahmed Saeed El-Shenawy,DPL,05-10-25,,,50.16,Fill,V01-D,BH-18,LAYER -18,2,,,APPROVED AS NOTED,DONE,3,EIDG,2,
1361,Tuesday,07-10-25,31729,36,Ahmed Saeed El-Shenawy,DPL,04-10-25,,,52.728,Fill,V01-D,BH-18,LAYER -17,2,,,APPROVED AS NOTED,DONE,3,EIDG,3,
1362,Tuesday,07-10-25,31728,36,Ahmed Saeed El-Shenawy,DPL,04-10-25,,,53.939,Fill,V01-D,BH-18,LAYER -16,2,,,APPROVED AS NOTED,DONE,3,EIDG,3,
1363,Tuesday,07-10-25,31727,36,Ahmed Saeed El-Shenawy,DPL,03-10-25,,,49.462,Fill,V01-D,BH-18,LAYER -15,2,,,APPROVED AS NOTED,DONE,3,EIDG,4,
1364,Tuesday,07-10-25,31726,36,Ahmed Saeed El-Shenawy,DPL,02-10-25,,,54.297,Fill,V01-D,BH-18,LAYER -14,2,,,APPROVED AS NOTED,DONE,3,EIDG,5,
1365,Tuesday,07-10-25,31725,36,Ahmed Saeed El-Shenawy,DPL,01-10-25,,,54.308,Fill,V01-D,BH-18,LAYER -13,2,,,APPROVED AS NOTED,DONE,3,EIDG,6,
1366,Tuesday,07-10-25,31724,36,Ahmed Saeed El-Shenawy,DPL,29-09-25,,,41.614,Fill,V01-D,BH-18,LAYER -11,2,,,APPROVED AS NOTED,DONE,3,EIDG,8,
1367,Tuesday,07-10-25,31723,36,Ahmed Saeed El-Shenawy,DPL,30-09-25,,,43.638,Fill,V01-D,BH-18,LAYER -12,2,,,APPROVED AS NOTED,DONE,3,EIDG,7,
1368,Tuesday,07-10-25,31722,36,Ahmed Saeed El-Shenawy,DPL,28-09-25,,,58.388,Fill,V01-D,BH-18,LAYER -10,2,,,APPROVED AS NOTED,DONE,3,EIDG,9,
1369,Tuesday,07-10-25,31721,36,Ahmed Saeed El-Shenawy,DPL,27-09-25,,,50.033,Fill,V01-D,BH-18,LAYER -9,2,,,APPROVED AS NOTED,DONE,3,EIDG,10,
1370,Tuesday,07-10-25,31720,36,Ahmed Saeed El-Shenawy,DPL,26-09-25,,,46.931,Fill,V01-D,BH-18,LAYER -8,2,,,APPROVED AS NOTED,DONE,3,EIDG,11,
1371,Tuesday,07-10-25,31719,36,Ahmed Saeed El-Shenawy,DPL,25-09-25,,,56.711,Fill,V01-D,BH-18,LAYER -7,2,,,APPROVED AS NOTED,DONE,3,EIDG,12,
1372,Saturday,11-10-25,31834,36,MOKHTAR EL-SHENAWY,DPL,09-10-25,,,45.813,Fill,V01-D,BHL-16,LAYER -14,4,,,APPROVED AS NOTED,DONE,3,EIDG,2,
1373,Saturday,11-10-25,31835,36,MOKHTAR EL-SHENAWY,DPL,09-10-25,,,48.694,Fill,V01-D,BHL-16,LAYER -15,6,,,APPROVED AS NOTED,DONE,3,EIDG,2,
1374,Saturday,11-10-25,31836,36,MOKHTAR EL-SHENAWY,DPL,10-10-25,,,45.68,Fill,V01-D,BHL-16,LAYER -16,5,,,APPROVED AS NOTED,DONE,3,EIDG,1,
1375,Saturday,11-10-25,31837,36,Ahmed Saeed El-Shenawy,PLATE LOAD,05-10-25,,,,Fill,V01-D,V (104-105),19.9,1,,,APPROVED AS NOTED,DONE,5,EIDG,6,
1376,Saturday,11-10-25,31838,36,Ahmed Saeed El-Shenawy,PLATE LOAD,05-10-25,,,,Fill,V01-D,V 110,19.85,1,,,APPROVED AS NOTED,DONE,5,EIDG,6,
1377,Saturday,11-10-25,31839,36,Ahmed Saeed El-Shenawy,PLATE LOAD,06-10-25,,,,Fill,V01-D,BHL-11,19.4,1,,,APPROVED AS NOTED,DONE,5,EIDG,5,
1378,Saturday,11-10-25,31840,36,Ahmed Saeed El-Shenawy,PLATE LOAD,06-10-25,,,,Fill,V01-D,BH-16,19.4,1,,,APPROVED AS NOTED,DONE,5,EIDG,5,
1379,Saturday,11-10-25,31841,36,Ahmed Saeed El-Shenawy,PLATE LOAD,06-10-25,,,,Fill,V01-D,BH-19,19.4,1,,,APPROVED AS NOTED,DONE,5,EIDG,5,
1380,Saturday,11-10-25,31842,36,Ahmed Saeed El-Shenawy,PLATE LOAD,06-10-25,,,,Fill,V01-D,BH-24,19.4,1,,,APPROVED AS NOTED,DONE,5,EIDG,5,
1381,Saturday,11-10-25,31843,36,Ahmed Saeed El-Shenawy,PLATE LOAD,06-10-25,,,,Fill,V01-D,V 121,19.95,1,,,APPROVED AS NOTED,DONE,5,EIDG,5,
1382,Saturday,11-10-25,31844,36,MOKHTAR EL-SHENAWY,PLATE LOAD,06-10-25,,,,Fill,V01-D,BHL-16,17.4,1,,,APPROVED AS NOTED,DONE,5,EIDG,5,
1383,Saturday,11-10-25,31845,36,Ahmed Saeed El-Shenawy,PLATE LOAD,07-10-25,,,,Fill,V01-D,BH-19,19.4,1,,,APPROVED AS NOTED,DONE,5,EIDG,4,
1384,Saturday,11-10-25,31846,36,Ahmed Saeed El-Shenawy,PLATE LOAD,07-10-25,,,,Fill,V01-D,BHL-15,19.9,1,,,APPROVED AS NOTED,DONE,5,EIDG,4,
1385,Saturday,11-10-25,31847,36,MOKHTAR EL-SHENAWY,PLATE LOAD,07-10-25,,,,Fill,V01-D,BHL-16,17.4,1,,,APPROVED AS NOTED,DONE,5,EIDG,4,
1386,Saturday,11-10-25,31848,36,MOKHTAR EL-SHENAWY,PLATE LOAD,07-10-25,,,,Fill,V01-D,BHL-16,17.4,1,,,APPROVED AS NOTED,DONE,5,EIDG,4,
1387,Sunday,12-10-25,31866,36,EL-HADDAD,SOIL,06-08-25,A-2-4,11.40%,,Stockpile,V01-D,,,1,Sieve + Proctoer ,,APPROVED AS NOTED,DONE,3,EIDG,67,
1388,Sunday,12-10-25,31865,36,EL-HADDAD,SOIL,14-08-25,A-2-4,15.40%,,Stockpile,V01-D,,,1,Sieve + Proctoer ,,APPROVED AS NOTED,DONE,3,EIDG,59,
1389,Sunday,12-10-25,31864,36,EL-HADDAD,SOIL,31-07-25,A-2-4,14.20%,,Stockpile,V01-D,,,1,Sieve + Proctoer ,,APPROVED AS NOTED,DONE,3,EIDG,73,
1390,Sunday,12-10-25,31861,36,EL-HADDAD,SOIL,20-07-25,A-2-4,13.90%,,Stockpile,V01-D,,,1,Sieve + Proctoer ,,APPROVED AS NOTED,DONE,3,EIDG,84,
1391,Sunday,12-10-25,31860,36,El-Batal,SOIL,06-08-25,A-2-4,14.70%,,Stockpile,V01-D,,,1,Sieve + Proctoer ,,APPROVED AS NOTED,DONE,3,EIDG,67,
1392,Sunday,12-10-25,31859,36,El-Batal,SOIL,06-08-25,A-2-4,16.40%,,Stockpile,V01-D,,,1,Sieve + Proctoer ,,APPROVED AS NOTED,DONE,3,EIDG,67,
1393,Sunday,12-10-25,31858,36,El-Batal,SOIL,06-08-25,A-2-4,15.80%,,Stockpile,V01-D,,,1,Sieve + Proctoer ,,APPROVED AS NOTED,DONE,3,EIDG,67,
1394,Sunday,12-10-25,31857,36,El-Batal,SOIL,05-08-25,A-2-4,14.60%,,Stockpile,V01-D,,,1,Sieve + Proctoer ,,APPROVED AS NOTED,DONE,3,EIDG,68,
1395,Sunday,12-10-25,31856,36,El-Batal,SOIL,25-07-25,A-2-4,15.60%,,Stockpile,V01-D,,,1,Sieve + Proctoer ,,APPROVED AS NOTED,DONE,3,EIDG,79,
1396,Sunday,12-10-25,31855,36,El-Batal,SOIL,20-07-25,A-2-4,16.50%,,Stockpile,V01-D,,,1,Sieve + Proctoer ,,APPROVED AS NOTED,DONE,3,EIDG,84,
1397,Sunday,12-10-25,31850,36,Etihadeya,SOIL,15-07-25,A-2-4,15.30%,,Stockpile,V01-D,,,1,Sieve + Proctoer ,,APPROVED AS NOTED,DONE,3,EIDG,89,
1398,Sunday,12-10-25,31851,36,Etihadeya,SOIL,20-07-25,A-2-4,13.80%,,Stockpile,V01-D,,,1,Sieve + Proctoer ,,APPROVED AS NOTED,DONE,3,EIDG,84,
1399,Sunday,12-10-25,31852,36,Etihadeya,SOIL,30-07-25,A-2-4,16.40%,,Stockpile,V01-D,,,1,Sieve + Proctoer ,,APPROVED AS NOTED,DONE,3,EIDG,74,
1400,Sunday,12-10-25,31853,36,Etihadeya,SOIL,31-07-25,A-2-4,14.90%,,Stockpile,V01-D,,,1,Sieve + Proctoer ,,APPROVED AS NOTED,DONE,3,EIDG,73,
1401,Sunday,12-10-25,31854,36,Etihadeya,SOIL,03-08-25,A-2-4,10.50%,,Stockpile,V01-D,,,1,Sieve + Proctoer ,,APPROVED AS NOTED,DONE,3,EIDG,70,
1402,Sunday,12-10-25,31863,36,EL-HADDAD,SOIL,27-07-25,A-1-B,11.70%,,Stockpile,V01-D,,,1,Sieve + Proctoer ,,APPROVED AS NOTED,DONE,3,EIDG,77,
1403,Sunday,12-10-25,31862,36,EL-HADDAD,SOIL,21-07-25,A-1-B,16.20%,,Stockpile,V01-D,,,1,Sieve + Proctoer ,,APPROVED AS NOTED,DONE,3,EIDG,83,
1404,Sunday,12-10-25,31867,36,EL-HADDAD,SOIL,09-08-25,A-2-4,15.10%,,Stockpile,V01-D,,,1,Sieve + Proctoer ,,APPROVED AS NOTED,DONE,3,EIDG,64,
1405,Sunday,12-10-25,31868,36,EL-DAWLIA,SOIL,23-07-25,A-1-B,13.90%,,Stockpile,V01-D,,,1,Sieve + Proctoer ,,APPROVED AS NOTED,DONE,3,EIDG,81,
1406,Sunday,12-10-25,31869,36,EL-DAWLIA,SOIL,29-07-25,A-1-B,13.60%,,Stockpile,V01-D,,,1,Sieve + Proctoer ,,APPROVED AS NOTED,DONE,3,EIDG,75,
1407,Sunday,12-10-25,31870,36,EL-DAWLIA,SOIL,06-08-25,A-1-B,16.00%,,Stockpile,V01-D,,,1,Sieve + Proctoer ,,APPROVED AS NOTED,DONE,3,EIDG,67,
1408,Sunday,12-10-25,31871,36,SELME EID ,SOIL,12-07-25,A-2-4,16.30%,,Stockpile,V01-D,,,1,Sieve + Proctoer ,,APPROVED AS NOTED,DONE,3,EIDG,92,
1409,Sunday,12-10-25,31872,36,SELME EID ,SOIL,22-07-25,A-1-B,13.00%,,Stockpile,V01-D,,,1,Sieve + Proctoer ,,APPROVED AS NOTED,DONE,3,EIDG,82,
1410,Sunday,12-10-25,31873,36,SELME EID ,SOIL,03-07-25,A-2-4,16.10%,,Stockpile,V01-D,,,1,Sieve + Proctoer ,,APPROVED AS NOTED,DONE,3,EIDG,101,
1411,Sunday,12-10-25,31874,36,MOHAMED ABDELWAHAB,SOIL,11-07-25,A-2-4,16.20%,,Stockpile,V01-D,,,1,Sieve + Proctoer ,,APPROVED AS NOTED,DONE,3,EIDG,93,
1412,Sunday,12-10-25,31875,36,MOHAMED ABDELWAHAB,SOIL,19-07-25,A-2-4,16.00%,,Stockpile,V01-D,,,1,Sieve + Proctoer ,,APPROVED AS NOTED,DONE,3,EIDG,85,
1413,Wednesday,08-10-25,31833,36,MOKHTAR EL-SHENAWY,DPL,08-10-25,,,48.426,Fill,V01-D,BHL-16,LAYER -13,5,,,APPROVED AS NOTED,DONE,3,EIDG,0,
1414,Wednesday,08-10-25,31832,36,MOKHTAR EL-SHENAWY,DPL,08-10-25,,,50.73,Fill,V01-D,BHL-16,LAYER -12,4,,,APPROVED AS NOTED,DONE,3,EIDG,0,
1415,Wednesday,08-10-25,31831,36,MOKHTAR EL-SHENAWY,DPL,08-10-25,,,53.881,Fill,V01-D,BHL-16,LAYER -11,4,,,APPROVED AS NOTED,DONE,3,EIDG,0,
1416,Saturday,11-10-25,31850,36,Ahmed Saeed El-Shenawy,PLATE LOAD,11-10-25,,,,Fill,V01-D,ROAD 10 ( 0+740 : 00+820 ) LEFT,-4.5,1,,,APPROVED AS NOTED,DONE,5,EIDG,0,
1417,Saturday,11-10-25,31849,36,Ahmed Saeed El-Shenawy,PLATE LOAD,11-10-25,,,,Fill,V01-D,ROAD 10 ( 0+740 : 00+820 ) RIGHT,-4.5,1,,,REVISE,DONE,5,EIDG,0,
1418,Sunday,27-07-25,16207,36,SELME EID ,PLATE LOAD,18-07-25,,,,Fill,V01-D,V 151,18.6,1,,,APPROVED AS NOTED,DONE,5,EIDG,9,
1419,Sunday,27-07-25,16206,36,SELME EID ,PLATE LOAD,18-07-25,,,,Fill,V01-D,V 153,18.6,1,,,APPROVED AS NOTED,DONE,5,EIDG,9,
1420,Sunday,27-07-25,16203,36,MOHAMED ABDELWAHAB,PLATE LOAD,17-07-25,,,,Fill,V01-D,V 146,20.6,1,,,REVISE,DONE,5,EIDG,10,
1421,Sunday,27-07-25,16202,36,MOHAMED ABDELWAHAB,PLATE LOAD,17-07-25,,,,Fill,V01-D,V 143,20.45,1,,,APPROVED AS NOTED,DONE,5,EIDG,10,
1422,Sunday,27-07-25,16201,36,MOHAMED ABDELWAHAB,PLATE LOAD,17-07-25,,,,Fill,V01-D,V 140,18.7,1,,,APPROVED AS NOTED,DONE,5,EIDG,10,
1423,Sunday,27-07-25,16223,36,SELME EID ,PLATE LOAD,13-07-25,,,,Fill,V01-D,V 152,16.81,1,,,APPROVED AS NOTED,DONE,5,EIDG,14,
1424,Sunday,27-07-25,16228,36,MOHAMED ABDELWAHAB,PLATE LOAD,15-07-25,,,,Fill,V01-D,V 149,20.6,1,,,APPROVED AS NOTED,DONE,5,EIDG,12,
1425,Sunday,27-07-25,16227,36,MOHAMED ABDELWAHAB,PLATE LOAD,15-07-25,,,,Fill,V01-D,V 148,20.6,1,,,APPROVED AS NOTED,DONE,5,EIDG,12,
1426,Sunday,27-07-25,16226,36,MOHAMED ABDELWAHAB,PLATE LOAD,15-07-25,,,,Fill,V01-D,V 147,20.55,1,,,APPROVED AS NOTED,DONE,5,EIDG,12,
1427,Monday,28-07-25,16325,36,Ahmed Saeed El-Shenawy,PLATE LOAD,02-07-25,,,,Fill,V01-D,V (10-11),19.89,1,,,APPROVED AS NOTED,DONE,5,EIDG,26,
1428,Monday,28-07-25,16328,36,Ahmed Saeed El-Shenawy,PLATE LOAD,02-07-25,,,,Fill,V01-D,V 18,19.82,1,,,APPROVED AS NOTED,DONE,5,EIDG,26,
1429,Monday,28-07-25,16159,36,MOKHTAR EL-SHENAWY,PLATE LOAD,19-07-25,,,,Fill,V01-D,V 80,18,1,,,APPROVED AS NOTED,DONE,5,EIDG,9,
1430,Tuesday,26-08-25,16680,36,Ahmed Saeed El-Shenawy,PLATE LOAD,04-08-25,,,,Fill,V01-D,V (8-9),20.15,1,,,APPROVED AS NOTED,DONE,6,CEDC,22,
1431,Sunday,12-10-25,31918,36,MOKHTAR EL-SHENAWY,PLATE LOAD,15-09-25,,,,Fill,V01-D,V 165,17.65,1,,,APPROVED AS NOTED,DONE,6,CEDC,27,
1432,Sunday,12-10-25,31917,36,MOKHTAR EL-SHENAWY,PLATE LOAD,12-09-25,,,,Fill,V01-D,BH-25,18.75,1,,,APPROVED AS NOTED,DONE,6,CEDC,30,
1433,Sunday,12-10-25,31916,36,MOKHTAR EL-SHENAWY,PLATE LOAD,11-09-25,,,,Fill,V01-D,BH-25,18.75,1,,,APPROVED AS NOTED,DONE,6,CEDC,31,
1434,Sunday,12-10-25,31915,36,MOKHTAR EL-SHENAWY,PLATE LOAD,10-09-25,,,,Fill,V01-D,V 166,16.55,1,,,APPROVED AS NOTED,DONE,6,CEDC,32,
1435,Sunday,12-10-25,31914,36,MOKHTAR EL-SHENAWY,PLATE LOAD,08-09-25,,,,Fill,V01-D,V (126-127),19.4,1,,,APPROVED AS NOTED,DONE,6,CEDC,34,
1436,Sunday,12-10-25,31913,36,MOKHTAR EL-SHENAWY,PLATE LOAD,08-09-25,,,,Fill,V01-D,BH-28,19,1,,,APPROVED AS NOTED,DONE,6,CEDC,34,
1437,Sunday,12-10-25,31912,36,MOKHTAR EL-SHENAWY,PLATE LOAD,06-09-25,,,,Fill,V01-D,BH-30,18,1,,,APPROVED AS NOTED,DONE,6,CEDC,36,
1438,Sunday,12-10-25,31911,36,MOKHTAR EL-SHENAWY,PLATE LOAD,07-09-25,,,,Fill,V01-D,BH-26,17.5,1,,,APPROVED AS NOTED,DONE,6,CEDC,35,
1439,Sunday,12-10-25,31909,36,MOKHTAR EL-SHENAWY,PLATE LOAD,01-09-25,,,,Fill,V01-D,BH-26,16.25,1,,,APPROVED AS NOTED,DONE,6,CEDC,41,
1440,Sunday,12-10-25,31910,36,MOKHTAR EL-SHENAWY,PLATE LOAD,06-09-25,,,,Fill,V01-D,BH-26,17.5,1,,,APPROVED AS NOTED,DONE,6,CEDC,36,
1441,Sunday,12-10-25,31908,36,MOKHTAR EL-SHENAWY,PLATE LOAD,29-08-25,,,,Bottom of excavation,V01-D,BHL-12,16.9,1,,,APPROVED AS NOTED,DONE,6,CEDC,44,
1442,Sunday,12-10-25,31907,36,MOKHTAR EL-SHENAWY,PLATE LOAD,27-08-25,,,,Fill,V01-D,V (126-127),16.9,1,,,APPROVED AS NOTED,DONE,6,CEDC,46,
1443,Sunday,12-10-25,31906,36,MOKHTAR EL-SHENAWY,PLATE LOAD,25-08-25,,,,Fill,V01-D,V 177,19.7,1,,,APPROVED AS NOTED,DONE,6,CEDC,48,
1444,Sunday,12-10-25,31904,36,MOKHTAR EL-SHENAWY,PLATE LOAD,18-08-25,,,,Fill,V01-D,V 177,18.3,1,,,APPROVED AS NOTED,DONE,6,CEDC,55,
1445,Sunday,12-10-25,31905,36,MOKHTAR EL-SHENAWY,PLATE LOAD,30-09-25,,,,Fill,V01-D,V (128-129),19.9,1,,,APPROVED AS NOTED,DONE,6,CEDC,12,
1446,Sunday,12-10-25,31903,36,MOKHTAR EL-SHENAWY,PLATE LOAD,06-09-25,,,,Fill,V01-D,BH-30,18,1,,,REVISE,DONE,6,CEDC,36,
1447,Sunday,12-10-25,31902,36,Ahmed Saeed El-Shenawy,PLATE LOAD,06-10-25,,,,Fill,V01-D,BH-22,19.4,1,,,APPROVED AS NOTED,DONE,3,BONYAN MISR,6,
1448,Sunday,12-10-25,31896,36,Ahmed Saeed El-Shenawy,PLATE LOAD,31-08-25,,,,Fill,V01-D,BHL-11,15.9,1,,,APPROVED AS NOTED,DONE,6,CEDC,42,
1449,Sunday,12-10-25,31895,36,Ahmed Saeed El-Shenawy,PLATE LOAD,03-09-25,,,,Fill,V01-D,V (104-105),16.65,1,,,APPROVED AS NOTED,DONE,6,CEDC,39,
1450,Sunday,12-10-25,31894,36,Ahmed Saeed El-Shenawy,PLATE LOAD,03-09-25,,,,Fill,V01-D,V (106-107),16.65,1,,,APPROVED AS NOTED,DONE,6,CEDC,39,
1451,Sunday,12-10-25,31893,36,Ahmed Saeed El-Shenawy,PLATE LOAD,09-09-25,,,,Fill,V01-D,V 110,16.75,1,,,APPROVED AS NOTED,DONE,6,CEDC,33,
1452,Sunday,12-10-25,31892,36,Ahmed Saeed El-Shenawy,PLATE LOAD,14-09-25,,,,Fill,V01-D,BH-21,17.5,1,,,APPROVED AS NOTED,DONE,6,CEDC,28,
1453,Sunday,12-10-25,31890,36,Ahmed Saeed El-Shenawy,PLATE LOAD,17-09-25,,,,Fill,V01-D,V (108-109),18.55,1,,,APPROVED AS NOTED,DONE,6,CEDC,25,
1454,Sunday,12-10-25,31889,36,Ahmed Saeed El-Shenawy,PLATE LOAD,17-09-25,,,,Fill,V01-D,BHL-11,18.4,1,,,APPROVED AS NOTED,DONE,6,CEDC,25,
1455,Sunday,12-10-25,31888,36,Ahmed Saeed El-Shenawy,PLATE LOAD,18-09-25,,,,Bottom of excavation,V01-D,BH-18,18.55,1,,,APPROVED AS NOTED,DONE,6,CEDC,24,
1456,Sunday,12-10-25,31887,36,Ahmed Saeed El-Shenawy,PLATE LOAD,20-09-25,,,,Bottom of excavation,V01-D,BH-22,18.7,1,,,REVISE,DONE,6,CEDC,22,
1457,Sunday,12-10-25,31886,36,Ahmed Saeed El-Shenawy,PLATE LOAD,20-09-25,,,,Fill,V01-D,V (106-107),19.15,1,,,APPROVED AS NOTED,DONE,6,CEDC,22,
1458,Sunday,12-10-25,31885,36,Ahmed Saeed El-Shenawy,PLATE LOAD,20-09-25,,,,Fill,V01-D,V (101-102),19.15,1,,,APPROVED AS NOTED,DONE,6,CEDC,22,
1459,Sunday,12-10-25,31844,36,Ahmed Saeed El-Shenawy,PLATE LOAD,28-09-25,,,,Fill,V01-D,BH-18,17.5,1,,,APPROVED AS NOTED,DONE,6,CEDC,14,
1460,Sunday,12-10-25,31926,36,MOKHTAR EL-SHENAWY,PLATE LOAD,04-10-25,,,,Fill,V01-D,V (170-171),20,1,,,APPROVED AS NOTED,DONE,6,CEDC,8,
1461,Sunday,12-10-25,31881,36,MOKHTAR EL-SHENAWY,PLATE LOAD,03-09-25,,,,Fill,V01-D,V (101-102-103),16.65,1,,,APPROVED AS NOTED,DONE,6,CEDC,39,
1462,Sunday,12-10-25,31882,36,Ahmed Saeed El-Shenawy,PLATE LOAD,05-10-25,,,,Fill,V01-D,V (102-103),19.8,1,,,APPROVED AS NOTED,DONE,6,CEDC,7,
1463,Sunday,12-10-25,31883,36,Ahmed Saeed El-Shenawy,PLATE LOAD,05-10-25,,,,Fill,V01-D,V (106-107),19.9,1,,,APPROVED AS NOTED,DONE,6,CEDC,7,
1464,Sunday,12-10-25,31880,36,Ahmed Saeed El-Shenawy,PLATE LOAD,06-10-25,,,,Fill,V01-D,BH-23-25,19.4,1,,,APPROVED AS NOTED,DONE,3,BONYAN MISR,6,
1465,Sunday,12-10-25,31879,36,Ahmed Saeed El-Shenawy,PLATE LOAD,28-09-25,,,,Fill,V01-D,BH-18,17.5,1,,,APPROVED AS NOTED,DONE,6,CEDC,14,
1466,Sunday,12-10-25,31901,36,Ahmed Saeed El-Shenawy,PLATE LOAD,06-10-25,,,,Fill,V01-D,BH-20-21,19.4,1,,,APPROVED AS NOTED,DONE,3,BONYAN MISR,6,
1467,Sunday,12-10-25,31900,36,Ahmed Saeed El-Shenawy,PLATE LOAD,06-10-25,,,,Fill,V01-D,BH-19,19.4,1,,,APPROVED AS NOTED,DONE,3,BONYAN MISR,6,
1468,Sunday,12-10-25,31899,36,Ahmed Saeed El-Shenawy,PLATE LOAD,05-10-25,,,,Fill,V01-D,V 101,20,1,,,APPROVED AS NOTED,DONE,3,BONYAN MISR,7,
1469,Sunday,12-10-25,31925,36,MOKHTAR EL-SHENAWY,PLATE LOAD,04-10-25,,,,Fill,V01-D,BH-29-30,19.4,1,,,APPROVED AS NOTED,DONE,6,CEDC,8,
1470,Sunday,12-10-25,31924,36,MOKHTAR EL-SHENAWY,PLATE LOAD,04-10-25,,,,Fill,V01-D,BH-28,19.4,1,,,APPROVED AS NOTED,DONE,6,CEDC,8,
1471,Sunday,12-10-25,31923,36,MOKHTAR EL-SHENAWY,PLATE LOAD,27-09-25,,,,Fill,V01-D,V (124-125),19.9,1,,,APPROVED AS NOTED,DONE,6,CEDC,15,
1472,Sunday,12-10-25,31922,36,MOKHTAR EL-SHENAWY,PLATE LOAD,27-09-25,,,,Fill,V01-D,V (126-127),19.9,1,,,APPROVED AS NOTED,DONE,6,CEDC,15,
1473,Sunday,12-10-25,31921,36,MOKHTAR EL-SHENAWY,PLATE LOAD,27-09-25,,,,Fill,V01-D,V (122-123),19.85,1,,,APPROVED AS NOTED,DONE,6,CEDC,15,
1474,Sunday,12-10-25,31920,36,MOKHTAR EL-SHENAWY,PLATE LOAD,17-09-25,,,,Fill,V01-D,V 167,18.05,1,,,APPROVED AS NOTED,DONE,6,CEDC,25,
1475,Sunday,12-10-25,31898,36,Ahmed Saeed El-Shenawy,PLATE LOAD,05-10-25,,,,Fill,V01-D,V (108-109),19.85,1,,,APPROVED AS NOTED,DONE,3,BONYAN MISR,7,
1476,Sunday,12-10-25,31897,36,Ahmed Saeed El-Shenawy,PLATE LOAD,06-10-25,,,,Fill,V01-D,BH-27,19.4,1,,,APPROVED AS NOTED,DONE,3,BONYAN MISR,6,
1477,Sunday,12-10-25,31878,36,Ahmed Saeed El-Shenawy,PLATE LOAD,10-09-25,,,,Fill,V01-D,V 110,16.75,1,,,APPROVED AS NOTED,DONE,6,CEDC,32,
1478,Sunday,12-10-25,31877,36,Ahmed Saeed El-Shenawy,PLATE LOAD,05-10-25,,,,Fill,V01-D,V (108-109),19.85,1,,,REVISE,DONE,3,BONYAN MISR,7,
1479,Sunday,12-10-25,31876,36,Ahmed Saeed El-Shenawy,PLATE LOAD,06-10-25,,,,Fill,V01-D,BH-19,19.4,1,,,REVISE,DONE,3,BONYAN MISR,6,
1480,Sunday,12-10-25,31942,36,Ahmed Saeed El-Shenawy,PLATE LOAD,12-10-25,,,,Fill,V01-D,ROAD 10 ( 0+740 : 00+820 ) RIGHT,-4.5,1,,,APPROVED AS NOTED,DONE,5,EIDG,0,
1481,Sunday,12-10-25,31941,36,MOKHTAR EL-SHENAWY,PLATE LOAD,12-10-25,,,,Fill,V01-D,BHL-16,19.4,1,,,APPROVED AS NOTED,DONE,5,EIDG,0,
1482,Sunday,12-10-25,31936,36,MOKHTAR EL-SHENAWY,PLATE LOAD,29-09-25,,,,Fill,V01-D,BH-24-25,19.4,1,,,APPROVED AS NOTED,DONE,6,CEDC,13,
1483,Sunday,12-10-25,31935,36,MOKHTAR EL-SHENAWY,PLATE LOAD,29-09-25,,,,Fill,V01-D,BH-26-27,19.4,1,,,APPROVED AS NOTED,DONE,6,CEDC,13,
1484,Sunday,12-10-25,31934,36,MOKHTAR EL-SHENAWY,PLATE LOAD,29-09-25,,,,Fill,V01-D,BH-12,19.4,1,,,REVISE,DONE,6,CEDC,13,
1485,Sunday,12-10-25,31933,36,MOKHTAR EL-SHENAWY,PLATE LOAD,30-09-25,,,,Fill,V01-D,BH-12,19.4,1,,,APPROVED AS NOTED,DONE,6,CEDC,12,
1486,Sunday,12-10-25,31932,36,MOKHTAR EL-SHENAWY,PLATE LOAD,30-09-25,,,,Fill,V01-D,V (130-131),19.95,1,,,APPROVED AS NOTED,DONE,6,CEDC,12,
1487,Sunday,12-10-25,31931,36,MOKHTAR EL-SHENAWY,PLATE LOAD,25-08-25,,,,Fill,V01-D,BHL-35,19.4,1,,,APPROVED AS NOTED,DONE,6,CEDC,48,
1488,Sunday,12-10-25,31930,36,MOKHTAR EL-SHENAWY,PLATE LOAD,02-10-25,,,,Fill,V01-D,V 163,19.95,1,,,APPROVED AS NOTED,DONE,6,CEDC,10,
1489,Sunday,12-10-25,31929,36,MOKHTAR EL-SHENAWY,PLATE LOAD,02-10-25,,,,Fill,V01-D,V (164-165),19.86,1,,,APPROVED AS NOTED,DONE,6,CEDC,10,
1490,Sunday,12-10-25,31928,36,MOKHTAR EL-SHENAWY,PLATE LOAD,22-08-25,,,,Bottom of excavation,V01-D,BHL-12,16.9,1,,,APPROVED AS NOTED,DONE,6,CEDC,51,
1491,Sunday,12-10-25,31927,36,MOKHTAR EL-SHENAWY,PLATE LOAD,05-10-25,,,,Fill,V01-D,BHL-16,17.4,1,,,APPROVED AS NOTED,DONE,6,CEDC,7,
1492,Sunday,12-10-25,31937,36,MOKHTAR EL-SHENAWY,DPL,12-10-25,,,49.122,Fill,V01-D,ROAD 10 ( 01+140 : 01+200 ) RIGHT AND LEFT,-3.5,5,,,APPROVED AS NOTED,DONE,3,EIDG,0,
1493,Sunday,12-10-25,31938,36,MOKHTAR EL-SHENAWY,DPL,12-10-25,,,48.41,Fill,V01-D,ROAD 10 ( 01+200 : 01+240 ) RIGHT AND LEFT,-3.5,5,,,APPROVED AS NOTED,DONE,3,EIDG,0,
1494,Sunday,12-10-25,31919,36,MOKHTAR EL-SHENAWY,PLATE LOAD,16-09-25,,,,Fill,V01-D,BHL-15,17.8,1,,,APPROVED AS NOTED,DONE,6,CEDC,26,
1495,Sunday,12-10-25,31891,36,MOKHTAR EL-SHENAWY,PLATE LOAD,16-09-25,,,,Fill,V01-D,BH-25,17,1,,,APPROVED AS NOTED,DONE,6,CEDC,26,
1496,Sunday,12-10-25,31943,36,MOKHTAR EL-SHENAWY,DPL,12-10-25,,,42.54,Fill,V01-D,ROAD 10 ( 00+880 : 01+020 ) LEFT,-4,17,,,APPROVED AS NOTED,DONE,3,EIDG,0,
1497,Sunday,12-10-25,31940,36,MOKHTAR EL-SHENAWY,DPL,11-10-25,,,46.96,Fill,V01-D,BHL-16,LAYER -18,4,,,APPROVED AS NOTED,DONE,3,EIDG,1,
1498,Sunday,12-10-25,31939,36,MOKHTAR EL-SHENAWY,DPL,11-10-25,,,45.911,Fill,V01-D,BHL-16,LAYER -17,5,,,APPROVED AS NOTED,DONE,3,EIDG,1,
1499,Monday,13-10-25,31944,36,Ahmed Saeed El-Shenawy,SOIL,02-09-25,A-1-B,11.30%,,Stockpile,V01-D,,,1,Sieve + Proctoer ,,APPROVED AS NOTED,DONE,3,EIDG,41,
1500,Monday,13-10-25,31945,36,Ahmed Saeed El-Shenawy,SOIL,06-09-25,A-1-B,21.00%,,Stockpile,V01-D,,,1,Sieve + Proctoer ,,REVISE,DONE,3,EIDG,37,
1501,Monday,13-10-25,31946,36,Ahmed Saeed El-Shenawy,SOIL,09-09-25,A-1-B,16.30%,,Stockpile,V01-D,,,1,Sieve + Proctoer ,,APPROVED AS NOTED,DONE,3,EIDG,34,
1502,Monday,13-10-25,31947,36,Ahmed Saeed El-Shenawy,SOIL,12-09-25,A-2-4,15.80%,,Stockpile,V01-D,,,1,Sieve + Proctoer ,,APPROVED AS NOTED,DONE,3,EIDG,31,
1503,Monday,13-10-25,31948,36,Ahmed Saeed El-Shenawy,SOIL,14-09-25,A-2-4,15.80%,,Stockpile,V01-D,,,1,Sieve + Proctoer ,,APPROVED AS NOTED,DONE,3,EIDG,29,
1504,Monday,13-10-25,31949,36,Ahmed Saeed El-Shenawy,SOIL,16-09-25,A-1-B,14.70%,,Stockpile,V01-D,,,1,Sieve + Proctoer ,,APPROVED AS NOTED,DONE,3,EIDG,27,
1505,Monday,13-10-25,31950,36,Ahmed Saeed El-Shenawy,SOIL,19-09-25,A-2-4,14.00%,,Stockpile,V01-D,,,1,Sieve + Proctoer ,,APPROVED AS NOTED,DONE,3,EIDG,24,
1506,Monday,13-10-25,31951,36,Ahmed Saeed El-Shenawy,SOIL,22-09-25,A-1-B,14.80%,,Stockpile,V01-D,,,1,Sieve + Proctoer ,,APPROVED AS NOTED,DONE,3,EIDG,21,
1507,Monday,13-10-25,31952,36,Ahmed Saeed El-Shenawy,SOIL,15-09-25,A-2-4,13.50%,,Stockpile,V01-D,,,1,Sieve + Proctoer ,,APPROVED AS NOTED,DONE,3,EIDG,28,
1508,Monday,13-10-25,31953,36,Ahmed Saeed El-Shenawy,SOIL,20-09-25,A-2-4,12.00%,,Stockpile,V01-D,,,1,Sieve + Proctoer ,,APPROVED AS NOTED,DONE,3,EIDG,23,
1509,Monday,13-10-25,31954,36,Ahmed Saeed El-Shenawy,SOIL,07-07-25,A-2-4,12.00%,,Stockpile,V01-D,,,1,Sieve + Proctoer ,,APPROVED AS NOTED,DONE,3,EIDG,98,
1510,Monday,13-10-25,31955,36,Ahmed Saeed El-Shenawy,SOIL,13-07-25,A-2-4,14.70%,,Stockpile,V01-D,,,1,Sieve + Proctoer ,,APPROVED AS NOTED,DONE,3,EIDG,92,
1511,Monday,13-10-25,31956,36,Ahmed Saeed El-Shenawy,SOIL,20-07-25,A-2-4,12.60%,,Stockpile,V01-D,,,1,Sieve + Proctoer ,,APPROVED AS NOTED,DONE,3,EIDG,85,
1512,Monday,13-10-25,31957,36,Ahmed Saeed El-Shenawy,SOIL,23-07-25,A-1-B,14.80%,,Stockpile,V01-D,,,1,Sieve + Proctoer ,,APPROVED AS NOTED,DONE,3,EIDG,82,
1513,Monday,13-10-25,31958,36,Ahmed Saeed El-Shenawy,SOIL,24-07-25,A-2-4,15.40%,,Stockpile,V01-D,,,1,Sieve + Proctoer ,,APPROVED AS NOTED,DONE,3,EIDG,81,
1514,Monday,13-10-25,31959,36,Ahmed Saeed El-Shenawy,SOIL,27-07-25,A-1-B,15.90%,,Stockpile,V01-D,,,1,Sieve + Proctoer ,,APPROVED AS NOTED,DONE,3,EIDG,78,
1515,Monday,13-10-25,31960,36,Ahmed Saeed El-Shenawy,SOIL,29-07-25,A-1-B,16.40%,,Stockpile,V01-D,,,1,Sieve + Proctoer ,,APPROVED AS NOTED,DONE,3,EIDG,76,
1516,Monday,13-10-25,31961,36,Ahmed Saeed El-Shenawy,SOIL,04-08-25,A-2-4,16.00%,,Stockpile,V01-D,,,1,Sieve + Proctoer ,,APPROVED AS NOTED,DONE,3,EIDG,70,
1517,Monday,13-10-25,31962,36,Ahmed Saeed El-Shenawy,SOIL,30-08-25,A-2-4,16.40%,,Stockpile,V01-D,,,1,Sieve + Proctoer ,,APPROVED AS NOTED,DONE,3,EIDG,44,
1518,Monday,13-10-25,31963,36,MOKHTAR EL-SHENAWY,SOIL,05-08-25,A-2-4,11.70%,,Stockpile,V01-D,,,1,Sieve + Proctoer ,,APPROVED AS NOTED,DONE,3,EIDG,69,
1519,Monday,13-10-25,31964,36,MOKHTAR EL-SHENAWY,SOIL,07-08-25,A-2-4,11.60%,,Stockpile,V01-D,,,1,Sieve + Proctoer ,,APPROVED AS NOTED,DONE,3,EIDG,67,
1520,Monday,13-10-25,31965,36,MOKHTAR EL-SHENAWY,SOIL,15-08-25,A-2-4,16.70%,,Stockpile,V01-D,,,1,Sieve + Proctoer ,,APPROVED AS NOTED,DONE,3,EIDG,59,
1521,Monday,13-10-25,31966,36,MOKHTAR EL-SHENAWY,SOIL,21-08-25,A-2-4,16.00%,,Stockpile,V01-D,,,1,Sieve + Proctoer ,,APPROVED AS NOTED,DONE,3,EIDG,53,
1522,Monday,13-10-25,31967,36,MOKHTAR EL-SHENAWY,SOIL,29-08-25,A-2-4,13.80%,,Stockpile,V01-D,,,1,Sieve + Proctoer ,,APPROVED AS NOTED,DONE,3,EIDG,45,
1523,Monday,13-10-25,31968,36,MOKHTAR EL-SHENAWY,SOIL,04-09-25,A-2-4,14.40%,,Stockpile,V01-D,,,1,Sieve + Proctoer ,,APPROVED AS NOTED,DONE,3,EIDG,39,
1524,Monday,13-10-25,31969,36,MOKHTAR EL-SHENAWY,SOIL,20-09-25,A-2-4,13.90%,,Stockpile,V01-D,,,1,Sieve + Proctoer ,,APPROVED AS NOTED,DONE,3,EIDG,23,
1525,Monday,13-10-25,31970,36,MOKHTAR EL-SHENAWY,SOIL,15-09-25,A-2-4,12.30%,,Stockpile,V01-D,,,1,Sieve + Proctoer ,,APPROVED AS NOTED,DONE,3,EIDG,28,
1526,Monday,13-10-25,31971,36,MOKHTAR EL-SHENAWY,SOIL,17-07-25,A-2-4,14.50%,,Stockpile,V01-D,,,1,Sieve + Proctoer ,,APPROVED AS NOTED,DONE,3,EIDG,88,
1527,Monday,13-10-25,31972,36,MOKHTAR EL-SHENAWY,SOIL,20-07-25,A-2-4,16.40%,,Stockpile,V01-D,,,1,Sieve + Proctoer ,,APPROVED AS NOTED,DONE,3,EIDG,85,
1528,Monday,13-10-25,31973,36,MOKHTAR EL-SHENAWY,SOIL,21-07-25,A-2-4,15.30%,,Stockpile,V01-D,,,1,Sieve + Proctoer ,,APPROVED AS NOTED,DONE,3,EIDG,84,
1529,Monday,13-10-25,31974,36,MOKHTAR EL-SHENAWY,SOIL,23-07-25,A-2-4,16.20%,,Stockpile,V01-D,,,1,Sieve + Proctoer ,,APPROVED AS NOTED,DONE,3,EIDG,82,
1530,Monday,13-10-25,31975,36,MOKHTAR EL-SHENAWY,SOIL,25-07-25,A-2-4,15.40%,,Stockpile,V01-D,,,1,Sieve + Proctoer ,,APPROVED AS NOTED,DONE,3,EIDG,80,
1531,Monday,13-10-25,31976,36,MOKHTAR EL-SHENAWY,SOIL,25-07-25,A-2-4,11.80%,,Stockpile,V01-D,,,1,Sieve + Proctoer ,,APPROVED AS NOTED,DONE,3,EIDG,80,
1532,Monday,13-10-25,31977,36,MOKHTAR EL-SHENAWY,SOIL,30-07-25,A-2-4,12.60%,,Stockpile,V01-D,,,1,Sieve + Proctoer ,,APPROVED AS NOTED,DONE,3,EIDG,75,
1533,Monday,13-10-25,31978,36,Ahmed Saeed El-Shenawy,PLATE LOAD,20-09-25,,,,Fill,V01-D,V (103-104-105),,2,,,APPROVED AS NOTED,DONE,5,BONYAN MISR,23,
1534,Monday,13-10-25,31979,36,Ahmed Saeed El-Shenawy,PLATE LOAD,20-09-25,,,,Fill,V01-D,BH-22,,1,,,APPROVED AS NOTED,DONE,3,BONYAN MISR,23,
1535,Saturday,18-10-25,31999,36,MOKHTAR EL-SHENAWY,DPL,17-10-25,,,59.74,Fill,V01-D,ROAD 10 ( 01+200 : 01+280 ) RIGHT,-2.5,3,,,APPROVED AS NOTED,DONE,3,EIDG,1,
1536,Saturday,18-10-25,31998,36,MOKHTAR EL-SHENAWY,DPL,17-10-25,,,55.701,Fill,V01-D,ROAD 10 ( 01+140 : 01+200 ) RIGHT,-2.5,4,,,APPROVED AS NOTED,DONE,3,EIDG,1,
1537,Saturday,18-10-25,31997,36,MOKHTAR EL-SHENAWY,DPL,17-10-25,,,48.885,Fill,V01-D,ROAD 10 ( 00+740 : 00+820 ) RIGHT,-3.5,3,,,APPROVED AS NOTED,DONE,3,EIDG,1,
1538,Saturday,18-10-25,31996,36,MOKHTAR EL-SHENAWY,DPL,17-10-25,,,53.663,Fill,V01-D,ROAD 10 ( 00+820 : 00+880 ) LEFT,-3.5,3,,,APPROVED AS NOTED,DONE,3,EIDG,1,
1539,Saturday,18-10-25,31995,36,MOKHTAR EL-SHENAWY,DPL,17-10-25,,,45.569,Fill,V01-D,ROAD 10 ( 01+020 : 01+140 ) RIGHT,-4,2,,,APPROVED AS NOTED,DONE,3,EIDG,1,
1540,Saturday,18-10-25,31991,36,MOKHTAR EL-SHENAWY,DPL,14-10-25,,,47.988,Fill,V01-D,ROAD 10 ( 01+140 : 01+200 ) LEFT,-2.75,5,,,APPROVED AS NOTED,DONE,3,EIDG,4,
1541,Saturday,18-10-25,31990,36,MOKHTAR EL-SHENAWY,DPL,14-10-25,,,50.58,Fill,V01-D,ROAD 10 ( 01+200 : 01+280 ) LEFT,-2.75,7,,,APPROVED AS NOTED,DONE,3,EIDG,4,
1542,Saturday,18-10-25,31989,36,Ahmed Saeed El-Shenawy,DPL,14-10-25,,,46.387,Fill,V01-D,ROAD 10 ( 00+740 : 00+820 ) LEFT,-4,5,,,APPROVED AS NOTED,DONE,3,EIDG,4,
1543,Saturday,18-10-25,31987,36,Ahmed Saeed El-Shenawy,SOIL,14-10-25,A-4,50.90%,,Bottom of excavation,V01-D,ROAD 10 ( 01+020 : 01+140 ) RIGHT,,1,Sieve analysis,,APPROVED AS NOTED,DONE,2,EIDG,4,
1544,Saturday,18-10-25,31986,36,MOKHTAR EL-SHENAWY,SOIL,14-10-25,A-4,61.70%,,Bottom of excavation,V01-D,ROAD 10 ( 01+020 : 01+140 ) LEFT,,1,Sieve analysis,,APPROVED AS NOTED,DONE,2,EIDG,4,
1545,Saturday,18-10-25,35008,36,MOKHTAR EL-SHENAWY,DPL,15-10-25,,,46.956,Fill,V01-D,ROAD 10 ( 00+140 : 00+200 ) LEFT,-2.75,2,,,APPROVED AS NOTED,DONE,3,EIDG,3,
1546,Saturday,18-10-25,35007,36,MOKHTAR EL-SHENAWY,DPL,15-10-25,,,49.19,Fill,V01-D,ROAD 10 ( 00+140 : 00+200 ) RIGHT,-2.75,2,,,APPROVED AS NOTED,DONE,3,EIDG,3,
1547,Saturday,18-10-25,35006,36,MOKHTAR EL-SHENAWY,DPL,15-10-25,,,58.299,Fill,V01-D,ROAD 10 ( 00+200 : 00+280 ) LEFT,-2.75,3,,,APPROVED AS NOTED,DONE,3,EIDG,3,
1548,Saturday,18-10-25,35005,36,MOKHTAR EL-SHENAWY,DPL,15-10-25,,,52.97,Fill,V01-D,ROAD 10 ( 00+200 : 00+280 ) RIGHT,-2.75,3,,,APPROVED AS NOTED,DONE,3,EIDG,3,
1549,Saturday,18-10-25,31994,36,Ahmed Saeed El-Shenawy,DPL,15-10-25,,,50.03,Fill,V01-D,ROAD 10 ( 00+580 : 00+740 ) RIGHT,-4,6,,,APPROVED AS NOTED,DONE,3,EIDG,3,
1550,Saturday,18-10-25,31993,36,Ahmed Saeed El-Shenawy,DPL,15-10-25,,,49.342,Fill,V01-D,ROAD 10 ( 00+100 ) LEFT,19.5,1,,,APPROVED AS NOTED,DONE,3,EIDG,3,
1551,Saturday,18-10-25,31992,36,Ahmed Saeed El-Shenawy,DPL,15-10-25,,,49.27,Fill,V01-D,ROAD 10 ( 00+100 : 00+120 ) RIGHT,-3.5,1,,,APPROVED AS NOTED,DONE,3,EIDG,3,
1552,Saturday,18-10-25,31988,36,MOKHTAR EL-SHENAWY,PLATE LOAD,15-10-25,,,,Fill,V01-D,BHL-16,19.4,1,,,APPROVED AS NOTED,DONE,5,EIDG,3,
1553,Saturday,18-10-25,35013,36,MOKHTAR EL-SHENAWY,DPL,16-10-25,,,50.56,Fill,V01-D,ROAD 10 ( 00+880 : 01+020 ) LEFT,-3,7,,,APPROVED AS NOTED,DONE,3,EIDG,2,
1554,Saturday,18-10-25,35012,36,Ahmed Saeed El-Shenawy,DPL,16-10-25,,,76.084,Fill,V01-D,ROAD 10 ( 00+100 : 00+240 ) LEFT,-2.75,5,,,APPROVED AS NOTED,DONE,3,EIDG,2,
1555,Saturday,18-10-25,35011,36,MOKHTAR EL-SHENAWY,DPL,16-10-25,,,46.239,Fill,V01-D,ROAD 10 ( 01+140 : 01+200 ) LEFT,-2.5,4,,,APPROVED AS NOTED,DONE,3,EIDG,2,
1556,Saturday,18-10-25,35010,36,MOKHTAR EL-SHENAWY,DPL,16-10-25,,,58.509,Fill,V01-D,ROAD 10 ( 01+280 : 01+360 ) LEFT,-2.5,3,,,APPROVED AS NOTED,DONE,3,EIDG,2,
1557,Saturday,18-10-25,35009,36,Ahmed Saeed El-Shenawy,DPL,16-10-25,,,51.45,Fill,V01-D,ROAD 10 ( 00+740 : 00+820 ) RIGHT,-4,9,,,APPROVED AS NOTED,DONE,3,EIDG,2,
1558,Saturday,18-10-25,35004,36,MOKHTAR EL-SHENAWY,PLATE LOAD,16-10-25,,,,Fill,V01-D,ROAD 10 ( 00+880 : 01+020 ) RIGHT,-3,1,,,APPROVED AS NOTED,DONE,6,CEDC,2,
1559,Saturday,18-10-25,35003,36,MOKHTAR EL-SHENAWY,PLATE LOAD,16-10-25,,,,Fill,V01-D,ROAD 10 ( 00+880 : 01+020 ) LEFT,-3,1,,,APPROVED AS NOTED,DONE,5,EIDG,2,
1560,Saturday,18-10-25,35002,36,MOKHTAR EL-SHENAWY,PLATE LOAD,16-10-25,,,,Fill,V01-D,ROAD 10 ( 00+880 : 01+020 ) RIGHT,-3,1,,,APPROVED AS NOTED,DONE,5,EIDG,2,
1561,Saturday,18-10-25,35001,36,MOKHTAR EL-SHENAWY,PLATE LOAD,16-10-25,,,,Fill,V01-D,ROAD 10 ( 00+880 : 01+020 ) RIGHT,-3,1,,,APPROVED AS NOTED,DONE,5,EIDG,2,
1562,Saturday,18-10-25,33000,36,MOKHTAR EL-SHENAWY,PLATE LOAD,16-10-25,,,,Fill,V01-D,ROAD 10 ( 00+880 : 01+020 ) LEFT,-3,1,,,APPROVED AS NOTED,DONE,6,CEDC,2,
1563,Tuesday,14-10-25,31983,36,Ahmed Saeed El-Shenawy,DPL,14-10-25,,,51.49,Fill,V01-D,ROAD 10 ( 00+580 : 00+740 ) LEFT,-4,6,,,APPROVED AS NOTED,DONE,3,EIDG,0,
1564,Wednesday,15-10-25,31984,36,MOKHTAR EL-SHENAWY,DPL,14-10-25,,,49.34,Fill,V01-D,ROAD 10 ( 00+880 : 01+020 ) RIGHT,-3.5,5,,,APPROVED AS NOTED,DONE,3,EIDG,1,
1565,Wednesday,15-10-25,31985,36,MOKHTAR EL-SHENAWY,DPL,14-10-25,,,53.112,Fill,V01-D,ROAD 10 ( 00+880 : 01+020 ) LEFT,-3.5,7,,,APPROVED AS NOTED,DONE,3,EIDG,1,
1566,Tuesday,14-10-25,31982,36,MOKHTAR EL-SHENAWY,DPL,13-10-25,,,52.03,Fill,V01-D,ROAD 10 ( 01+200 : 01+280 ) RIGHT AND LEFT,-3,7,,,APPROVED AS NOTED,DONE,3,EIDG,1,
1567,Tuesday,14-10-25,31981,36,MOKHTAR EL-SHENAWY,DPL,13-10-25,,,51.079,Fill,V01-D,ROAD 10 ( 01+140 : 01+200 ) RIGHT AND LEFT,-3,7,,,APPROVED AS NOTED,DONE,3,EIDG,1,
1568,Tuesday,14-10-25,31980,36,MOKHTAR EL-SHENAWY,DPL,13-10-25,,,51.068,Fill,V01-D,ROAD 10 ( 00+880 : 01+020 ) RIGHT AND LEFT,-4,8,,,APPROVED AS NOTED,DONE,3,EIDG,1,
1569,Wednesday,29-10-25,35154,36,MOKHTAR EL-SHENAWY,PLATE LOAD,26-10-25,,,,Fill,V01-D,ROAD 10 ( 01+020 : 01+140 ) RIGHT ,21.45,1,,,APPROVED AS NOTED,DONE,5,EIDG,3,
1570,Wednesday,29-10-25,35153,36,MOKHTAR EL-SHENAWY,PLATE LOAD,26-10-25,,,,Fill,V01-D,ROAD 10 ( 01+020 : 01+140 ) LEFT ,21.72,1,,,APPROVED AS NOTED,DONE,5,EIDG,3,
1571,Wednesday,29-10-25,35152,36,MOKHTAR EL-SHENAWY,SOIL,26-10-25,A-4,73.00%,,Bottom of excavation,V01-D,ROAD 10,,1,Sieve analysis,,APPROVED AS NOTED,DONE,2,EIDG,3,
1572,Wednesday,29-10-25,35151,36,ORASCOM,SOIL,26-10-25,A-2-4,20.40%,,Bottom of excavation,V01-D,ROAD 9,,1,Sieve + Proctoer ,,APPROVED AS NOTED,DONE,3,EIDG,3,
1573,Wednesday,29-10-25,35150,36,MATTAR,SOIL,25-10-25,A-2-4,21.40%,,Stockpile,V01-D,ROAD 9,,1,Sieve + Proctoer ,,APPROVED AS NOTED,DONE,3,EIDG,4,
1574,Wednesday,29-10-25,35149,36,ORASCOM,SOIL,25-10-25,A-2-4,13.70%,,Stockpile,V01-D,ROAD 10,,1,Sieve + Proctoer ,,APPROVED AS NOTED,DONE,3,EIDG,4,
1575,Wednesday,29-10-25,35143,36,MOKHTAR EL-SHENAWY,DPL,26-10-25,,,49.65,Fill,V01-D,ROAD 10 ( 01+020 : 01+140 ) LEFT ,-1.75,6,,,APPROVED AS NOTED,DONE,3,EIDG,3,
1576,Wednesday,29-10-25,35122,36,Ahmed Saeed El-Shenawy,DPL,26-10-25,,,50.55,Fill,V01-D,ROAD 10 ( 00+560 : 00+740 ) LEFT ,-1.5,7,,,APPROVED AS NOTED,DONE,3,EIDG,3,
1577,Wednesday,29-10-25,35121,36,Ahmed Saeed El-Shenawy,DPL,26-10-25,,,48.92,Fill,V01-D,ROAD 10 ( 00+880 : 01+020 ) RIGHT ,-1.5,7,,,APPROVED AS NOTED,DONE,3,EIDG,3,
1578,Wednesday,29-10-25,35140,36,ORASCOM,DPL,26-10-25,,,45.445,Fill,V01-D,ROAD 10 ( 00+580 : 00+740 ) RIGHT ,-2,6,,,APPROVED AS NOTED,DONE,3,EIDG,3,
1579,Wednesday,29-10-25,35139,36,Ahmed Saeed El-Shenawy,DPL,26-10-25,,,52.97,Fill,V01-D,ROAD 10 ( 00+820 : 00+880 ) RIGHT ,-2,4,,,APPROVED AS NOTED,DONE,3,EIDG,3,
1580,Wednesday,29-10-25,35138,36,MOKHTAR EL-SHENAWY,DPL,26-10-25,,,48.77,Fill,V01-D,ROAD 10 ( 01+020 : 01+140 ) RIGHT ,-1.75,6,,,APPROVED AS NOTED,DONE,3,EIDG,3,
1581,Wednesday,29-10-25,35137,36,MOKHTAR EL-SHENAWY,DPL,26-10-25,,,56.25,Fill,V01-D,ROAD 10 ( 01+360 : 01+440 ) RIGHT AND LEFT,-1.5,7,,,APPROVED AS NOTED,DONE,3,EIDG,3,
1582,Wednesday,29-10-25,35136,36,Ahmed Saeed El-Shenawy,DPL,26-10-25,,,46.67,Fill,V01-D,ROAD 10 ( 00+740 : 00+820 ) RIGHT ,-2,5,,,APPROVED AS NOTED,DONE,3,EIDG,3,
1583,Wednesday,29-10-25,35127,36,MATTAR,SOIL,27-10-25,A-4,58.20%,,Bottom of excavation,V01-D,ROAD 9 ( 00+200 : 00+300 )  ,,1,Sieve analysis,,APPROVED AS NOTED,DONE,2,EIDG,2,
1584,Wednesday,29-10-25,35126,36,EL-THANAA,SOIL,27-10-25,A-4,49.40%,,Bottom of excavation,V01-D,ROAD 9 ( 00+300 : 00+400 )  ,,1,Sieve analysis,,APPROVED AS NOTED,DONE,2,EIDG,2,
1585,Monday,27-10-25,35108,36,MOKHTAR EL-SHENAWY,DPL,25-10-25,,,45.77,Fill,V01-D,ROAD 10 ( 01+280 : 01+360 )  RIGHT,-1.5,5,,,APPROVED AS NOTED,DONE,3,EIDG,2,
1586,Monday,27-10-25,35109,36,Ahmed Saeed El-Shenawy,DPL,25-10-25,,,60.9,Fill,V01-D,ROAD 10 ( 00+740 : 00+820 )  LEFT,1.75,6,,,APPROVED AS NOTED,DONE,3,EIDG,2,
1587,Monday,27-10-25,35111,36,MOKHTAR EL-SHENAWY,DPL,25-10-25,,,46.187,Fill,V01-D,ROAD 10 ( 01+200 : 01+280 )  RIGHT,-1.5,4,,,APPROVED AS NOTED,DONE,3,EIDG,2,
1588,Monday,27-10-25,35110,36,MOKHTAR EL-SHENAWY,DPL,25-10-25,,,50.79,Fill,V01-D,ROAD 10 ( 01+280 : 01+360 )  LEFT,-1.5,4,,,APPROVED AS NOTED,DONE,3,EIDG,2,
1589,Monday,27-10-25,35112,36,MOKHTAR EL-SHENAWY,DPL,25-10-25,,,48.9,Fill,V01-D,ROAD 10 ( 01+020 : 01+140 )  RIGHT,-2,9,,,APPROVED AS NOTED,DONE,3,EIDG,2,
1590,Monday,27-10-25,35113,36,Ahmed Saeed El-Shenawy,DPL,25-10-25,,,51.69,Fill,V01-D,ROAD 10 ( 00+740 : 00+820 )  LEFT,-1.5,4,,,APPROVED AS NOTED,DONE,3,EIDG,2,
1591,Monday,27-10-25,35114,36,ORASCOM,DPL,25-10-25,,,47.29,Fill,V01-D,ROAD 10 ( 00+820 : 00+880 )  RIGHT,-2.25,6,,,APPROVED AS NOTED,DONE,3,EIDG,2,
1592,Monday,27-10-25,35116,36,Ahmed Saeed El-Shenawy,DPL,25-10-25,,,47.886,Fill,V01-D,ROAD 10 ( 00+100 : 00+260 )  RIGHT,-1.5,8,,,APPROVED AS NOTED,DONE,3,EIDG,2,
1593,Monday,27-10-25,35115,36,MOKHTAR EL-SHENAWY,DPL,25-10-25,,,47.63,Fill,V01-D,ROAD 10 ( 01+020 : 00+880 )  LEFT,-1.5,8,,,APPROVED AS NOTED,DONE,3,EIDG,2,
1594,Monday,27-10-25,35119,36,MOKHTAR EL-SHENAWY,DPL,25-10-25,,,48.9,Fill,V01-D,ROAD 10 ( 01+140 : 01+200 )  LEFT,-1.5,4,,,APPROVED AS NOTED,DONE,3,EIDG,2,
1595,Monday,27-10-25,35118,36,ORASCOM,DPL,25-10-25,,,45.269,Fill,V01-D,ROAD 10 ( 00+740 : 00+820 )  RIGHT,-2.25,5,,,APPROVED AS NOTED,DONE,3,EIDG,2,
1596,Monday,27-10-25,35117,36,ORASCOM,DPL,25-10-25,,,42.38,Fill,V01-D,ROAD 10 ( 00+580 : 00+740 )  RIGHT,-2.25,2,,,APPROVED AS NOTED,DONE,3,EIDG,2,
1597,Monday,27-10-25,35122,36,Ahmed Saeed El-Shenawy,DPL,25-10-25,,,51.57,Fill,V01-D,ROAD 10 ( 00+580 : 00+740 )  LEFT,-1.75,5,,,APPROVED AS NOTED,DONE,3,EIDG,2,
1598,Monday,27-10-25,35121,36,Ahmed Saeed El-Shenawy,DPL,25-10-25,,,57.78,Fill,V01-D,ROAD 10 ( 00+100 : 00+260 )  LEFT,-1.5,9,,,APPROVED AS NOTED,DONE,3,EIDG,2,
1599,Monday,27-10-25,35120,36,MOKHTAR EL-SHENAWY,DPL,25-10-25,,,46.016,Fill,V01-D,ROAD 10 ( 01+200 : 01+280 )  LEFT,-1.5,7,,,APPROVED AS NOTED,DONE,3,EIDG,2,
1600,Monday,27-10-25,35124,36,MOKHTAR EL-SHENAWY,DPL,25-10-25,,,46.46,Fill,V01-D,ROAD 10 ( 01+140 : 01+200 )  RIGHT,-1.5,4,,,APPROVED AS NOTED,DONE,3,EIDG,2,
1601,Monday,27-10-25,35123,36,MOKHTAR EL-SHENAWY,DPL,25-10-25,,,48.69,Fill,V01-D,ROAD 10 ( 01+020 : 01+140 )  LEFT,-2,8,,,APPROVED AS NOTED,DONE,3,EIDG,2,
1602,Monday,27-10-25,35126,36,Ahmed Saeed El-Shenawy,DPL,25-10-25,,,56.31,Fill,V01-D,ROAD 10 ( 00+820 : 00+880 )  LEFT,-1.75,6,,,APPROVED AS NOTED,DONE,3,EIDG,2,
1603,Monday,27-10-25,35125,36,Ahmed Saeed El-Shenawy,DPL,25-10-25,,,49.139,Fill,V01-D,ROAD 10 ( 00+820 : 00+880 )  LEFT,-1.5,3,,,APPROVED AS NOTED,DONE,3,EIDG,2,
1604,Tuesday,21-10-25,35037,36,MOKHTAR EL-SHENAWY,PLATE LOAD,19-10-25,,,,Fill,V01-D,ROAD 10 ( 01+240 : 01+300 )  RIGHT,19.95,1,,,APPROVED AS NOTED,DONE,5,EIDG,2,
1605,Tuesday,21-10-25,35036,36,MOKHTAR EL-SHENAWY,PLATE LOAD,19-10-25,,,,Fill,V01-D,ROAD 10 ( 01+140 : 01+280 )  RIGHT,20.91,1,,,APPROVED AS NOTED,DONE,5,EIDG,2,
1606,Tuesday,21-10-25,35035,36,MOKHTAR EL-SHENAWY,PLATE LOAD,19-10-25,,,,Fill,V01-D,ROAD 10 ( 01+140 : 01+280 )  LEFT,20.48,1,,,APPROVED AS NOTED,DONE,5,EIDG,2,
1607,Tuesday,21-10-25,35034,36,Ahmed Saeed El-Shenawy,DPL,19-10-25,,,45.718,Fill,V01-D,ROAD 10 ( 00+580 : 00+740 )  LEFT,-3,7,,,APPROVED AS NOTED,DONE,3,EIDG,2,
1608,Tuesday,21-10-25,35033,36,MOKHTAR EL-SHENAWY,DPL,19-10-25,,,52.107,Fill,V01-D,ROAD 10 ( 01+200 : 01+280 )  LEFT,-2.25,11,,,APPROVED AS NOTED,DONE,3,EIDG,2,
1609,Tuesday,21-10-25,35032,36,Ahmed Saeed El-Shenawy,DPL,19-10-25,,,69.53,Fill,V01-D,ROAD 10 ( 00+100 : 00+260 )  LEFT,-2.5,8,,,APPROVED AS NOTED,DONE,3,EIDG,2,
1610,Tuesday,21-10-25,35031,36,MOKHTAR EL-SHENAWY,DPL,19-10-25,,,49.34,Fill,V01-D,ROAD 10 ( 01+200 : 01+280 )  RIGHT,-2.25,3,,,APPROVED AS NOTED,DONE,3,EIDG,2,
1611,Tuesday,21-10-25,35030,36,MOKHTAR EL-SHENAWY,DPL,19-10-25,,,48.023,Fill,V01-D,ROAD 10 ( 01+140 : 01+200 )  RIGHT,-2.25,7,,,APPROVED AS NOTED,DONE,3,EIDG,2,
1612,Tuesday,21-10-25,35029,36,Ahmed Saeed El-Shenawy,DPL,19-10-25,,,71.106,Fill,V01-D,ROAD 10 ( 00+100 : 00+240 )  RIGHT,-2.75,6,,,APPROVED AS NOTED,DONE,3,EIDG,2,
1613,Tuesday,21-10-25,35028,36,Ahmed Saeed El-Shenawy,DPL,18-10-25,,,50.406,Fill,V01-D,ROAD 10 ( 00+580 : 00+740 )  RIGHT,-3.5,6,,,APPROVED AS NOTED,DONE,3,EIDG,3,
1614,Tuesday,21-10-25,35027,36,MOKHTAR EL-SHENAWY,DPL,18-10-25,,,51.828,Fill,V01-D,ROAD 10 ( 00+880 : 01+020 )  RIGHT,-2.75,8,,,APPROVED AS NOTED,DONE,3,EIDG,3,
1615,Tuesday,21-10-25,35026,36,Ahmed Saeed El-Shenawy,PLATE LOAD,20-10-25,,,,Fill,V01-D,ROAD 10 ( 00+580 : 00+740 )  RIGHT,-3,1,,,APPROVED AS NOTED,DONE,5,EIDG,1,
1616,Tuesday,21-10-25,35038,36,MOKHTAR EL-SHENAWY,DPL,18-10-25,,,48.78,Fill,V01-D,ROAD 10 ( 01+020 : 01+140 )  RIGHT,-3.5,3,,,APPROVED AS NOTED,DONE,3,EIDG,3,
1617,Tuesday,21-10-25,35039,36,MOKHTAR EL-SHENAWY,DPL,18-10-25,,,52.515,Fill,V01-D,ROAD 10 ( 00+880 : 01+020 )  LEFT,-2.75,7,,,APPROVED AS NOTED,DONE,3,EIDG,3,
1618,Tuesday,21-10-25,35025,36,Ahmed Saeed El-Shenawy,PLATE LOAD,20-10-25,,,,Fill,V01-D,ROAD 10 ( 00+820 : 00+880 )  RIGHT AND LEFT,-3,1,,,APPROVED AS NOTED,DONE,5,EIDG,1,
1619,Tuesday,21-10-25,35024,36,Ahmed Saeed El-Shenawy,PLATE LOAD,19-10-25,,,,Fill,V01-D,ROAD 10 ( 00+580 : 00+720 )  ,-3,1,,,REVISE,DONE,5,EIDG,2,
1620,Tuesday,21-10-25,35023,36,Ahmed Saeed El-Shenawy,DPL,20-10-25,,,50.75,Fill,V01-D,ROAD 10 ( 00+820 : 00+880 ) RIGHT  ,-3,7,,,APPROVED AS NOTED,DONE,3,EIDG,1,
1621,Tuesday,21-10-25,35022,36,Ahmed Saeed El-Shenawy,DPL,20-10-25,,,45.67,Fill,V01-D,ROAD 10 ( 00+740 : 00+820 ) RIGHT  ,-3,6,,,APPROVED AS NOTED,DONE,3,EIDG,1,
1622,Tuesday,21-10-25,35021,36,MOKHTAR EL-SHENAWY,DPL,20-10-25,,,46,Fill,V01-D,ROAD 10 ( 00+880 : 01+020 ) LEFT  ,-2.5,4,,,APPROVED AS NOTED,DONE,3,EIDG,1,
1623,Tuesday,21-10-25,35020,36,MOKHTAR EL-SHENAWY,DPL,20-10-25,,,48,Fill,V01-D,ROAD 10 ( 01+020 : 01+140 ) LEFT  ,-3,4,,,APPROVED AS NOTED,DONE,3,EIDG,1,
1624,Tuesday,21-10-25,35019,36,Ahmed Saeed El-Shenawy,DPL,20-10-25,,,48.8,Fill,V01-D,ROAD 10 ( 00+740 : 00+820 ) RIGHT  ,-3,6,,,APPROVED AS NOTED,DONE,3,EIDG,1,
1625,Tuesday,21-10-25,35018,36,Ahmed Saeed El-Shenawy,DPL,20-10-25,,,48.878,Fill,V01-D,ROAD 10 ( 00+740 : 00+820 ) LEFT  ,-3,3,,,APPROVED AS NOTED,DONE,3,EIDG,1,
1626,Tuesday,21-10-25,35017,36,Ahmed Saeed El-Shenawy,DPL,20-10-25,,,45.85,Fill,V01-D,ROAD 10 ( 00+820 : 00+880 ) LEFT  ,-3,3,,,APPROVED AS NOTED,DONE,3,EIDG,1,
1627,Tuesday,21-10-25,35016,36,MOKHTAR EL-SHENAWY,DPL,20-10-25,,,48.82,Fill,V01-D,ROAD 10 ( 00+880 : 01+020 ) RIGHT ,-2.5,7,,,APPROVED AS NOTED,DONE,3,EIDG,1,
1628,Tuesday,21-10-25,35015,36,MOKHTAR EL-SHENAWY,DPL,20-10-25,,,59.84,Fill,V01-D,ROAD 10 ( 01+280 : 01+360 ) LEFT ,-2.25,5,,,APPROVED AS NOTED,DONE,3,EIDG,1,
1629,Tuesday,21-10-25,35014,36,MOKHTAR EL-SHENAWY,DPL,20-10-25,,,64.505,Fill,V01-D,ROAD 10 ( 01+360 : 01+440 ) RIGHT AND LEFT ,-2.25,7,,,APPROVED AS NOTED,DONE,3,EIDG,1,
1630,Tuesday,21-10-25,35044,36,MOKHTAR EL-SHENAWY,DPL,18-10-25,,,53.65,Fill,V01-D,ROAD 10 ( 01+020 : 01+140 )  LEFT ,-3.5,6,,,APPROVED AS NOTED,DONE,3,EIDG,3,
1631,Sunday,26-10-25,35079,36,Ahmed Saeed El-Shenawy,DPL,23-10-25,,,49.196,Fill,V01-D,ROAD 10 ( 00+820 : 00+880 )  LEFT ,-2.25,5,,,APPROVED AS NOTED,DONE,3,EIDG,3,
1632,Sunday,26-10-25,35082,36,MOKHTAR EL-SHENAWY,DPL,23-10-25,,,45.83,Fill,V01-D,ROAD 10 ( 01+280 : 01+360 )  LEFT ,-1.75,6,,,APPROVED AS NOTED,DONE,3,EIDG,3,
1633,Sunday,26-10-25,35081,36,MOKHTAR EL-SHENAWY,DPL,23-10-25,,,65.64,Fill,V01-D,ROAD 10 ( 01+020 : 01+140 )  RIGHT ,-2.5,4,,,APPROVED AS NOTED,DONE,3,EIDG,3,
1634,Sunday,26-10-25,35080,36,MOKHTAR EL-SHENAWY,DPL,23-10-25,,,59.011,Fill,V01-D,ROAD 10 ( 01+020 : 01+140 )  LEFT ,-2.5,5,,,APPROVED AS NOTED,DONE,3,EIDG,3,
1635,Sunday,26-10-25,35083,36,Ahmed Saeed El-Shenawy,DPL,23-10-25,,,52.068,Fill,V01-D,ROAD 10 ( 00+100 : 00+260 )  RIGHT ,-2,9,,,APPROVED AS NOTED,DONE,3,EIDG,3,
1636,Sunday,26-10-25,35084,36,MOKHTAR EL-SHENAWY,DPL,23-10-25,,,47.74,Fill,V01-D,ROAD 10 ( 00+880 : 01+020 )  RIGHT ,-2,7,,,APPROVED AS NOTED,DONE,3,EIDG,3,
1637,Sunday,26-10-25,35095,36,MOKHTAR EL-SHENAWY,DPL,22-10-25,,,50.293,Fill,V01-D,ROAD 10 ( 00+880 : 01+020 )  RIGHT ,-2.25,8,,,APPROVED AS NOTED,DONE,3,EIDG,4,
1638,Sunday,26-10-25,35096,36,Ahmed Saeed El-Shenawy,DPL,22-10-25,,,46.12,Fill,V01-D,ROAD 10 ( 00+580 : 00+740 )  RIGHT ,-2.75,4,,,APPROVED AS NOTED,DONE,3,EIDG,4,
1639,Sunday,26-10-25,35099,36,Ahmed Saeed El-Shenawy,DPL,22-10-25,,,57.65,Fill,V01-D,ROAD 10 ( 00+100 : 00+260 )  LEFT ,-2,6,,,APPROVED AS NOTED,DONE,3,EIDG,4,
1640,Sunday,26-10-25,35098,36,Ahmed Saeed El-Shenawy,DPL,22-10-25,,,50.87,Fill,V01-D,ROAD 10 ( 00+820 : 00+880 )  RIGHT ,-2.75,4,,,APPROVED AS NOTED,DONE,3,EIDG,4,
1641,Sunday,26-10-25,35097,36,Ahmed Saeed El-Shenawy,DPL,22-10-25,,,50.92,Fill,V01-D,ROAD 10 ( 00+740 : 00+820 )  RIGHT ,-2.75,4,,,APPROVED AS NOTED,DONE,3,EIDG,4,
1642,Sunday,26-10-25,35102,36,MOKHTAR EL-SHENAWY,DPL,22-10-25,,,46.042,Fill,V01-D,ROAD 10 ( 00+100 : 00+260 )  RIGHT ,-1.75,4,,,APPROVED AS NOTED,DONE,3,EIDG,4,
1643,Sunday,26-10-25,35101,36,Ahmed Saeed El-Shenawy,DPL,22-10-25,,,54.85,Fill,V01-D,ROAD 10 ( 00+100 : 00+260 )  RIGHT ,-2.25,8,,,APPROVED AS NOTED,DONE,3,EIDG,4,
1644,Sunday,26-10-25,35100,36,MOKHTAR EL-SHENAWY,DPL,22-10-25,,,50.74,Fill,V01-D,ROAD 10 ( 01+020 : 01+140 )  LEFT ,-2.75,6,,,APPROVED AS NOTED,DONE,3,EIDG,4,
1645,Sunday,26-10-25,35103,36,MOKHTAR EL-SHENAWY,DPL,22-10-25,,,46.42,Fill,V01-D,ROAD 10 ( 01+200 : 01+280 )  LEFT ,-1.75,4,,,APPROVED AS NOTED,DONE,3,EIDG,4,
1646,Sunday,26-10-25,35105,36,Ahmed Saeed El-Shenawy,DPL,24-10-25,,,52.3,Fill,V01-D,ROAD 10 ( 00+100 : 00+260 )  LEFT ,-1.75,9,,,APPROVED AS NOTED,DONE,3,EIDG,2,
1647,Sunday,26-10-25,35104,36,Ahmed Saeed El-Shenawy,DPL,24-10-25,,,49.317,Fill,V01-D,ROAD 10 ( 00+100 : 00+260 )  RIGHT ,-1.75,9,,,APPROVED AS NOTED,DONE,3,EIDG,2,
1648,Sunday,26-10-25,35093,36,ORASCOM,DPL,24-10-25,,,51.29,Fill,V01-D,ROAD 10 ( 00+580 : 00+740 )  RIGHT ,-2.5,7,,,APPROVED AS NOTED,DONE,3,EIDG,2,
1649,Sunday,26-10-25,35094,36,Ahmed Saeed El-Shenawy,DPL,24-10-25,,,58.89,Fill,V01-D,ROAD 10 ( 00+580 : 00+740 )  LEFT ,-2,8,,,APPROVED AS NOTED,DONE,3,EIDG,2,
1650,Sunday,26-10-25,35090,36,Ahmed Saeed El-Shenawy,DPL,24-10-25,,,50.52,Fill,V01-D,ROAD 10 ( 00+820 : 00+880 )  LEFT ,-2,3,,,APPROVED AS NOTED,DONE,3,EIDG,2,
1651,Sunday,26-10-25,35091,36,ORASCOM,DPL,24-10-25,,,47.24,Fill,V01-D,ROAD 10 ( 00+740 : 00+820 )  RIGHT ,-2.5,3,,,APPROVED AS NOTED,DONE,3,EIDG,2,
1652,Sunday,26-10-25,35092,36,Ahmed Saeed El-Shenawy,DPL,24-10-25,,,51.017,Fill,V01-D,ROAD 10 ( 00+740 : 00+820 )  LEFT ,-2,4,,,APPROVED AS NOTED,DONE,3,EIDG,2,
1653,Sunday,26-10-25,35086,36,Ahmed Saeed El-Shenawy,DPL,24-10-25,,,45.353,Fill,V01-D,ROAD 10 ( 01+020 : 01+140 )  LEFT ,-2,7,,,APPROVED AS NOTED,DONE,3,EIDG,2,
1654,Sunday,26-10-25,35087,36,MOKHTAR EL-SHENAWY,DPL,24-10-25,,,50.27,Fill,V01-D,ROAD 10 ( 00+880 : 01+020 )  RIGHT ,-1.75,8,,,APPROVED AS NOTED,DONE,3,EIDG,2,
1655,Sunday,26-10-25,35088,36,MOKHTAR EL-SHENAWY,DPL,24-10-25,,,46.58,Fill,V01-D,ROAD 10 ( 00+880 : 01+020 )  LEFT ,-1.75,7,,,APPROVED AS NOTED,DONE,3,EIDG,2,
1656,Sunday,26-10-25,35089,36,ORASCOM,DPL,24-10-25,,,54.183,Fill,V01-D,ROAD 10 ( 00+820 : 00+880 )  RIGHT ,-2.5,4,,,APPROVED AS NOTED,DONE,3,EIDG,2,
1657,Sunday,26-10-25,35085,36,Ahmed Saeed El-Shenawy,DPL,24-10-25,,,43.908,Fill,V01-D,ROAD 10 ( 01+020 : 01+140 )  RIGHT ,-2.25,2,,,APPROVED AS NOTED,DONE,3,EIDG,2,
1658,Sunday,26-10-25,35048,36,MOKHTAR EL-SHENAWY,PLATE LOAD,24-10-25,,,,Fill,V01-D,BHL-19,19.4,1,,,APPROVED AS NOTED,DONE,5,EIDG,2,
1659,Sunday,26-10-25,35047,36,ORASCOM,SOIL,22-10-25,A-1-B,16.00%,,Stockpile,V01-D,,,1,Sieve + Proctoer ,,APPROVED AS NOTED,DONE,3,EIDG,4,
1660,Sunday,26-10-25,35046,36,EL-THANAA,SOIL,23-10-25,A-2-4,27.10%,,Stockpile,V01-D,ROAD 9,,1,Sieve + Proctoer ,,APPROVED AS NOTED,DONE,3,EIDG,3,
1661,Sunday,26-10-25,35058,36,MOKHTAR EL-SHENAWY,DPL,22-10-25,,,57.023,Fill,V01-D,ROAD 10 ( 01+020 : 01+140 )  RIGHT ,-2.75,6,,,APPROVED AS NOTED,DONE,3,EIDG,4,
1662,Sunday,26-10-25,35057,36,MOKHTAR EL-SHENAWY,DPL,22-10-25,,,51.605,Fill,V01-D,ROAD 10 ( 01+140 : 01+200 )  LEFT ,-1.75,4,,,APPROVED AS NOTED,DONE,3,EIDG,4,
1663,Sunday,26-10-25,35056,36,MOKHTAR EL-SHENAWY,DPL,22-10-25,,,46.328,Fill,V01-D,ROAD 10 ( 01+140 : 01+200 )  RIGHT ,-1.75,5,,,APPROVED AS NOTED,DONE,3,EIDG,4,
1664,Sunday,26-10-25,35059,36,Ahmed Saeed El-Shenawy,DPL,22-10-25,,,58.47,Fill,V01-D,ROAD 10 ( 00+820 : 00+880 )  LEFT ,-2.5,5,,,APPROVED AS NOTED,DONE,3,EIDG,4,
1665,Sunday,26-10-25,35061,36,Ahmed Saeed El-Shenawy,DPL,22-10-25,,,57.57,Fill,V01-D,ROAD 10 ( 00+580 : 00+740 )  LEFT ,-2.5,6,,,APPROVED AS NOTED,DONE,3,EIDG,4,
1666,Sunday,26-10-25,35060,36,Ahmed Saeed El-Shenawy,DPL,22-10-25,,,53.121,Fill,V01-D,ROAD 10 ( 00+740 : 00+820 )  LEFT ,-2.5,4,,,APPROVED AS NOTED,DONE,3,EIDG,4,
1667,Sunday,26-10-25,35062,36,MOKHTAR EL-SHENAWY,DPL,23-10-25,,,45.65,Fill,V01-D,ROAD 10 ( 01+360 : 01+440 )  RIGHT AND LEFT ,-1.75,8,,,APPROVED AS NOTED,DONE,3,EIDG,3,
1668,Sunday,26-10-25,35064,36,Ahmed Saeed El-Shenawy,DPL,23-10-25,,,55.72,Fill,V01-D,ROAD 10 ( 00+740 : 00+820 )   LEFT ,-2.25,4,,,APPROVED AS NOTED,DONE,3,EIDG,3,
1669,Sunday,26-10-25,35063,36,MOKHTAR EL-SHENAWY,DPL,23-10-25,,,55.72,Fill,V01-D,ROAD 10 ( 00+880 : 01+020 )   LEFT ,-2,6,,,APPROVED AS NOTED,DONE,3,EIDG,3,
1670,Sunday,26-10-25,35065,36,Ahmed Saeed El-Shenawy,DPL,23-10-25,,,49.15,Fill,V01-D,ROAD 10 ( 00+580 : 00+740 )   LEFT ,-2.25,5,,,APPROVED AS NOTED,DONE,3,EIDG,3,
1671,Sunday,26-10-25,35076,36,MOKHTAR EL-SHENAWY,DPL,23-10-25,,,56.201,Fill,V01-D,ROAD 10 ( 01+140 : 01+200 )   LEFT ,-2,4,,,APPROVED AS NOTED,DONE,3,EIDG,3,
1672,Sunday,26-10-25,35077,36,MOKHTAR EL-SHENAWY,DPL,21-10-25,,,61.99,Fill,V01-D,ROAD 10 ( 01+200 : 01+280 )   LEFT ,-2,4,,,APPROVED AS NOTED,DONE,3,EIDG,5,
1673,Sunday,26-10-25,35078,36,Ahmed Saeed El-Shenawy,DPL,21-10-25,,,60.53,Fill,V01-D,ROAD 10 ( 00+100 : 00+260 )   LEFT ,-2.25,10,,,APPROVED AS NOTED,DONE,3,EIDG,5,
1674,Sunday,26-10-25,35068,36,MOKHTAR EL-SHENAWY,DPL,21-10-25,,,62.719,Fill,V01-D,ROAD 10 ( 01+280 : 01+360 )   RIGHT ,-2,2,,,APPROVED AS NOTED,DONE,3,EIDG,5,
1675,Sunday,26-10-25,35067,36,MOKHTAR EL-SHENAWY,DPL,21-10-25,,,52.409,Fill,V01-D,ROAD 10 ( 01+280 : 01+360 )   LEFT ,-2,2,,,APPROVED AS NOTED,DONE,3,EIDG,5,
1676,Sunday,26-10-25,35066,36,MOKHTAR EL-SHENAWY,DPL,21-10-25,,,66.29,Fill,V01-D,ROAD 10 ( 01+360 : 01+440 )   RIGHT AND LEFT ,-2,5,,,APPROVED AS NOTED,DONE,3,EIDG,5,
1677,Sunday,26-10-25,35069,36,MOKHTAR EL-SHENAWY,DPL,21-10-25,,,56.607,Fill,V01-D,ROAD 10 ( 01+360 : 01+440 )   RIGHT AND LEFT ,-2,5,,,APPROVED AS NOTED,DONE,3,EIDG,5,
1678,Sunday,26-10-25,35070,36,MOKHTAR EL-SHENAWY,DPL,21-10-25,,,54.773,Fill,V01-D,ROAD 10 ( 01+200 : 01+280 )   RIGHT ,-2,3,,,APPROVED AS NOTED,DONE,3,EIDG,5,
1679,Sunday,26-10-25,35071,36,MOKHTAR EL-SHENAWY,DPL,21-10-25,,,52.019,Fill,V01-D,ROAD 10 ( 00+880 : 01+020 )   LEFT ,-2.25,8,,,APPROVED AS NOTED,DONE,3,EIDG,5,
1680,Sunday,26-10-25,35072,36,Ahmed Saeed El-Shenawy,DPL,21-10-25,,,49.86,Fill,V01-D,ROAD 10 ( 00+820 : 00+880 )   LEFT ,-2.75,4,,,APPROVED AS NOTED,DONE,3,EIDG,5,
1681,Sunday,26-10-25,35073,36,Ahmed Saeed El-Shenawy,DPL,21-10-25,,,51.97,Fill,V01-D,ROAD 10 ( 00+740 : 00+820 )   LEFT ,-2.75,4,,,APPROVED AS NOTED,DONE,3,EIDG,5,
1682,Sunday,26-10-25,35074,36,Ahmed Saeed El-Shenawy,DPL,21-10-25,,,52.89,Fill,V01-D,ROAD 10 ( 00+100 : 00+260 )   RIGHT ,-2.5,3,,,APPROVED AS NOTED,DONE,3,EIDG,5,
1683,Sunday,26-10-25,35075,36,Ahmed Saeed El-Shenawy,DPL,21-10-25,,,57.75,Fill,V01-D,ROAD 10 ( 00+580 : 00+740 )   LEFT ,-2.75,4,,,APPROVED AS NOTED,DONE,3,EIDG,5,
1684,Saturday,01-11-25,35174,36,Ahmed Saeed El-Shenawy,DPL,27-10-25,,,47.757,Fill,V01-D,ROAD 10 ( 00+740 : 00+820 )   RIGHT ,-1.5,5,,,APPROVED AS NOTED,DONE,3,EIDG,5,
1685,Saturday,01-11-25,35173,36,Ahmed Saeed El-Shenawy,DPL,27-10-25,,,43.966,Fill,V01-D,ROAD 10 ( 00+820 : 00+880 )   RIGHT ,-1.5,4,,,APPROVED AS NOTED,DONE,3,EIDG,5,
1686,Saturday,01-11-25,35172,36,MOKHTAR EL-SHENAWY,DPL,27-10-25,,,49.816,Fill,V01-D,ROAD 10 ( 01+020 : 01+140 )   LEFT ,-1.5,9,,,APPROVED AS NOTED,DONE,3,EIDG,5,
1687,Saturday,01-11-25,35171,36,MOKHTAR EL-SHENAWY,DPL,27-10-25,,,44.153,Fill,V01-D,ROAD 10 ( 01+020 : 01+140 )   RIGHT ,-1.5,7,,,APPROVED AS NOTED,DONE,3,EIDG,5,
1688,Saturday,01-11-25,35170,36,MOKHTAR EL-SHENAWY,DPL,27-10-25,,,45.445,Fill,V01-D,ROAD 10 ( 01+440 : 01+500 )   R+L,-2,2,,,APPROVED AS NOTED,DONE,3,EIDG,5,
1689,Saturday,01-11-25,35160,36,MOKHTAR EL-SHENAWY,DPL,27-10-25,,,48.819,Fill,V01-D,ROAD 10 ( 01+440 : 01+500 )   R+L,-1.75,6,,,APPROVED AS NOTED,DONE,3,EIDG,5,
1690,Saturday,01-11-25,35175,36,ORASCOM,DPL,27-10-25,,,45.787,Fill,V01-D,ROAD 10 ( 00+580 : 00+740 )   RIGHT,-1.75,15,,,APPROVED AS NOTED,DONE,3,EIDG,5,
1691,Saturday,01-11-25,35180,36,ORASCOM,DPL,28-10-25,,,56.553,Fill,V01-D,ROAD 10 ( 00+560 : 00+740 )   RIGHT,-1.5,7,,,APPROVED AS NOTED,DONE,3,EIDG,4,
1692,Saturday,01-11-25,35178,36,MOKHTAR EL-SHENAWY,DPL,28-10-25,,,57.895,Fill,V01-D,ROAD 10 ( 01+440 : 01+500 )   R+L,-1.5,6,,,APPROVED AS NOTED,DONE,3,EIDG,4,
1693,Saturday,01-11-25,35179,36,ORASCOM,DPL,28-10-25,,,44.863,Fill,V01-D,ROAD 10 ( 00+580 : 00+740 )   RIGHT,-1.5,6,,,APPROVED AS NOTED,DONE,3,EIDG,4,
1694,Sunday,02-11-25,35225,36,Ahmed Saeed El-Shenawy,DPL,01-11-25,,,53.78,Bottom of excavation,V01-D,ROAD 9 ( 00+400 : 00+440 )   LEFT,,3,,,APPROVED AS NOTED,DONE,2,EIDG,1,
1695,Sunday,02-11-25,35224,36,EL-THANAA,DPL,01-11-25,,,43.661,Bottom of excavation,V01-D,ROAD 9 ( 00+360 : 00+380 )   RIGHT,,2,,,APPROVED AS NOTED,DONE,2,EIDG,1,
1696,Sunday,02-11-25,35223,36,EL-THANAA,DPL,01-11-25,,,45.54,Bottom of excavation,V01-D,ROAD 9 ( 00+340 : 00+360 )   RIGHT,,4,,,APPROVED AS NOTED,DONE,2,EIDG,1,
1697,Sunday,02-11-25,35222,36,ORASCOM,DPL,01-11-25,,,42.42,Bottom of excavation,V01-D,ROAD 9 ( 00+140 : 00+160 )   RIGHT AND LEFT,,2,,,APPROVED AS NOTED,DONE,2,EIDG,1,
1698,Sunday,02-11-25,35221,36,MATTAR,DPL,01-11-25,,,39.705,Bottom of excavation,V01-D,ROAD 9 ( 00+200 : 00+300 )   RIGHT AND LEFT,,5,,,REVISE,DONE,2,EIDG,1,
1699,Sunday,02-11-25,35226,36,Ahmed Saeed El-Shenawy,DPL,01-11-25,,,52.39,Bottom of excavation,V01-D,ROAD 9 ( 00+400 : 00+440 )   RIGHT ,,4,,,APPROVED AS NOTED,DONE,2,EIDG,1,
1700,Sunday,02-11-25,35227,36,Ahmed Saeed El-Shenawy,DPL,01-11-25,,,45.41,Bottom of excavation,V01-D,ROAD 9 ( 00+460 : 00+500 )   RIGHT ,,3,,,APPROVED AS NOTED,DONE,2,EIDG,1,
1701,Sunday,02-11-25,35228,36,MOKHTAR EL-SHENAWY,DPL,01-11-25,,,45.67,Bottom of excavation,V01-D,ROAD 9 ( 00+500 : 00+540 )   RIGHT ,,7,,,APPROVED AS NOTED,DONE,2,EIDG,1,
1702,Sunday,02-11-25,35229,36,MOKHTAR EL-SHENAWY,DPL,01-11-25,,,44.56,Bottom of excavation,V01-D,ROAD 9 ( 00+500 : 00+540 )   RIGHT ,,3,,,APPROVED AS NOTED,DONE,2,EIDG,1,
1703,Saturday,01-11-25,35181,36,Ahmed Saeed El-Shenawy,SOIL,28-10-25,A-4,45.50%,,Bottom of excavation,V01-D,ROAD 9 ( 00+400 : 00+500 )   LEFT ,,1,Sieve analysis,,APPROVED AS NOTED,DONE,2,EIDG,4,
1704,Saturday,01-11-25,35182,36,ORASCOM,SOIL,28-10-25,A-1-B,13.10%,,Bottom of excavation,V01-D,ROAD 9 ( 00+120 : 00+140 )   R+L ,,1,Sieve + Proctoer ,,APPROVED AS NOTED,DONE,3,EIDG,4,
1705,Saturday,01-11-25,35183,36,ORASCOM,SOIL,28-10-25,A-2-4,14.40%,,Stockpile,V01-D,ROAD 9,,1,Sieve + Proctoer ,,APPROVED AS NOTED,DONE,3,EIDG,4,
1706,Saturday,01-11-25,35185,36,Ahmed Saeed El-Shenawy,SOIL,29-10-25,A-4,64.40%,,Bottom of excavation,V01-D,ROAD 9 ( 00+460 : 00+500 )   RIGHT ,,1,Sieve analysis,,APPROVED AS NOTED,DONE,2,EIDG,3,
1707,Saturday,01-11-25,35186,36,Ahmed Saeed El-Shenawy,SOIL,29-10-25,A-4,58.50%,,Bottom of excavation,V01-D,ROAD 9 ( 00+400 : 00+460 )   RIGHT ,,1,Sieve analysis,,APPROVED AS NOTED,DONE,2,EIDG,3,
1708,Saturday,01-11-25,35187,36,Ahmed Saeed El-Shenawy,SOIL,29-10-25,A-1-B,8.80%,,Stockpile,V01-D,ROAD 9,,1,Sieve + Proctoer ,,APPROVED AS NOTED,DONE,3,EIDG,3,
1709,Saturday,01-11-25,35188,36,ORASCOM,SOIL,29-10-25,A-1-B,3.10%,,Bottom of excavation,V01-D,ROAD 9 ( 00+080 : 00+100 )   R+L ,,1,Sieve + Proctoer ,,APPROVED AS NOTED,DONE,3,EIDG,3,
1710,Saturday,01-11-25,35189,36,MOKHTAR EL-SHENAWY,SOIL,29-10-25,A-4,84.20%,,Bottom of excavation,V01-D,ROAD 9 ( 00+500 : 00+580 )  RIGHT,,1,Sieve analysis,,APPROVED AS NOTED,DONE,2,EIDG,3,
1711,Saturday,01-11-25,35166,36,Ahmed Saeed El-Shenawy,DPL,29-10-25,,,45.242,Bottom of excavation,V01-D,ROAD 9 ( 00+400 : 00+420 )  LEFT,,2,,,APPROVED AS NOTED,DONE,3,EIDG,3,
1712,Saturday,01-11-25,35167,36,Ahmed Saeed El-Shenawy,DPL,29-10-25,,,45.502,Bottom of excavation,V01-D,ROAD 9 ( 00+400 : 00+420 )  RIGHT,,2,,,APPROVED AS NOTED,DONE,2,EIDG,3,
1713,Saturday,01-11-25,35197,36,Ahmed Saeed El-Shenawy,DPL,31-10-25,,,45.72,Bottom of excavation,V01-D,ROAD 9 ( 00+460 : 00+500 )  RIGHT,,4,,,APPROVED AS NOTED,DONE,2,EIDG,1,
1714,Saturday,01-11-25,35196,36,Ahmed Saeed El-Shenawy,DPL,31-10-25,,,48.68,Bottom of excavation,V01-D,ROAD 9 ( 00+400 : 00+420 )  RIGHT,,3,,,APPROVED AS NOTED,DONE,2,EIDG,1,
1715,Saturday,01-11-25,35195,36,EL-THANAA,DPL,31-10-25,,,47.032,Bottom of excavation,V01-D,ROAD 9 ( 00+380 : 00+400 )  LEFT,,2,,,APPROVED AS NOTED,DONE,2,EIDG,1,
1716,Saturday,01-11-25,35194,36,EL-THANAA,DPL,31-10-25,,,53.136,Bottom of excavation,V01-D,ROAD 9 ( 00+360 : 00+380 )  LEFT,,2,,,APPROVED AS NOTED,DONE,2,EIDG,1,
1717,Saturday,01-11-25,35193,36,EL-THANAA,DPL,31-10-25,,,46.73,Bottom of excavation,V01-D,ROAD 9 ( 00+340 : 00+360 )  LEFT,,2,,,APPROVED AS NOTED,DONE,2,EIDG,1,
1718,Saturday,01-11-25,35192,36,EL-THANAA,DPL,31-10-25,,,48.35,Bottom of excavation,V01-D,ROAD 9 ( 00+300 : 00+340 )  LEFT,,2,,,APPROVED AS NOTED,DONE,2,EIDG,1,
1719,Saturday,01-11-25,35191,36,MATTAR,DPL,31-10-25,,,45.69,Bottom of excavation,V01-D,ROAD 9 ( 00+220 : 00+300 )  RIGHT AND LEFT,,12,,,APPROVED AS NOTED,DONE,2,EIDG,1,
1720,Saturday,01-11-25,35190,36,ORASCOM,DPL,31-10-25,,,45.22,Bottom of excavation,V01-D,ROAD 9 ( 00+160 : 00+200 )  RIGHT AND LEFT,,12,,,APPROVED AS NOTED,DONE,2,EIDG,1,
1721,Saturday,01-11-25,35165,36,ORASCOM,DPL,30-10-25,,,63.78,Bottom of excavation,V01-D,ROAD 9 ( 00+080 : 00+100 )  RIGHT AND LEFT,,3,,,APPROVED AS NOTED,DONE,2,EIDG,2,
1722,Saturday,01-11-25,35164,36,ORASCOM,DPL,30-10-25,,,48.56,Bottom of excavation,V01-D,ROAD 9 ( 00+100 : 00+120 )  RIGHT ,,5,,,APPROVED AS NOTED,DONE,2,EIDG,2,
1723,Saturday,01-11-25,35163,36,ORASCOM,DPL,30-10-25,,,43.79,Bottom of excavation,V01-D,ROAD 9 ( 00+140 : 00+160 )  RIGHT AND LEFT,,2,,,APPROVED AS NOTED,DONE,2,EIDG,2,
1724,Saturday,01-11-25,35162,36,ORASCOM,DPL,30-10-25,,,46.734,Bottom of excavation,V01-D,ROAD 9 ( 00+160 : 00+200 )  RIGHT AND LEFT,,7,,,APPROVED AS NOTED,DONE,2,EIDG,2,
1725,Saturday,01-11-25,35161,36,Ahmed Saeed El-Shenawy,DPL,30-10-25,,,41.14,Bottom of excavation,V01-D,ROAD 9 ( 00+400 : 00+420 )  LEFT,,2,,,APPROVED AS NOTED,DONE,2,EIDG,2,
1726,Saturday,01-11-25,35160,36,Ahmed Saeed El-Shenawy,DPL,30-10-25,,,48.98,Bottom of excavation,V01-D,ROAD 9 ( 00+400 : 00+420 )  RIGHT,,3,,,APPROVED AS NOTED,DONE,2,EIDG,2,
1727,Saturday,01-11-25,35159,36,Ahmed Saeed El-Shenawy,DPL,30-10-25,,,42.43,Bottom of excavation,V01-D,ROAD 9 ( 00+400 : 00+420 )  RIGHT,,2,,,APPROVED AS NOTED,DONE,2,EIDG,2,
1728,Saturday,01-11-25,35158,36,Ahmed Saeed El-Shenawy,DPL,30-10-25,,,45.338,Bottom of excavation,V01-D,ROAD 9 ( 00+460 : 00+480 )  RIGHT,,4,,,APPROVED AS NOTED,DONE,2,EIDG,2,
1729,Saturday,01-11-25,35157,36,MOKHTAR EL-SHENAWY,DPL,30-10-25,,,44.507,Bottom of excavation,V01-D,ROAD 9 ( 00+500 : 00+520 )  RIGHT,,3,,,APPROVED AS NOTED,DONE,2,EIDG,2,
1730,Saturday,01-11-25,35156,36,MOKHTAR EL-SHENAWY,DPL,30-10-25,,,43.85,Bottom of excavation,V01-D,ROAD 9 ( 00+500 : 00+520 )  RIGHT,,2,,,APPROVED AS NOTED,DONE,2,EIDG,2,
1731,Saturday,01-11-25,35155,36,MOKHTAR EL-SHENAWY,DPL,30-10-25,,,49.94,Bottom of excavation,V01-D,ROAD 9 ( 00+500 : 00+520 )  RIGHT,,2,,,APPROVED AS NOTED,DONE,2,EIDG,2,
1732,Saturday,01-11-25,35168,36,ORASCOM,DPL,29-10-25,,,44.75,Bottom of excavation,V01-D,ROAD 9 ( 00+120 : 00+140 )  RIGHT AND LEFT,,2,,,APPROVED AS NOTED,DONE,2,EIDG,3,
1733,Saturday,01-11-25,35168,36,MATTAR,DPL,29-10-25,,,48.677,Bottom of excavation,V01-D,ROAD 9 ( 00+220 : 00+300 )  RIGHT AND LEFT,,6,,,APPROVED AS NOTED,DONE,2,EIDG,3,
1734,Saturday,01-11-25,35176,36,ORASCOM,DPL,28-10-25,,,48.66,Bottom of excavation,V01-D,ROAD 9 ( 00+160 : 00+200 )  RIGHT AND LEFT,,10,,,APPROVED AS NOTED,DONE,3,EIDG,4,
1735,Saturday,01-11-25,35177,36,ORASCOM,DPL,28-10-25,,,58.89,Bottom of excavation,V01-D,ROAD 9 ( 00+140 : 00+160 )  RIGHT AND LEFT,,4,,,APPROVED AS NOTED,DONE,3,EIDG,4,
1736,Sunday,02-11-25,35232,36,ORASCOM,SOIL,01-11-25,A-2-4,18.70%,,Stockpile,V01-D,ROAD 9,,1,Sieve + Proctoer ,,APPROVED AS NOTED,DONE,3,EIDG,1,
1737,Sunday,02-11-25,35231,36,ORASCOM,SOIL,01-11-25,A-2-4,17.60%,,Stockpile,V01-D,ROAD 9,,1,Sieve + Proctoer ,,APPROVED AS NOTED,DONE,3,EIDG,1,
1738,Monday,03-11-25,35348,36,ORASCOM,SOIL,29-10-25,A-2-4,13.20%,,Bottom of excavation,V01-D,ROAD 9 ( 00+100 : 00+120 )  RIGHT AND LEFT,,1,Sieve + Proctoer ,,APPROVED AS NOTED,DONE,3,EIDG,5,
1739,Saturday,01-11-25,35179,36,ORASCOM,DPL,29-10-25,,,44.86,Fill,V01-D,ROAD 10 ( 00+580 : 00+740 )  RIGHT ,,6,,,APPROVED AS NOTED,DONE,3,EIDG,3,
1740,Monday,03-11-25,35257,36,ORASCOM,DPL,02-11-25,,,46.96,Bottom of excavation,V01-D,ROAD 9 ( 00+100 : 00+120 )  RIGHT AND LEFT,,7,,,APPROVED AS NOTED,DONE,2,EIDG,1,
1741,Monday,03-11-25,35256,36,ORASCOM,DPL,02-11-25,,,44.112,Bottom of excavation,V01-D,ROAD 9 ( 00+120 : 00+140 )  RIGHT AND LEFT,,5,,,APPROVED AS NOTED,DONE,2,EIDG,1,
1742,Monday,03-11-25,35255,36,ORASCOM,DPL,02-11-25,,,44.39,Bottom of excavation,V01-D,ROAD 9 ( 00+140 : 00+160 )  RIGHT AND LEFT,,5,,,APPROVED AS NOTED,DONE,2,EIDG,1,
1743,Monday,03-11-25,35254,36,ORASCOM,DPL,02-11-25,,,45.67,Bottom of excavation,V01-D,ROAD 9 ( 00+160 : 00+200 )  RIGHT AND LEFT,,4,,,APPROVED AS NOTED,DONE,2,EIDG,1,
1744,Monday,03-11-25,35253,36,MATTAR,DPL,02-11-25,,,47.65,Bottom of excavation,V01-D,ROAD 9 ( 00+200 : 00+300 )  RIGHT AND LEFT,,10,,,APPROVED AS NOTED,DONE,2,EIDG,1,
1745,Monday,03-11-25,35252,36,Ahmed Saeed El-Shenawy,DPL,02-11-25,,,53.86,Bottom of excavation,V01-D,ROAD 9 ( 00+400 : 00+440 )  RIGHT ,,4,,,APPROVED AS NOTED,DONE,2,EIDG,1,
1746,Monday,03-11-25,35251,36,Ahmed Saeed El-Shenawy,DPL,02-11-25,,,50.67,Bottom of excavation,V01-D,ROAD 9 ( 00+400 : 00+460 )  RIGHT ,,4,,,APPROVED AS NOTED,DONE,2,EIDG,1,
1747,Monday,03-11-25,35250,36,Ahmed Saeed El-Shenawy,DPL,02-11-25,,,48.39,Bottom of excavation,V01-D,ROAD 9 ( 00+460 : 00+500 )  RIGHT ,,6,,,APPROVED AS NOTED,DONE,2,EIDG,1,
1748,Monday,03-11-25,35249,36,MOKHTAR EL-SHENAWY,DPL,02-11-25,,,49.35,Bottom of excavation,V01-D,ROAD 9 ( 00+500 : 00+540 )  RIGHT ,,3,,,APPROVED AS NOTED,DONE,2,EIDG,1,
1749,Tuesday,04-11-25,35275,36,ORASCOM,DPL,03-11-25,,,52.35,Bottom of excavation,V01-D,ROAD 9 ( 00+160 : 00+200 )  RIGHT AND LEFT,,5,,,APPROVED AS NOTED,DONE,2,EIDG,1,
1750,Tuesday,04-11-25,35274,36,MATTAR,DPL,03-11-25,,,46.88,Bottom of excavation,V01-D,ROAD 9 ( 00+220 : 00+300 )  RIGHT AND LEFT,,4,,,APPROVED AS NOTED,DONE,2,EIDG,1,
1751,Tuesday,04-11-25,35273,36,EL-THANAA,DPL,03-11-25,,,48.241,Bottom of excavation,V01-D,ROAD 9 ( 00+300 : 00+340 )   LEFT,,2,,,APPROVED AS NOTED,DONE,2,EIDG,1,
1752,Tuesday,04-11-25,35272,36,EL-THANAA,DPL,03-11-25,,,45.014,Bottom of excavation,V01-D,ROAD 9 ( 00+340 : 00+360 )   LEFT,,2,,,APPROVED AS NOTED,DONE,2,EIDG,1,
1753,Tuesday,04-11-25,35271,36,EL-THANAA,DPL,03-11-25,,,42.098,Bottom of excavation,V01-D,ROAD 9 ( 00+340 : 00+360 )   RIGHT,,2,,,APPROVED AS NOTED,DONE,2,EIDG,1,
1754,Tuesday,04-11-25,35270,36,EL-THANAA,DPL,03-11-25,,,46.99,Bottom of excavation,V01-D,ROAD 9 ( 00+360 : 00+380 )   LEFT,,2,,,APPROVED AS NOTED,DONE,2,EIDG,1,
1755,Tuesday,04-11-25,35269,36,EL-THANAA,DPL,03-11-25,,,50.71,Bottom of excavation,V01-D,ROAD 9 ( 00+360 : 00+380 )   RIGHT,,2,,,APPROVED AS NOTED,DONE,2,EIDG,1,
1756,Tuesday,04-11-25,35268,36,Ahmed Saeed El-Shenawy,DPL,03-11-25,,,44.096,Bottom of excavation,V01-D,ROAD 9 ( 00+400 : 00+460 )   LEFT,,3,,,APPROVED AS NOTED,DONE,2,EIDG,1,
1757,Tuesday,04-11-25,35267,36,Ahmed Saeed El-Shenawy,DPL,03-11-25,,,47.74,Bottom of excavation,V01-D,ROAD 9 ( 00+400 : 00+460 )   RIGHT ,,4,,,APPROVED AS NOTED,DONE,2,EIDG,1,
1758,Tuesday,04-11-25,35266,36,Ahmed Saeed El-Shenawy,DPL,03-11-25,,,45.45,Bottom of excavation,V01-D,ROAD 9 ( 00+460 : 00+500 )   RIGHT ,,4,,,APPROVED AS NOTED,DONE,2,EIDG,1,
1759,Tuesday,04-11-25,35265,36,EL-THANAA,DPL,03-11-25,,,47.76,Bottom of excavation,V01-D,ROAD 9 ( 00+300 : 00+340 )   RIGHT ,,3,,,APPROVED AS NOTED,DONE,2,EIDG,1,
1760,Sunday,09-11-25,35407,36,EL-THANAA,DPL,08-11-25,,,51.87,Fill,V01-D,ROAD 9 ( 00+340 : 00+360 )   RIGHT ,-13,5,,,APPROVED AS NOTED,DONE,2,EIDG,1,
1761,Sunday,09-11-25,35406,36,EL-THANAA,DPL,08-11-25,,,42.35,Fill,V01-D,ROAD 9 ( 00+380 : 00+400 )   RIGHT ,-12,5,,,APPROVED AS NOTED,DONE,2,EIDG,1,
1762,Sunday,09-11-25,35405,36,EL-THANAA,DPL,08-11-25,,,47.29,Fill,V01-D,ROAD 9 ( 00+300 : 00+340 )   RIGHT ,-13.5,5,,,APPROVED AS NOTED,DONE,2,EIDG,1,
1763,Sunday,09-11-25,35404,36,ORASCOM,DPL,08-11-25,,,46.11,Fill,V01-D,ROAD 9 ( 00+160 : 00+340 )   RIGHT ,-9,9,,,APPROVED AS NOTED,DONE,2,EIDG,1,
1764,Sunday,09-11-25,35403,36,ORASCOM,DPL,08-11-25,,,44.021,Fill,V01-D,ROAD 9 ( 00+120 : 00+140 )   RIGHT AND LEFT,-6.5,6,,,APPROVED AS NOTED,DONE,2,EIDG,1,
1765,Sunday,09-11-25,35402,36,ORASCOM,DPL,08-11-25,,,42.54,Fill,V01-D,ROAD 9 ( 00+140 : 00+160 )   RIGHT AND LEFT,-7.5,9,,,APPROVED AS NOTED,DONE,2,EIDG,1,
1766,Sunday,09-11-25,35401,36,Ahmed Saeed El-Shenawy,DPL,08-11-25,,,43.43,Fill,V01-D,ROAD 9 ( 00+400 : 00+460 )   RIGHT,-8.5,6,,,APPROVED AS NOTED,DONE,2,EIDG,1,
1767,Sunday,09-11-25,35400,36,Ahmed Saeed El-Shenawy,DPL,08-11-25,,,43.43,Fill,V01-D,ROAD 9 ( 00+460 : 00+500 )   RIGHT,-8,7,,,APPROVED AS NOTED,DONE,2,EIDG,1,
1768,Sunday,09-11-25,35339,36,MOKHTAR EL-SHENAWY,DPL,08-11-25,,,44.76,Fill,V01-D,ROAD 9 ( 00+500 : 00+580 )   RIGHT,-6.5,6,,,APPROVED AS NOTED,DONE,2,EIDG,1,
1769,Monday,10-11-25,35429,36,Ahmed Saeed El-Shenawy,DPL,09-11-25,,,46.65,Fill,V01-D,ROAD 9 ( 00+400 : 00+460 )   RIGHT,-8,7,,,APPROVED AS NOTED,DONE,2,EIDG,1,
1770,Monday,10-11-25,35287,36,MATTAR,DPL,09-11-25,,,44.717,Fill,V01-D,ROAD 9 ( 00+200 : 00+300 )   RIGHT AND LEFT,-10.5,15,,,APPROVED AS NOTED,DONE,2,EIDG,1,
1771,Monday,10-11-25,35428,36,Ahmed Saeed El-Shenawy,DPL,09-11-25,,,47.251,Fill,V01-D,ROAD 9 ( 00+400 : 00+500 )    LEFT,-8,5,,,APPROVED AS NOTED,DONE,2,EIDG,1,
1772,Monday,10-11-25,35427,36,ORASCOM,DPL,09-11-25,,,41.57,Fill,V01-D,ROAD 9 ( 00+140 : 00+160 )    RIGHT AND LEFT,-7,9,,,APPROVED AS NOTED,DONE,2,EIDG,1,
1773,Monday,10-11-25,35426,36,ORASCOM,DPL,09-11-25,,,41.065,Fill,V01-D,ROAD 9 ( 00+160 : 00+200 )    RIGHT AND LEFT,-8.5,10,,,APPROVED AS NOTED,DONE,2,EIDG,1,
1774,Monday,10-11-25,35425,36,Ahmed Saeed El-Shenawy,DPL,09-11-25,,,45.087,Fill,V01-D,ROAD 9 ( 00+400 : 00+500 )   ` LEFT,-7.5,8,,,APPROVED AS NOTED,DONE,2,EIDG,1,
1775,Friday,07-11-25,35347,36,MOKHTAR EL-SHENAWY,DPL,06-11-25,,,41.95,Fill,V01-D,ROAD 9 ( 00+500 : 00+580 )   RIGHT,-7.5,5,,,APPROVED AS NOTED,DONE,2,EIDG,1,
1776,Friday,07-11-25,35348,36,ORASCOM,DPL,06-11-25,,,46.65,Fill,V01-D,ROAD 9 ( 00+120 : 00+140 )   RIGHT AND LEFT,-7.5,6,,,APPROVED AS NOTED,DONE,2,EIDG,1,
1777,Friday,07-11-25,35349,36,Ahmed Saeed El-Shenawy,DPL,06-11-25,,,49.665,Fill,V01-D,ROAD 9 ( 00+400 : 00+500 )   LEFT,-9.5,7,,,APPROVED AS NOTED,DONE,2,EIDG,1,
1778,Friday,07-11-25,35350,36,MATTAR,DPL,06-11-25,,,50.109,Fill,V01-D,ROAD 9 ( 00+200 : 00+300 )   RIGHT AND LEFT,-12,9,,,APPROVED AS NOTED,DONE,2,EIDG,1,
1779,Friday,07-11-25,35351,36,EL-THANAA,DPL,06-11-25,,,53.15,Fill,V01-D,ROAD 9 ( 00+300 : 00+340 )   RIGHT ,-14,3,,,APPROVED AS NOTED,DONE,2,EIDG,1,
1780,Friday,07-11-25,35352,36,EL-THANAA,DPL,06-11-25,,,64.659,Fill,V01-D,ROAD 9 ( 00+340 : 00+360 )   RIGHT ,-13.5,2,,,APPROVED AS NOTED,DONE,2,EIDG,1,
1781,Wednesday,05-11-25,35292,36,ORASCOM,DPL,04-11-25,,,42.86,Bottom of excavation,V01-D,ROAD 9 ( 00+100 : 00+120 )   RIGHT AND LEFT,,7,,,APPROVED AS NOTED,DONE,2,EIDG,1,
1782,Wednesday,05-11-25,35291,36,ORASCOM,DPL,04-11-25,,,45.235,Bottom of excavation,V01-D,ROAD 9 ( 00+120 : 00+140 )   RIGHT AND LEFT,,5,,,APPROVED AS NOTED,DONE,2,EIDG,1,
1783,Wednesday,05-11-25,35290,36,ORASCOM,DPL,04-11-25,,,43.52,Bottom of excavation,V01-D,ROAD 9 ( 00+140 : 00+160 )   RIGHT AND LEFT,,4,,,APPROVED AS NOTED,DONE,2,EIDG,1,
1784,Wednesday,05-11-25,35289,36,ORASCOM,DPL,04-11-25,,,42.87,Bottom of excavation,V01-D,ROAD 9 ( 00+160 : 00+200 )   RIGHT AND LEFT,,6,,,APPROVED AS NOTED,DONE,2,EIDG,1,
1785,Wednesday,05-11-25,35288,36,EL-THANAA,DPL,04-11-25,,,36.97,Bottom of excavation,V01-D,ROAD 9 ( 00+300 : 00+340 )   RIGHT ,,5,,,REVISE,DONE,2,EIDG,1,
1786,Wednesday,05-11-25,35286,36,Ahmed Saeed El-Shenawy,DPL,04-11-25,,,44.55,Bottom of excavation,V01-D,ROAD 9 ( 00+400 : 00+460 )   RIGHT ,,5,,,APPROVED AS NOTED,DONE,2,EIDG,1,
1787,Wednesday,05-11-25,35285,36,Ahmed Saeed El-Shenawy,DPL,04-11-25,,,46.121,Bottom of excavation,V01-D,ROAD 9 ( 00+400 : 00+480 )   LEFT ,,5,,,APPROVED AS NOTED,DONE,2,EIDG,1,
1788,Thursday,06-11-25,35313,36,Ahmed Saeed El-Shenawy,DPL,05-11-25,,,50.14,Fill,V01-D,ROAD 9 ( 00+400 : 00+460 )   RIGHT ,-10,5,,,APPROVED AS NOTED,DONE,2,EIDG,1,
1789,Thursday,06-11-25,35315,36,Ahmed Saeed El-Shenawy,DPL,05-11-25,,,43.822,Fill,V01-D,ROAD 9 ( 00+400 : 00+500 )   LEFT ,-10,6,,,APPROVED AS NOTED,DONE,2,EIDG,1,
1790,Thursday,06-11-25,35316,36,Ahmed Saeed El-Shenawy,DPL,05-11-25,,,46.509,Fill,V01-D,ROAD 9 ( 00+460 : 00+500 )   RIGHT ,-9,3,,,APPROVED AS NOTED,DONE,2,EIDG,1,
1791,Thursday,06-11-25,35317,36,MOKHTAR EL-SHENAWY,DPL,05-11-25,,,43.391,Fill,V01-D,ROAD 9 ( 00+500 : 00+580 )   RIGHT ,-8,4,,,APPROVED AS NOTED,DONE,2,EIDG,1,
1792,Thursday,06-11-25,35318,36,ORASCOM,DPL,05-11-25,,,47.66,Fill,V01-D,ROAD 9 ( 00+080 : 00+100 )   RIGHT AND LEFT,-6.5,3,,,APPROVED AS NOTED,DONE,2,EIDG,1,
1793,Thursday,06-11-25,35319,36,ORASCOM,DPL,05-11-25,,,45.083,Fill,V01-D,ROAD 9 ( 00+120 : 00+140 )   RIGHT AND LEFT,-8,2,,,APPROVED AS NOTED,DONE,2,EIDG,1,
1794,Friday,07-11-25,35327,36,MATTAR,PLATE LOAD,05-11-25,,,,Fill,V01-D,ROAD 9 ( 00+200 : 00+300 ) ,-12.5,1,,,APPROVED AS NOTED,DONE,5,CEL,2,
1795,Friday,07-11-25,35328,36,MATTAR,PLATE LOAD,05-11-25,,,,Fill,V01-D,ROAD 9 ( 00+200 : 00+300 ) ,-12.5,1,,,APPROVED AS NOTED,DONE,5,CEL,2,
1796,Friday,07-11-25,35329,36,MATTAR,PLATE LOAD,05-11-25,,,,Fill,V01-D,ROAD 9 ( 00+200 : 00+300 ) ,-12.5,1,,,APPROVED AS NOTED,DONE,5,CEL,2,
1797,Friday,07-11-25,35330,36,ORASCOM,PLATE LOAD,05-11-25,,,,Fill,V01-D,ROAD 9 ( 00+160 : 00+200 ) ,-10,1,,,APPROVED AS NOTED,DONE,5,CEL,2,
1798,Friday,07-11-25,35331,36,ORASCOM,PLATE LOAD,05-11-25,,,,Fill,V01-D,ROAD 9 ( 00+160 : 00+200 ) ,-10,1,,,APPROVED AS NOTED,DONE,5,CEL,2,
1799,Friday,07-11-25,35333,36,Ahmed Saeed El-Shenawy,PLATE LOAD,31-10-25,,,,Fill,V01-D,ROAD 9 ( 00+400 : 00+440 ) ,12.5,1,,,APPROVED AS NOTED,DONE,3,BONYAN MISR,7,
1800,Friday,07-11-25,35332,36,Ahmed Saeed El-Shenawy,PLATE LOAD,02-11-25,,,,Fill,V01-D,ROAD 9 ( 00+460 : 00+500 ) ,10,1,,,APPROVED AS NOTED,DONE,3,BONYAN MISR,5,
1801,Friday,07-11-25,35334,36,MOKHTAR EL-SHENAWY,PLATE LOAD,02-11-25,,,,Fill,V01-D,ROAD 9 ( 00+500 : 00+540 ) RIGHT,19.306,1,,,APPROVED AS NOTED,DONE,3,BONYAN MISR,5,
1802,Friday,07-11-25,35335,36,MOKHTAR EL-SHENAWY,PLATE LOAD,05-11-25,,,,Fill,V01-D,ROAD 9 ( 00+400 : 00+460 ) RIGHT,21.97,1,,,APPROVED AS NOTED,DONE,3,BONYAN MISR,2,
1803,Friday,07-11-25,35336,36,Ahmed Saeed El-Shenawy,PLATE LOAD,05-11-25,,,,Fill,V01-D,ROAD 9 ( 00+400 : 00+500 ) LEFT,20.85,1,,,APPROVED AS NOTED,DONE,3,BONYAN MISR,2,
1804,Saturday,08-11-25,35375,36,ORASCOM,DPL,07-11-25,,,46.889,Fill,V01-D,ROAD 9 ( 00+160 : 00+200 ) RIGHT AND LEFT,-9.5,5,,,APPROVED AS NOTED,DONE,2,EIDG,1,
1805,Saturday,08-11-25,35374,36,Ahmed Saeed El-Shenawy,DPL,07-11-25,,,51.878,Fill,V01-D,ROAD 9 ( 00+400 : 00+460 ) RIGHT ,-9.5,5,,,APPROVED AS NOTED,DONE,2,EIDG,1,
1806,Thursday,06-11-25,53303,36,EL-THANAA,DPL,04-11-25,,,42.43,Fill,V01-D,ROAD 9 ( 00+300 : 00+340 ) RIGHT ,-14.5,4,,,APPROVED AS NOTED,DONE,2,EIDG,2,
1807,Thursday,06-11-25,35304,36,EL-THANAA,DPL,04-11-25,,,53.55,Fill,V01-D,ROAD 9 ( 00+300 : 00+340 ) LEFT ,-14,2,,,APPROVED AS NOTED,DONE,2,EIDG,2,
1808,Thursday,06-11-25,35305,36,MATTAR,DPL,05-11-25,,,48.77,Fill,V01-D,ROAD 9 ( 00+200 : 00+300 ) RIGHT  AND LEFT,-12.5,6,,,APPROVED AS NOTED,DONE,2,EIDG,1,
1809,Thursday,06-11-25,35306,36,ORASCOM,DPL,05-11-25,,,45.44,Fill,V01-D,ROAD 9 ( 00+160 : 00+200 ) RIGHT  AND LEFT,-10,5,,,APPROVED AS NOTED,DONE,2,EIDG,1,
1810,Thursday,06-11-25,35307,36,ORASCOM,DPL,05-11-25,,,52.315,Fill,V01-D,ROAD 9 ( 00+140 : 00+160 ) RIGHT  AND LEFT,-9,3,,,APPROVED AS NOTED,DONE,2,EIDG,1,
1811,Thursday,06-11-25,35308,36,EL-THANAA,DPL,05-11-25,,,41.73,Fill,V01-D,ROAD 9 ( 00+340 : 00+360 ) RIGHT  ,-14,2,,,APPROVED AS NOTED,DONE,2,EIDG,1,
1812,Thursday,06-11-25,35309,36,EL-THANAA,DPL,05-11-25,,,53.55,Fill,V01-D,ROAD 9 ( 00+340 : 00+360 ) LEFT  ,-13.5,2,,,APPROVED AS NOTED,DONE,2,EIDG,1,
1813,Thursday,06-11-25,35310,36,EL-THANAA,DPL,05-11-25,,,43.55,Fill,V01-D,ROAD 9 ( 00+360 : 00+380 ) RIGHT ,-13,2,,,APPROVED AS NOTED,DONE,2,EIDG,1,
1814,Thursday,06-11-25,35320,36,ORASCOM,DPL,05-11-25,,,46.36,Fill,V01-D,ROAD 9 ( 00+100 : 00+120 ) RIGHT AND LEFT,-6.5,3,,,APPROVED AS NOTED,DONE,2,EIDG,1,
1815,Thursday,06-11-25,35312,36,EL-THANAA,DPL,05-11-25,,,53.55,Fill,V01-D,ROAD 9 ( 00+380 : 00+400 )  LEFT,-12.5,2,,,APPROVED AS NOTED,DONE,2,EIDG,1,
1816,Thursday,06-11-25,35314,36,EL-THANAA,DPL,05-11-25,,,46.76,Fill,V01-D,ROAD 9 ( 00+380 : 00+400 )  RIGHT,-13,3,,,APPROVED AS NOTED,DONE,2,EIDG,1,
1817,Thursday,06-11-25,35311,36,EL-THANAA,DPL,05-11-25,,,53.55,Fill,V01-D,ROAD 9 ( 00+360 : 00+380 )  LEFT,-13,2,,,APPROVED AS NOTED,DONE,2,EIDG,1,
1818,Sunday,09-11-25,35393,36,EL-THANAA,DPL,08-11-25,,,44.09,Fill,V01-D,ROAD 9 ( 00+300 : 00+340 )  LEFT,-13.5,2,,,APPROVED AS NOTED,DONE,2,EIDG,1,
1819,Sunday,09-11-25,35392,36,EL-THANAA,DPL,08-11-25,,,48.255,Fill,V01-D,ROAD 9 ( 00+400 : 00+460 )  RIGHT ,-9,8,,,APPROVED AS NOTED,DONE,2,EIDG,1,
1820,Friday,07-11-25,35353,36,EL-THANAA,DPL,06-11-25,,,57.067,Fill,V01-D,ROAD 9 ( 00+360 : 00+380 )  RIGHT ,-13,2,,,APPROVED AS NOTED,DONE,2,EIDG,1,
1821,Friday,07-11-25,35354,36,EL-THANAA,DPL,06-11-25,,,48.68,Fill,V01-D,ROAD 9 ( 00+380 : 00+400 )  RIGHT ,-12.5,2,,,APPROVED AS NOTED,DONE,2,EIDG,1,
1822,Friday,07-11-25,35355,36,ORASCOM,DPL,06-11-25,,,43.617,Fill,V01-D,ROAD 9 ( 00+140 : 00+160 )  RIGHT AND LEFT,-8.5,6,,,APPROVED AS NOTED,DONE,2,EIDG,1,
1823,Friday,07-11-25,35356,36,ORASCOM,DPL,06-11-25,,,34.915,Fill,V01-D,ROAD 9 ( 00+160 : 00+200 )  RIGHT AND LEFT,-9.5,10,,,REVISE,DONE,2,EIDG,1,
1824,Saturday,08-11-25,35364,36,ORASCOM,PLATE LOAD,06-11-25,,,,Fill,V01-D,ROAD 9 ( 00+120 : 00+140 )   ,-7.5,1,,,APPROVED AS NOTED,DONE,5,CEL,2,
1825,Saturday,08-11-25,35381,36,ORASCOM,DPL,07-11-25,,,42.28,Fill,V01-D,ROAD 9 ( 00+120 : 00+140 )   RIGHT AND LEFT,-8,6,,,APPROVED AS NOTED,DONE,2,EIDG,1,
1826,Saturday,08-11-25,35380,36,ORASCOM,DPL,07-11-25,,,42.35,Fill,V01-D,ROAD 9 ( 00+120 : 00+140 )   RIGHT AND LEFT,-7,8,,,APPROVED AS NOTED,DONE,2,EIDG,1,
1827,Saturday,08-11-25,35379,36,MATTAR,DPL,07-11-25,,,47.281,Fill,V01-D,ROAD 9 ( 00+200 : 00+300 )   RIGHT AND LEFT,-11.5,14,,,APPROVED AS NOTED,DONE,2,EIDG,1,
1828,Saturday,08-11-25,35378,36,MOKHTAR EL-SHENAWY,DPL,07-11-25,,,46.088,Fill,V01-D,ROAD 9 ( 00+500 : 00+580 )   RIGHT ,-7,7,,,APPROVED AS NOTED,DONE,2,EIDG,1,
1829,Saturday,08-11-25,35377,36,Ahmed Saeed El-Shenawy,DPL,07-11-25,,,42.84,Fill,V01-D,ROAD 9 ( 00+400 : 00+500 )   LEFT ,-9,4,,,APPROVED AS NOTED,DONE,2,EIDG,1,
1830,Saturday,08-11-25,35376,36,Ahmed Saeed El-Shenawy,DPL,07-11-25,,,49.608,Fill,V01-D,ROAD 9 ( 00+460 : 00+500 )   RIGHT ,-8.5,4,,,APPROVED AS NOTED,DONE,2,EIDG,1,
1831,Monday,10-11-25,35437,36,MOKHTAR EL-SHENAWY,PLATE LOAD,09-11-25,,,,Fill,V01-D,ROAD 9 ( 00+500 : 00+580 )   RIGHT ,-6.5,1,,,APPROVED AS NOTED,DONE,5,CEL,1,
1832,Monday,10-11-25,35439,36,ORASCOM,PLATE LOAD,08-11-25,,,,Fill,V01-D,ROAD 9 ( 00+140 : 00+160 )    ,-7.5,1,,,REVISE,DONE,6,CEDC,2,
1833,Monday,10-11-25,35448,36,EL-THANAA,PLATE LOAD,08-11-25,,,,Fill,V01-D,ROAD 9 ( 00+300 : 00+340 )    ,-12,1,,,APPROVED AS NOTED,DONE,5,CEL,2,
1834,Monday,10-11-25,35443,36,EL-THANAA,PLATE LOAD,09-11-25,,,,Fill,V01-D,ROAD 9 ( 00+300 : 00+400 )    LEFT,20.8,1,,,APPROVED AS NOTED,DONE,5,CEL,1,
1835,Monday,10-11-25,35442,36,EL-THANAA,PLATE LOAD,08-11-25,,,,Fill,V01-D,ROAD 9 ( 00+300 : 00+400 )    ,-12.5,1,,,APPROVED AS NOTED,DONE,6,CEDC,2,
1836,Monday,10-11-25,35441,36,EL-THANAA,PLATE LOAD,08-11-25,,,,Fill,V01-D,ROAD 9 ( 00+300 : 00+400 )    ,-12.5,1,,,APPROVED AS NOTED,DONE,6,CEDC,2,
1837,Monday,10-11-25,35440,36,ORASCOM,PLATE LOAD,09-11-25,,,,Fill,V01-D,ROAD 9 ( 00+140 : 00+160 )    ,-7.5,1,,,APPROVED AS NOTED,DONE,5,CEL,1,
1838,Monday,10-11-25,35438,36,Ahmed Saeed El-Shenawy,PLATE LOAD,10-11-25,,,,Fill,V01-D,ROAD 9 ( 00+400 : 00+500 )    RIGHT,-7.5,1,,,REVISE,DONE,5,CEL,0,
1839,Monday,10-11-25,35398,36,MATTAR,DPL,08-11-25,,,45.194,Fill,V01-D,ROAD 9 ( 00+200 : 00+300 )    RIGHT AND LEFT,-11,11,,,APPROVED AS NOTED,DONE,2,EIDG,2,
1840,Sunday,09-11-25,35397,36,Ahmed Saeed El-Shenawy,DPL,08-11-25,,,40.25,Fill,V01-D,ROAD 9 ( 00+400 : 00+500 )   LEFT,-8.5,7,,,APPROVED AS NOTED,DONE,2,EIDG,1,
1841,Sunday,09-11-25,35396,36,EL-THANAA,DPL,08-11-25,,,49.43,Fill,V01-D,ROAD 9 ( 00+380 : 00+400 )   LEFT,-12,2,,,APPROVED AS NOTED,DONE,2,EIDG,1,
1842,Sunday,09-11-25,35395,36,EL-THANAA,DPL,08-11-25,,,46.62,Fill,V01-D,ROAD 9 ( 00+360 : 00+380 )   LEFT,-12.5,2,,,APPROVED AS NOTED,DONE,2,EIDG,1,
1843,Sunday,09-11-25,35394,36,EL-THANAA,DPL,08-11-25,,,42.053,Fill,V01-D,ROAD 9 ( 00+340 : 00+360 )   LEFT,-13,2,,,APPROVED AS NOTED,DONE,2,EIDG,1,
1844,Friday,07-11-25,35337,36,Ahmed Saeed El-Shenawy,PLATE LOAD,20-10-25,,,,Fill,V01-D,ROAD 10 ( 00+580 : 00+740 )   LEFT,-3,1,,,APPROVED AS NOTED,DONE,3,BONYAN MISR,18,
1845,Tuesday,11-11-25,35480,36,EL-THANAA,DPL,10-11-25,,,50.235,Fill,V01-D,ROAD 9 ( 00+300 : 00+340 )   RIGHT ,-12.5,2,,,APPROVED AS NOTED,DONE,2,EIDG,1,
1846,Tuesday,11-11-25,35479,36,ORASCOM,DPL,10-11-25,,,44.265,Fill,V01-D,ROAD 9 ( 00+160 : 00+200 )   RIGHT AND LEFT,-8,8,,,APPROVED AS NOTED,DONE,2,EIDG,1,
1847,Tuesday,11-11-25,35478,36,ORASCOM,DPL,10-11-25,,,45.336,Fill,V01-D,ROAD 9 ( 00+120 : 00+140 )   RIGHT AND LEFT,-6,9,,,APPROVED AS NOTED,DONE,2,EIDG,1,
1848,Tuesday,11-11-25,35477,36,Ahmed Saeed El-Shenawy,DPL,10-11-25,,,50.131,Fill,V01-D,ROAD 9 ( 00+460 : 00+500 )   RIGHT,-7.5,3,,,APPROVED AS NOTED,DONE,2,EIDG,1,
1849,Tuesday,11-11-25,35476,36,Ahmed Saeed El-Shenawy,DPL,10-11-25,,,51.69,Fill,V01-D,ROAD 9 ( 00+400 : 00+460 )   RIGHT,-7.5,4,,,APPROVED AS NOTED,DONE,2,EIDG,1,
1850,Tuesday,11-11-25,35475,36,EL-THANAA,DPL,10-11-25,,,44.077,Fill,V01-D,ROAD 9 ( 00+300 : 00+340 )   RIGHT,-13,4,,,APPROVED AS NOTED,DONE,2,EIDG,1,
1851,Tuesday,11-11-25,35474,36,EL-THANAA,DPL,10-11-25,,,42.043,Fill,V01-D,ROAD 9 ( 00+340 : 00+360 )   RIGHT,-12.5,2,,,APPROVED AS NOTED,DONE,2,EIDG,1,
1852,Tuesday,11-11-25,35472,36,EL-THANAA,DPL,10-11-25,,,55.737,Fill,V01-D,ROAD 9 ( 00+380 : 00+400 )   RIGHT,-11.5,2,,,APPROVED AS NOTED,DONE,2,EIDG,1,
1853,Tuesday,11-11-25,35471,36,ORASCOM,DPL,10-11-25,,,48.49,Fill,V01-D,ROAD 9 ( 00+160 : 00+200 )   RIGHT AND LEFT,-8.5,10,,,APPROVED AS NOTED,DONE,2,EIDG,1,
1854,Tuesday,11-11-25,35470,36,EL-THANAA,DPL,10-11-25,,,54.49,Fill,V01-D,ROAD 9 ( 00+380 : 00+400 )   RIGHT ,-11,2,,,APPROVED AS NOTED,DONE,2,EIDG,1,
1855,Tuesday,11-11-25,35469,36,EL-THANAA,DPL,10-11-25,,,47.665,Fill,V01-D,ROAD 9 ( 00+360 : 00+380 )   RIGHT ,-11.5,2,,,APPROVED AS NOTED,DONE,2,EIDG,1,
1856,Tuesday,11-11-25,35468,36,EL-THANAA,DPL,10-11-25,,,50.262,Fill,V01-D,ROAD 9 ( 00+340 : 00+360 )   RIGHT ,-12,2,,,APPROVED AS NOTED,DONE,2,EIDG,1,
1857,Tuesday,11-11-25,35467,36,ORASCOM,DPL,10-11-25,,,40.776,Fill,V01-D,ROAD 9 ( 00+340 : 00+360 )   RIGHT ,-7,5,,,REVISE,DONE,2,EIDG,1,
1858,Tuesday,11-11-25,35466,36,EL-THANAA,DPL,10-11-25,,,38.209,Fill,V01-D,ROAD 9 ( 00+300 : 00+340 )   LEFT ,-13,2,,,REVISE,DONE,2,EIDG,1,
1859,Tuesday,11-11-25,35465,36,EL-THANAA,DPL,10-11-25,,,51.872,Fill,V01-D,ROAD 9 ( 00+340 : 00+360 )   LEFT ,-12.5,2,,,APPROVED AS NOTED,DONE,2,EIDG,1,
1860,Tuesday,11-11-25,35464,36,EL-THANAA,DPL,10-11-25,,,45.029,Fill,V01-D,ROAD 9 ( 00+360 : 00+380 )   LEFT ,-12,2,,,APPROVED AS NOTED,DONE,2,EIDG,1,
1861,Tuesday,11-11-25,35463,36,EL-THANAA,DPL,10-11-25,,,47.34,Fill,V01-D,ROAD 9 ( 00+380 : 00+400 )   LEFT ,-11.5,2,,,APPROVED AS NOTED,DONE,2,EIDG,1,
1862,Tuesday,11-11-25,35462,36,MOKHTAR EL-SHENAWY,DPL,10-11-25,,,50.98,Fill,V01-D,ROAD 9 ( 00+500 : 00+580 )   RIGHT ,-6,5,,,APPROVED AS NOTED,DONE,2,EIDG,1,
1863,Tuesday,11-11-25,35473,36,EL-THANAA,DPL,10-11-25,,,41.99,Fill,V01-D,ROAD 9 ( 00+360 : 00+380 )   RIGHT ,-12,3,,,APPROVED AS NOTED,DONE,2,EIDG,1,
1864,Tuesday,11-11-25,35484,36,Ahmed Saeed El-Shenawy,PLATE LOAD,10-11-25,,,,Fill,V01-D,ROAD 9 ( 00+400 : 00+500 )   LEFT ,-7.5,1,,,REVISE,DONE,5,CEL,1,
1865,Tuesday,11-11-25,35483,36,Ahmed Saeed El-Shenawy,PLATE LOAD,10-11-25,,,,Fill,V01-D,ROAD 9 ( 00+400 : 00+460 )   RIGHT ,-7.5,1,,,APPROVED AS NOTED,DONE,5,CEL,1,
1866,Tuesday,11-11-25,35482,36,Ahmed Saeed El-Shenawy,PLATE LOAD,10-11-25,,,,Fill,V01-D,ROAD 9 ( 00+400 : 00+500 )   LEFT ,-7.5,1,,,APPROVED AS NOTED,DONE,5,CEL,1,
1867,Tuesday,11-11-25,35481,36,Ahmed Saeed El-Shenawy,PLATE LOAD,10-11-25,,,,Fill,V01-D,ROAD 9 ( 00+460 : 00+500 )   RIGHT ,-7.5,1,,,APPROVED AS NOTED,DONE,5,CEL,1,
1868,Wednesday,12-11-25,35517,36,MATTAR,PLATE LOAD,11-11-25,,,,Fill,V01-D,ROAD 9 ( 00+200 : 00+300 )   RIGHT  AND LEFT,-10,1,,,APPROVED AS NOTED,DONE,5,CEL,1,
1869,Wednesday,12-11-25,35516,36,MATTAR,PLATE LOAD,11-11-25,,,,Fill,V01-D,ROAD 9 ( 00+200 : 00+300 )   RIGHT  AND LEFT,-10,1,,,APPROVED AS NOTED,DONE,5,CEL,1,
1870,Wednesday,12-11-25,35509,36,Ahmed Saeed El-Shenawy,DPL,11-11-25,,,44.036,Fill,V01-D,ROAD 9 ( 00+400 : 00+460 )   RIGHT  ,-7,4,,,APPROVED AS NOTED,DONE,2,EIDG,1,
1871,Wednesday,12-11-25,35508,36,Ahmed Saeed El-Shenawy,DPL,11-11-25,,,44.172,Fill,V01-D,ROAD 9 ( 00+460 : 00+500 )   RIGHT  ,-7,4,,,REVISE,DONE,2,EIDG,1,
1872,Wednesday,12-11-25,35507,36,ORASCOM,DPL,11-11-25,,,52.19,Fill,V01-D,ROAD 9 ( 00+100 : 00+120 )   RIGHT  AND LEFT,-5.5,3,,,APPROVED AS NOTED,DONE,2,EIDG,1,
1873,Wednesday,12-11-25,35506,36,ORASCOM,DPL,11-11-25,,,43.288,Fill,V01-D,ROAD 9 ( 00+060 : 00+080 )   RIGHT  AND LEFT,-5.5,2,,,APPROVED AS NOTED,DONE,2,EIDG,1,
1874,Wednesday,12-11-25,35505,36,ORASCOM,DPL,11-11-25,,,38.35,Fill,V01-D,ROAD 9 ( 00+120 : 00+140 )   RIGHT  AND LEFT,-5.5,5,,,REVISE,DONE,2,EIDG,1,
1875,Wednesday,12-11-25,35504,36,ORASCOM,DPL,11-11-25,,,44.76,Fill,V01-D,ROAD 9 ( 00+140 : 00+160 )   RIGHT  AND LEFT,-6.5,2,,,APPROVED AS NOTED,DONE,2,EIDG,1,
1876,Wednesday,12-11-25,35503,36,ORASCOM,DPL,11-11-25,,,46.79,Fill,V01-D,ROAD 9 ( 00+080 : 00+100 )   RIGHT  AND LEFT,-5.5,4,,,APPROVED AS NOTED,DONE,2,EIDG,1,
1877,Wednesday,12-11-25,35502,36,MOKHTAR EL-SHENAWY,DPL,11-11-25,,,53.27,Fill,V01-D,ROAD 9 ( 00+500 : 00+580 )   RIGHT  ,-5.5,5,,,APPROVED AS NOTED,DONE,2,EIDG,1,
1878,Wednesday,12-11-25,35501,36,MATTAR,DPL,11-11-25,,,45.68,Fill,V01-D,ROAD 9 ( 00+200 : 00+300 )   RIGHT AND LEFT,-10,13,,,APPROVED AS NOTED,DONE,2,EIDG,1,
1879,Wednesday,12-11-25,35500,36,ORASCOM,DPL,11-11-25,,,44.04,Fill,V01-D,ROAD 9 ( 00+060 : 00+080 )   RIGHT AND LEFT,-6,7,,,APPROVED AS NOTED,DONE,2,EIDG,1,
1880,Wednesday,12-11-25,35499,36,EL-THANAA,DPL,11-11-25,,,40.116,Fill,V01-D,ROAD 9 ( 00+300 : 00+340 )   LEFT,-12.5,4,,,REVISE,DONE,2,EIDG,1,
1881,Wednesday,12-11-25,35498,36,EL-THANAA,DPL,11-11-25,,,41.083,Fill,V01-D,ROAD 9 ( 00+340 : 00+360 )   LEFT,-12,4,,,REVISE,DONE,2,EIDG,1,
1882,Wednesday,12-11-25,35497,36,EL-THANAA,DPL,11-11-25,,,40.56,Fill,V01-D,ROAD 9 ( 00+360 : 00+380 )   LEFT,-11.5,4,,,REVISE,DONE,2,EIDG,1,
1883,Wednesday,12-11-25,35496,36,EL-THANAA,DPL,11-11-25,,,43.318,Fill,V01-D,ROAD 9 ( 00+380 : 00+400 )   LEFT,-11,4,,,APPROVED AS NOTED,DONE,2,EIDG,1,
1884,Wednesday,12-11-25,35495,36,Ahmed Saeed El-Shenawy,DPL,11-11-25,,,41.75,Fill,V01-D,ROAD 9 ( 00+400 : 00+500 )   LEFT,-7,5,,,REVISE,DONE,2,EIDG,1,
1885,Wednesday,12-11-25,35493,36,Ahmed Saeed El-Shenawy,PLATE LOAD,11-11-25,,,,Fill,V01-D,ROAD 9 ( 00+400 : 00+500 )   LEFT,19.65,1,,,APPROVED AS NOTED,DONE,5,CEL,1,
1886,Wednesday,12-11-25,35515,36,MATTAR,PLATE LOAD,11-11-25,,,,Fill,V01-D,ROAD 9 ( 00+200 : 00+300 )   RIGHT AND LEFT,-10,1,,,APPROVED AS NOTED,DONE,5,CEL,1,
1887,Wednesday,12-11-25,35510,36,Ahmed Saeed El-Shenawy,DPL,10-11-25,,,53.52,Fill,V01-D,ROAD 9 ( 00+400 : 00+500 )   ,19.65,5,,,APPROVED AS NOTED,DONE,2,EIDG,2,
1888,Wednesday,12-11-25,35512,36,MOKHTAR EL-SHENAWY,PLATE LOAD,11-11-25,,,,Fill,V01-D,ROAD 9 ( 00+500 : 00+600 )   LEFT,18.34,1,,,APPROVED AS NOTED,DONE,5,CEL,1,
1889,Wednesday,12-11-25,35511,36,MOKHTAR EL-SHENAWY,PLATE LOAD,11-11-25,,,,Fill,V01-D,ROAD 9 ( 00+500 : 00+600 )   LEFT,19,1,,,APPROVED AS NOTED,DONE,6,CEDC,1,
1890,Thursday,13-11-25,35540,36,Ahmed Saeed El-Shenawy,DPL,12-11-25,,,42.539,Fill,V01-D,ROAD 9 ( 00+400 : 00+420 )   LEFT,-12,2,,,APPROVED AS NOTED,DONE,2,CEDC,,
1891,Thursday,13-11-25,35539,36,EL-THANAA,DPL,12-11-25,,,47.849,Fill,V01-D,ROAD 9 ( 00+340 : 00+360 )   RIGHT,-11.5,2,,,APPROVED AS NOTED,DONE,2,CEDC,,
1892,Thursday,13-11-25,35538,36,EL-THANAA,DPL,12-11-25,,,49.003,Fill,V01-D,ROAD 9 ( 00+360 : 00+380 )   RIGHT,-11,2,,,APPROVED AS NOTED,DONE,2,CEDC,,
1893,Thursday,13-11-25,35537,36,EL-THANAA,DPL,12-11-25,,,58.01,Fill,V01-D,ROAD 9 ( 00+380 : 00+400 )   RIGHT,-10.5,2,,,APPROVED AS NOTED,DONE,2,CEDC,,
1894,Thursday,13-11-25,35536,36,MOKHTAR EL-SHENAWY,DPL,12-11-25,,,57.757,Fill,V01-D,ROAD 9 ( 00+500 : 00+520 )   LEFT,-9,2,,,APPROVED AS NOTED,DONE,2,CEDC,,
1895,Thursday,13-11-25,35535,36,MATTAR,DPL,12-11-25,,,46.886,Fill,V01-D,ROAD 9 ( 00+200 : 00+300 ) RIGHT AND  LEFT,-9.5,8,,,APPROVED AS NOTED,DONE,2,CEDC,,
1896,Thursday,13-11-25,35555,36,EL-THANAA,DPL,11-11-25,,,43.445,Fill,V01-D,ROAD 9 ( 00+300 : 00+340 )   LEFT,-12.5,2,,,APPROVED AS NOTED,DONE,2,CEDC,,
1897,Thursday,13-11-25,35554,36,Ahmed Saeed El-Shenawy,DPL,11-11-25,,,47.107,Fill,V01-D,ROAD 9 ( 00+400 : 00+500 )   LEFT,-7,3,,,APPROVED AS NOTED,DONE,2,CEDC,,
1898,Thursday,13-11-25,35553,36,EL-THANAA,DPL,11-11-25,,,42.358,Fill,V01-D,ROAD 9 ( 00+360 : 00+380 )   LEFT,-11.5,2,,,APPROVED AS NOTED,DONE,2,CEDC,,
1899,Thursday,13-11-25,35552,36,EL-THANAA,DPL,11-11-25,,,42.998,Fill,V01-D,ROAD 9 ( 00+340 : 00+360 )   LEFT,-12,2,,,APPROVED AS NOTED,DONE,2,CEDC,,
1900,Thursday,13-11-25,35551,36,MOKHTAR EL-SHENAWY,DPL,12-11-25,,,50.716,Fill,V01-D,ROAD 9 ( 00+500 : 00+580 )   RIGHT,-5,4,,,APPROVED AS NOTED,DONE,2,CEDC,,
1901,Thursday,13-11-25,35550,36,MOKHTAR EL-SHENAWY,DPL,12-11-25,,,54.981,Fill,V01-D,ROAD 9 ( 00+500 : 00+520 )   LEFT,-8.5,2,,,APPROVED AS NOTED,DONE,2,CEDC,,
1902,Thursday,13-11-25,35549,36,Ahmed Saeed El-Shenawy,DPL,12-11-25,,,48.068,Fill,V01-D,ROAD 9 ( 00+400 : 00+420 )   LEFT,-11.5,4,,,APPROVED AS NOTED,DONE,2,CEDC,,
1903,Thursday,13-11-25,35548,36,Ahmed Saeed El-Shenawy,DPL,12-11-25,,,46.578,Fill,V01-D,ROAD 9 ( 00+460 : 00+500 )   RIGHT,-6.5,8,,,APPROVED AS NOTED,DONE,2,CEDC,,
1904,Thursday,13-11-25,35547,36,ORASCOM,DPL,12-11-25,,,47.945,Fill,V01-D,ROAD 9 ( 00+060 : 00+080 )  RIGHT AND LEFT,-5,7,,,APPROVED AS NOTED,DONE,2,CEDC,,
1905,Thursday,13-11-25,35546,36,ORASCOM,DPL,12-11-25,,,50.582,Fill,V01-D,ROAD 9 ( 00+080 : 00+100 )  RIGHT AND LEFT,-5,5,,,APPROVED AS NOTED,DONE,2,CEDC,,
1906,Thursday,13-11-25,35545,36,ORASCOM,DPL,12-11-25,,,43.109,Fill,V01-D,ROAD 9 ( 00+120 : 00+140 )  RIGHT AND LEFT,-5,5,,,APPROVED AS NOTED,DONE,2,CEDC,,
1907,Thursday,13-11-25,35544,36,ORASCOM,DPL,12-11-25,,,44.327,Fill,V01-D,ROAD 9 ( 00+160 : 00+200 )  RIGHT AND LEFT,-7,4,,,APPROVED AS NOTED,DONE,2,CEDC,,
1908,Thursday,13-11-25,35543,36,Ahmed Saeed El-Shenawy,DPL,12-11-25,,,62.184,Fill,V01-D,ROAD 9 ( 00+400 : 00+420 )   LEFT,-12.5,3,,,APPROVED AS NOTED,DONE,2,CEDC,,
1909,Thursday,13-11-25,35542,36,Ahmed Saeed El-Shenawy,DPL,12-11-25,,,49.355,Fill,V01-D,ROAD 9 ( 00+400 : 00+500 )   LEFT,-6.5,4,,,APPROVED AS NOTED,DONE,2,CEDC,,
1910,Saturday,15-11-25,35585,36,Ahmed Saeed El-Shenawy,DPL,13-11-25,,,46.959,Fill,V01-D,ROAD 9 ( 00+400 : 00+460 )   RIGHT,-6,3,,,APPROVED AS NOTED,DONE,2,CEDC,,
1911,Saturday,15-11-25,35582,36,Ahmed Saeed El-Shenawy,DPL,13-11-25,,,56.494,Fill,V01-D,ROAD 9 ( 00+460 : 00+500 )   RIGHT,-6,3,,,APPROVED AS NOTED,DONE,2,CEDC,,
1912,Saturday,15-11-25,35581,36,ORASCOM,DPL,13-11-25,,,48.041,Fill,V01-D,ROAD 9 ( 00+160 : 00+200 )   RIGHT ANA LEFT,-6.5,9,,,APPROVED AS NOTED,DONE,2,CEDC,,
1913,Saturday,15-11-25,35580,36,ORASCOM,DPL,13-11-25,,,45.807,Fill,V01-D,ROAD 9 ( 00+200 : 00+300 )   RIGHT ANA LEFT,-9,10,,,APPROVED AS NOTED,DONE,2,CEDC,,
1914,Saturday,15-11-25,35579,36,MOKHTAR EL-SHENAWY,DPL,13-11-25,,,52.603,Fill,V01-D,ROAD 9 ( 00+520 : 00+560 )   RIGHT ,-7,2,,,APPROVED AS NOTED,DONE,2,CEDC,,
1915,Saturday,15-11-25,35578,36,MOKHTAR EL-SHENAWY,DPL,13-11-25,,,46.359,Fill,V01-D,ROAD 9 ( 00+500 : 00+560 )   LEFT ,-7.5,3,,,APPROVED AS NOTED,DONE,2,CEDC,,
1916,Saturday,15-11-25,35577,36,Ahmed Saeed El-Shenawy,DPL,13-11-25,,,47.851,Fill,V01-D,ROAD 9 ( 00+400 : 00+500 )   LEFT ,-6,5,,,APPROVED AS NOTED,DONE,2,CEDC,,
1917,Saturday,15-11-25,35576,36,Ahmed Saeed El-Shenawy,DPL,13-11-25,,,51.988,Fill,V01-D,ROAD 9 ( 00+400 : 00+420 )   LEFT ,-10.5,3,,,APPROVED AS NOTED,DONE,2,CEDC,,
1918,Saturday,15-11-25,35575,36,ORASCOM,DPL,13-11-25,,,48.092,Fill,V01-D,ROAD 9 ( 00+100 : 00+120 ) RIGHT AND  LEFT ,-5,3,,,APPROVED AS NOTED,DONE,2,CEDC,,
1919,Saturday,15-11-25,35574,36,ORASCOM,DPL,13-11-25,,,49.515,Fill,V01-D,ROAD 9 ( 00+140 : 00+160 ) RIGHT AND  LEFT ,-6,4,,,APPROVED AS NOTED,DONE,2,CEDC,,
1920,Saturday,15-11-25,35573,36,MOKHTAR EL-SHENAWY,DPL,13-11-25,,,45.203,Fill,V01-D,ROAD 9 ( 00+500 : 00+540 )   LEFT ,-8,2,,,APPROVED AS NOTED,DONE,2,CEDC,,
1921,Saturday,15-11-25,35572,36,EL-THANAA,DPL,13-11-25,,,46.434,Fill,V01-D,ROAD 9 ( 00+300 : 00+340 )   LEFT ,-12,2,,,APPROVED AS NOTED,DONE,2,CEDC,,
1922,Saturday,15-11-25,35571,36,EL-THANAA,DPL,13-11-25,,,54.346,Fill,V01-D,ROAD 9 ( 00+360 : 00+380 )   LEFT ,-11,2,,,APPROVED AS NOTED,DONE,2,CEDC,,
1923,Saturday,15-11-25,35570,36,EL-THANAA,DPL,13-11-25,,,47.6,Fill,V01-D,ROAD 9 ( 00+380 : 00+400 )   LEFT ,-10.5,2,,,APPROVED AS NOTED,DONE,2,CEDC,,
1924,Saturday,15-11-25,35569,36,EL-THANAA,DPL,13-11-25,,,52.889,Fill,V01-D,ROAD 9 ( 00+340 : 00+360 )   LEFT ,-11.5,2,,,APPROVED AS NOTED,DONE,2,CEDC,,
1925,Saturday,15-11-25,35568,36,MOKHTAR EL-SHENAWY,DPL,13-11-25,,,48.261,Fill,V01-D,ROAD 9 ( 00+520 : 00+540 )   RIGHT ,-8,2,,,APPROVED AS NOTED,DONE,2,CEDC,,
1926,Saturday,15-11-25,35567,36,ORASCOM,DPL,12-11-25,,,43.779,Fill,V01-D,ROAD 9 ( 00+100 : 00+120 )   RIGHT AND LEFT,-5,3,,,APPROVED AS NOTED,DONE,2,CEDC,,
1927,Saturday,15-11-25,35626,36,Ahmed Saeed El-Shenawy,DPL,14-11-25,,,52.695,Fill,V01-D,ROAD 9 ( 00+400 : 00+500 )   LEFT,-5.5,11,,,APPROVED AS NOTED,DONE,2,CEDC,,
1928,Saturday,15-11-25,35602,36,EL-THANAA,DPL,14-11-25,,,51.185,Fill,V01-D,ROAD 9 ( 00+380 : 00+400 )   LEFT,-10,2,,,APPROVED AS NOTED,DONE,2,CEDC,,
1929,Saturday,15-11-25,35603,36,EL-THANAA,DPL,14-11-25,,,46.896,Fill,V01-D,ROAD 9 ( 00+380 : 00+400 )   RIGHT,-10,2,,,APPROVED AS NOTED,DONE,2,CEDC,,
1930,Saturday,15-11-25,35604,36,EL-THANAA,DPL,14-11-25,,,51.359,Fill,V01-D,ROAD 9 ( 00+360 : 00+380 )   RIGHT,-10.5,2,,,APPROVED AS NOTED,DONE,2,CEDC,,
1931,Saturday,15-11-25,35605,36,EL-THANAA,DPL,14-11-25,,,45.313,Fill,V01-D,ROAD 9 ( 00+340 : 00+360 )   RIGHT,-11,2,,,APPROVED AS NOTED,DONE,2,CEDC,,
1932,Saturday,15-11-25,35606,36,EL-THANAA,DPL,14-11-25,,,46.702,Fill,V01-D,ROAD 9 ( 00+300 : 00+340 )   RIGHT,-11.5,2,,,APPROVED AS NOTED,DONE,2,CEDC,,
1933,Saturday,15-11-25,35607,36,EL-THANAA,DPL,14-11-25,,,43.843,Fill,V01-D,ROAD 9 ( 00+300 : 00+340 )   LEFT,-11.5,2,,,APPROVED AS NOTED,DONE,2,CEDC,,
1934,Saturday,15-11-25,35608,36,EL-THANAA,DPL,14-11-25,,,47.49,Fill,V01-D,ROAD 9 ( 00+340 : 00+360 )   RIGHT,-11,2,,,APPROVED AS NOTED,DONE,2,CEDC,,
1935,Saturday,15-11-25,35609,36,EL-THANAA,DPL,14-11-25,,,53.996,Fill,V01-D,ROAD 9 ( 00+360 : 00+380 )   RIGHT,-10.5,2,,,APPROVED AS NOTED,DONE,2,CEDC,,
1936,Saturday,15-11-25,35587,36,Ahmed Saeed El-Shenawy,DPL,14-11-25,,,48.243,Fill,V01-D,ROAD 9 ( 00+400 : 00+420 )   LEFT,-11,2,,,APPROVED AS NOTED,DONE,2,CEDC,,
1937,Saturday,15-11-25,35610,36,Ahmed Saeed El-Shenawy,DPL,14-11-25,,,47.22,Fill,V01-D,ROAD 9 ( 00+500 : 00+580 )   LEFT,-7,3,,,APPROVED AS NOTED,DONE,2,CEDC,,
1938,Saturday,15-11-25,35611,36,MOKHTAR EL-SHENAWY,DPL,14-11-25,,,48.811,Fill,V01-D,ROAD 9 ( 00+500 : 00+580 )   RIGHT,-4.5,8,,,APPROVED AS NOTED,DONE,2,CEDC,,
1939,Saturday,15-11-25,35612,36,MOKHTAR EL-SHENAWY,DPL,14-11-25,,,44.07,Fill,V01-D,ROAD 9 ( 00+520 : 00+560 )   RIGHT,-7,2,,,APPROVED AS NOTED,DONE,2,CEDC,,
1940,Saturday,15-11-25,35613,36,Ahmed Saeed El-Shenawy,DPL,14-11-25,,,46.814,Fill,V01-D,ROAD 9 ( 00+400 : 00+480 )   LEFT ,-10,4,,,APPROVED AS NOTED,DONE,2,CEDC,,
1941,Saturday,15-11-25,35614,36,ORASCOM,DPL,14-11-25,,,57.76,Fill,V01-D,ROAD 9 ( 00+140 : 00+160 )   RIGHT ,-5.5,3,,,APPROVED AS NOTED,DONE,2,CEDC,,
1942,Saturday,15-11-25,35615,36,ORASCOM,DPL,14-11-25,,,49.764,Fill,V01-D,ROAD 9 ( 00+160 : 00+200 )   RIGHT AND LEFT,-6,7,,,APPROVED AS NOTED,DONE,2,CEDC,,
1943,Saturday,15-11-25,35624,36,Ahmed Saeed El-Shenawy,DPL,10-11-25,,,49.764,Fill,V01-D,ROAD 9 ( 00+400 : 00+500 )   LEFT,AS-BUILT,5,,,APPROVED AS NOTED,DONE,2,CEDC,الطريق القائم,
1944,Saturday,15-11-25,35625,36,MATTAR,PLATE LOAD,12-11-25,,,,Fill,V01-D,ROAD 9 ( 00+200 : 00+300 )   ,AS-BUILT,1,,,APPROVED AS NOTED,DONE,5,CEL,الطريق القائم,
1945,Saturday,15-11-25,35616,36,ORASCOM,PLATE LOAD,12-11-25,,,,Fill,V01-D,ROAD 9 ( 00+160 : 00+200 )  RIGHT AND LEFT ,-7.5,1,,,APPROVED AS NOTED,DONE,5,CEL,,
1946,Saturday,15-11-25,35617,36,ORASCOM,PLATE LOAD,12-11-25,,,,Fill,V01-D,ROAD 9 ( 00+160 : 00+200 )  RIGHT AND LEFT ,-7.5,1,,,APPROVED AS NOTED,DONE,5,CEL,,
1947,Saturday,15-11-25,35618,36,ORASCOM,PLATE LOAD,13-11-25,,,,Fill,V01-D,ROAD 9 ( 00+060 : 00+140 )  RIGHT AND LEFT ,-5,1,,,APPROVED AS NOTED,DONE,5,CEL,,
1948,Saturday,15-11-25,35619,36,ORASCOM,PLATE LOAD,13-11-25,,,,Fill,V01-D,ROAD 9 ( 00+060 : 00+140 )  RIGHT AND LEFT ,-5,1,,,APPROVED AS NOTED,DONE,5,CEL,,
1949,Saturday,15-11-25,35629,36,EL-THANAA,PLATE LOAD,12-11-25,,,,Fill,V01-D,ROAD 9 ( 00+300 : 00+400 )   LEFT ,AS-BUILT,1,,,APPROVED AS NOTED,DONE,5,CEL,الطريق القائم,
1950,Sunday,16-11-25,35636,36,MATTAR,DPL,15-11-25,,,49.06,Fill,V01-D,ROAD 9 ( 00+200 : 00+300 )  RIGHT AND  LEFT ,-8.5,13,,,APPROVED AS NOTED,DONE,2,EIDG,1,
1951,Sunday,16-11-25,35637,36,Ahmed Saeed El-Shenawy,DPL,15-11-25,,,59.817,Fill,V01-D,ROAD 9 ( 00+400 : 00+460 )  RIGHT,-5.5,2,,,APPROVED AS NOTED,DONE,2,EIDG,1,
1952,Sunday,16-11-25,35638,36,Ahmed Saeed El-Shenawy,DPL,15-11-25,,,47.616,Fill,V01-D,ROAD 9 ( 00+460 : 00+500 )  RIGHT,-5.5,2,,,APPROVED AS NOTED,DONE,2,EIDG,1,
1953,Sunday,16-11-25,35641,36,MOKHTAR EL-SHENAWY,DPL,15-11-25,,,49.432,Fill,V01-D,ROAD 9 ( 00+520 : 00+580 )  RIGHT,-6.5,4,,,APPROVED AS NOTED,DONE,2,EIDG,1,
1954,Sunday,16-11-25,35642,36,MOKHTAR EL-SHENAWY,DPL,15-11-25,,,49.375,Fill,V01-D,ROAD 9 ( 00+500 : 00+600 )  LEFT,-6.5,3,,,APPROVED AS NOTED,DONE,2,EIDG,1,
1955,Sunday,16-11-25,35643,36,Ahmed Saeed El-Shenawy,DPL,15-11-25,,,55.738,Fill,V01-D,ROAD 9 ( 00+400 : 00+480 )  LEFT,-9.5,4,,,APPROVED AS NOTED,DONE,2,EIDG,1,
1956,Sunday,16-11-25,35644,36,ORASCOM,DPL,16-11-25,,,57.855,Fill,V01-D,ROAD 9 ( 00+140 : 00+160 )  RIGHT AND  LEFT,-5,5,,,APPROVED AS NOTED,DONE,2,EIDG,0,
1957,Sunday,16-11-25,35645,36,EL-THANAA,DPL,15-11-25,,,51.123,Fill,V01-D,ROAD 9 ( 00+300 : 00+340 )   LEFT,-11,2,,,APPROVED AS NOTED,DONE,2,EIDG,1,
1958,Sunday,16-11-25,35646,36,EL-THANAA,DPL,15-11-25,,,91.234,Fill,V01-D,ROAD 9 ( 00+300 : 00+340 )   RIGHT,-11,2,,,APPROVED AS NOTED,DONE,2,EIDG,1,
1959,Sunday,16-11-25,35647,36,EL-THANAA,DPL,15-11-25,,,51.123,Fill,V01-D,ROAD 9 ( 00+340 : 00+360 )   LEFT,-10.5,2,,,APPROVED AS NOTED,DONE,2,EIDG,1,
1960,Sunday,16-11-25,35648,36,EL-THANAA,DPL,15-11-25,,,54.77,Fill,V01-D,ROAD 9 ( 00+340 : 00+360 )   RIGHT,-10.5,2,,,APPROVED AS NOTED,DONE,2,EIDG,1,
1961,Sunday,16-11-25,35649,36,EL-THANAA,DPL,15-11-25,,,55.879,Fill,V01-D,ROAD 9 ( 00+360 : 00+380 )   LEFT,-10,2,,,APPROVED AS NOTED,DONE,2,EIDG,1,
1962,Sunday,16-11-25,35650,36,EL-THANAA,DPL,15-11-25,,,53.012,Fill,V01-D,ROAD 9 ( 00+360 : 00+380 )   RIGHT,-10,2,,,APPROVED AS NOTED,DONE,2,EIDG,1,
1963,Sunday,16-11-25,35651,36,EL-THANAA,DPL,15-11-25,,,50.059,Fill,V01-D,ROAD 9 ( 00+380 : 00+400 )   LEFT,-9.5,2,,,APPROVED AS NOTED,DONE,2,EIDG,1,
1964,Sunday,16-11-25,35652,36,EL-THANAA,DPL,15-11-25,,,54.707,Fill,V01-D,ROAD 9 ( 00+380 : 00+400 )   RIGHT,-9.5,2,,,APPROVED AS NOTED,DONE,2,EIDG,1,
1965,Sunday,16-11-25,35653,36,Ahmed Saeed El-Shenawy,DPL,15-11-25,,,50.566,Fill,V01-D,ROAD 9 ( 00+400 : 00+500 )   LEFT,-5,4,,,APPROVED AS NOTED,DONE,2,EIDG,1,
1966,Sunday,16-11-25,35654,36,ORASCOM,DPL,16-11-25,,,52.402,Fill,V01-D,ROAD 9 ( 00+060 : 00+140 )  RIGHT AND  LEFT,-4.5,6,,,APPROVED AS NOTED,DONE,2,EIDG,0,
1967,Monday,17-11-25,35678,36,ORASCOM,DPL,16-11-25,,,45.001,Fill,V01-D,ROAD 9 ( 00+060 : 00+140 )  RIGHT AND  LEFT,-4,9,,,APPROVED AS NOTED,DONE,2,EIDG,1,
1968,Monday,17-11-25,35677,36,ORASCOM,DPL,16-11-25,,,46.996,Fill,V01-D,ROAD 9 ( 00+160 : 00+200 )  RIGHT AND  LEFT,-5.5,6,,,APPROVED AS NOTED,DONE,2,EIDG,1,
1969,Monday,17-11-25,35676,36,MATTAR,DPL,16-11-25,,,45.991,Fill,V01-D,ROAD 9 ( 00+200 : 00+300 )   LEFT,-13.5,3,,,APPROVED AS NOTED,DONE,2,EIDG,1,
1970,Monday,17-11-25,35675,36,MATTAR,DPL,16-11-25,,,43.656,Fill,V01-D,ROAD 9 ( 00+200 : 00+300 )  RIGHT AND  LEFT,-8,15,,,APPROVED AS NOTED,DONE,2,EIDG,1,
1971,Monday,17-11-25,35674,36,Ahmed Saeed El-Shenawy,DPL,16-11-25,,,55.641,Fill,V01-D,ROAD 9 ( 00+460 : 00+500 )  RIGHT ,-5,6,,,APPROVED AS NOTED,DONE,2,EIDG,1,
1972,Monday,17-11-25,35673,36,EL-THANAA,DPL,16-11-25,,,55.335,Fill,V01-D,ROAD 9 ( 00+300 : 00+340 )  LEFT ,-14,2,,,APPROVED AS NOTED,DONE,2,EIDG,1,
1973,Monday,17-11-25,35672,36,Ahmed Saeed El-Shenawy,DPL,16-11-25,,,52.342,Fill,V01-D,ROAD 9 ( 00+400 : 00+500 )  LEFT ,-9,5,,,APPROVED AS NOTED,DONE,2,EIDG,1,
1974,Monday,17-11-25,35671,36,EL-THANAA,DPL,16-11-25,,,47.308,Fill,V01-D,ROAD 9 ( 00+300 : 00+340 )  LEFT ,-10.5,2,,,APPROVED AS NOTED,DONE,2,EIDG,1,
1975,Monday,17-11-25,35670,36,EL-THANAA,DPL,16-11-25,,,41.682,Fill,V01-D,ROAD 9 ( 00+340 : 00+360 )  LEFT ,-10,2,,,APPROVED AS NOTED,DONE,2,EIDG,1,
1976,Monday,17-11-25,35669,36,EL-THANAA,DPL,16-11-25,,,50.261,Fill,V01-D,ROAD 9 ( 00+360 : 00+380 )  LEFT ,-9.5,2,,,APPROVED AS NOTED,DONE,2,EIDG,1,
1977,Monday,17-11-25,35668,36,EL-THANAA,DPL,16-11-25,,,57.537,Fill,V01-D,ROAD 9 ( 00+380 : 00+400 )  LEFT ,-9,2,,,APPROVED AS NOTED,DONE,2,EIDG,1,
1978,Wednesday,26-11-25,35891,36,MOKHTAR EL-SHENAWY,DPL,23-11-25,,,47.933,Fill,V01-D,ROAD 9 ( 00+500 : 00+600 )  RIGHT ,-3,7,,,APPROVED AS NOTED,DONE,2,EIDG,3,
1979,Sunday,23-11-25,35840,36,MOKHTAR EL-SHENAWY,DPL,23-11-25,,,46.445,Fill,V01-D,ROAD 9 ( 00+500 : 00+600 )  LEFT ,-3.5,6,,,APPROVED AS NOTED,DONE,2,EIDG,0,
1980,Sunday,23-11-25,35841,36,EL-THANAA,DPL,22-11-25,,,46.445,Fill,V01-D,ROAD 9 ( 00+300 : 00+340 )  LEFT ,-8.5,2,,,APPROVED AS NOTED,DONE,2,EIDG,1,
1981,Sunday,23-11-25,35842,36,EL-THANAA,DPL,22-11-25,,,45.754,Fill,V01-D,ROAD 9 ( 00+340 : 00+360 )  LEFT ,-8,2,,,APPROVED AS NOTED,DONE,2,EIDG,1,
1982,Sunday,23-11-25,35843,36,EL-THANAA,DPL,22-11-25,,,47.074,Fill,V01-D,ROAD 9 ( 00+360 : 00+380 )  LEFT ,-7.5,2,,,APPROVED AS NOTED,DONE,2,EIDG,1,
1983,Sunday,23-11-25,35844,36,EL-THANAA,DPL,22-11-25,,,50.16,Fill,V01-D,ROAD 9 ( 00+300 : 00+340 )  LEFT ,-12,7,,,APPROVED AS NOTED,DONE,2,EIDG,1,
1984,Sunday,23-11-25,35845,36,Ahmed Saeed El-Shenawy,DPL,22-11-25,,,51.943,Fill,V01-D,ROAD 9 ( 00+400 : 00+500 )  LEFT ,-6,5,,,APPROVED AS NOTED,DONE,2,EIDG,1,
1985,Sunday,23-11-25,35839,36,MOKHTAR EL-SHENAWY,DPL,22-11-25,,,51.689,Fill,V01-D,ROAD 9 ( 00+500 : 00+600 )  RIGHT ,-3.5,9,,,APPROVED AS NOTED,DONE,2,EIDG,1,
1986,Sunday,23-11-25,35846,36,MATTAR,DPL,22-11-25,,,44.691,Fill,V01-D,ROAD 9 ( 00+200 : 00+300 )  LEFT ,-5.5,7,,,APPROVED AS NOTED,DONE,2,EIDG,1,
1987,Sunday,23-11-25,35847,36,MATTAR,DPL,22-11-25,,,50.645,Fill,V01-D,ROAD 9 ( 00+200 : 00+300 )  LEFT ,-10.5,4,,,APPROVED AS NOTED,DONE,2,EIDG,1,
1988,Sunday,23-11-25,35848,36,Ahmed Saeed El-Shenawy,DPL,22-11-25,,,52.034,Fill,V01-D,ROAD 9 ( 00+400 : 00+500 )  RIGHT ,-2.5,4,,,APPROVED AS NOTED,DONE,2,EIDG,1,
1989,Sunday,23-11-25,35850,36,Ahmed Saeed El-Shenawy,DPL,22-11-25,,,54.419,Fill,V01-D,ROAD 9 ( 00+400 : 00+500 )  LEFT ,-5.5,5,,,APPROVED AS NOTED,DONE,2,EIDG,1,
1990,Sunday,23-11-25,35802,36,ORASCOM,DPL,19-11-25,,,47.689,Fill,V01-D,ROAD 9 ( 00+060 : 00+140 )  RIGHT ,-3,11,,,APPROVED AS NOTED,DONE,2,EIDG,4,
1991,Sunday,23-11-25,35800,36,MOKHTAR EL-SHENAWY,DPL,19-11-25,,,52.432,Fill,V01-D,ROAD 9 ( 00+500 : 00+600 )  RIGHT ,-5,4,,,APPROVED AS NOTED,DONE,2,EIDG,4,
1992,Sunday,23-11-25,35801,36,MATTAR,DPL,19-11-25,,,46.319,Fill,V01-D,ROAD 9 ( 00+200 : 00+300 )  LEFT ,-11.5,4,,,APPROVED AS NOTED,DONE,2,EIDG,4,
1993,Sunday,23-11-25,35799,36,MATTAR,DPL,19-11-25,,,47.521,Fill,V01-D,ROAD 9 ( 00+200 : 00+300 )  RIGHT AND LEFT,-7,8,,,APPROVED AS NOTED,DONE,2,EIDG,4,
1994,Sunday,23-11-25,35798,36,MOKHTAR EL-SHENAWY,DPL,19-11-25,,,48.682,Fill,V01-D,ROAD 9 ( 00+500 : 00+600 )  RIGHT ,-4.5,5,,,APPROVED AS NOTED,DONE,2,EIDG,4,
1995,Sunday,23-11-25,35996,36,MOKHTAR EL-SHENAWY,DPL,19-11-25,,,50.755,Fill,V01-D,ROAD 9 ( 00+500 : 00+600 )  LEFT ,-5,7,,,APPROVED AS NOTED,DONE,2,EIDG,4,
1996,Sunday,23-11-25,35797,36,Ahmed Saeed El-Shenawy,DPL,19-11-25,,,49.986,Fill,V01-D,ROAD 9 ( 00+400 : 00+500 )  RIGHT ,-3.5,3,,,APPROVED AS NOTED,DONE,2,EIDG,4,
1997,Sunday,23-11-25,35829,36,MATTAR,DPL,20-11-25,,,48.553,Fill,V01-D,ROAD 9 ( 00+200 : 00+300 )  RIGHT AND LEFT,-6.5,6,,,APPROVED AS NOTED,DONE,2,EIDG,3,
1998,Sunday,23-11-25,35830,36,Ahmed Saeed El-Shenawy,DPL,20-11-25,,,55.26,Fill,V01-D,ROAD 9 ( 00+400 : 00+500 )   LEFT,-6.5,5,,,APPROVED AS NOTED,DONE,2,EIDG,3,
1999,Sunday,23-11-25,35831,36,MOKHTAR EL-SHENAWY,DPL,20-11-25,,,53.697,Fill,V01-D,ROAD 9 ( 00+500 : 00+600 )   LEFT,-4.5,8,,,APPROVED AS NOTED,DONE,2,EIDG,3,
2000,Sunday,23-11-25,35832,36,EL-THANAA,DPL,20-11-25,,,54.885,Fill,V01-D,ROAD 9 ( 00+300 : 00+400 )   LEFT,-12.5,3,,,APPROVED AS NOTED,DONE,2,EIDG,3,
2001,Sunday,23-11-25,35833,36,EL-THANAA,DPL,20-11-25,,,47.835,Fill,V01-D,ROAD 9 ( 00+360 : 00+380 )   RIGHT,-8.5,2,,,APPROVED AS NOTED,DONE,2,EIDG,3,
2002,Sunday,23-11-25,35808,36,Ahmed Saeed El-Shenawy,DPL,19-11-25,,,51.432,Fill,V01-D,ROAD 9 ( 00+400 : 00+500 )   LEFT,-3.5,3,,,APPROVED AS NOTED,DONE,2,EIDG,4,
2003,Sunday,23-11-25,35809,36,ORASCOM,DPL,19-11-25,,,48.151,Fill,V01-D,ROAD 9 ( 00+140 : 00+200 )   RIGHT AND   LEFT,-4.5,8,,,APPROVED AS NOTED,DONE,2,EIDG,4,
2004,Sunday,23-11-25,35810,36,ORASCOM,DPL,20-11-25,,,43.829,Fill,V01-D,ROAD 9 ( 00+060 : 00+140 )   RIGHT AND   LEFT,-2.75,7,,,APPROVED AS NOTED,DONE,2,EIDG,3,
2005,Sunday,23-11-25,35811,36,Ahmed Saeed El-Shenawy,DPL,19-11-25,,,55.02,Fill,V01-D,ROAD 9 ( 00+400 : 00+500 )   RIGHT ,-4,9,,,APPROVED AS NOTED,DONE,2,EIDG,4,
2006,Sunday,23-11-25,35812,36,Ahmed Saeed El-Shenawy,DPL,19-11-25,,,47.415,Fill,V01-D,ROAD 9 ( 00+400 : 00+500 )   LEFT ,-7,5,,,APPROVED AS NOTED,DONE,2,EIDG,4,
2007,Sunday,23-11-25,35813,36,Ahmed Saeed El-Shenawy,DPL,21-11-25,,,46.997,Fill,V01-D,ROAD 9 ( 00+400 : 00+500 )   RIGHT ,-2.75,7,,,APPROVED AS NOTED,DONE,2,EIDG,2,
2008,Sunday,23-11-25,35814,36,ORASCOM,DPL,22-11-25,,,48.286,Fill,V01-D,ROAD 9 ( 00+060 : 00+140 )   RIGHT AND LEFT ,-2.5,15,,,APPROVED AS NOTED,DONE,2,EIDG,1,
2009,Sunday,23-11-25,35815,36,MATTAR,DPL,21-11-25,,,55.254,Fill,V01-D,ROAD 9 ( 00+200 : 00+300 )   LEFT ,-11,3,,,APPROVED AS NOTED,DONE,2,EIDG,2,
2010,Sunday,23-11-25,35816,36,MATTAR,DPL,21-11-25,,,48.857,Fill,V01-D,ROAD 9 ( 00+200 : 00+300 )   RIGHT AND LEFT ,-6,8,,,APPROVED AS NOTED,DONE,2,EIDG,2,
2011,Sunday,23-11-25,35807,36,MOKHTAR EL-SHENAWY,DPL,21-11-25,,,52.823,Fill,V01-D,ROAD 9 ( 00+500 : 00+600 )   LEFT ,-4,5,,,APPROVED AS NOTED,DONE,2,EIDG,2,
2012,Sunday,23-11-25,35806,36,Ahmed Saeed El-Shenawy,DPL,21-11-25,,,47.491,Fill,V01-D,ROAD 9 ( 00+400 : 00+500 )   LEFT ,-2.75,4,,,APPROVED AS NOTED,DONE,2,EIDG,2,
2013,Sunday,23-11-25,35805,36,EL-THANAA,DPL,21-11-25,,,44.882,Fill,V01-D,ROAD 9 ( 00+300 : 00+340 )   LEFT ,-9,2,,,APPROVED AS NOTED,DONE,2,EIDG,2,
2014,Sunday,23-11-25,35804,36,EL-THANAA,DPL,21-11-25,,,55.928,Fill,V01-D,ROAD 9 ( 00+340 : 00+360 )   LEFT ,-8.5,2,,,APPROVED AS NOTED,DONE,2,EIDG,2,
2015,Sunday,23-11-25,35997,36,EL-THANAA,DPL,21-11-25,,,49.235,Fill,V01-D,ROAD 9 ( 00+360 : 00+380 )   LEFT ,-8,2,,,APPROVED AS NOTED,DONE,2,EIDG,2,
2016,Sunday,23-11-25,35803,36,Ahmed Saeed El-Shenawy,DPL,18-11-25,,,51.852,Fill,V01-D,ROAD 9 ( 00+400 : 00+500 )   LEFT ,-4,4,,,APPROVED AS NOTED,DONE,2,EIDG,5,
2017,Sunday,23-11-25,35849,36,Ahmed Saeed El-Shenawy,DPL,22-11-25,,,50.695,Fill,V01-D,ROAD 9 ( 00+400 : 00+500 )   LEFT ,-2.5,3,,,APPROVED AS NOTED,DONE,2,EIDG,1,
2018,Sunday,23-11-25,35837,36,EL-THANAA,DPL,23-11-25,,,52.285,Fill,V01-D,ROAD 9 ( 00+360 : 00+380 )   LEFT ,-7.5,4,,,APPROVED AS NOTED,DONE,2,EIDG,0,
2019,Sunday,23-11-25,35838,36,EL-THANAA,DPL,23-11-25,,,44.496,Fill,V01-D,ROAD 9 ( 00+380 : 00+400 )   LEFT ,-7,4,,,APPROVED AS NOTED,DONE,2,EIDG,0,
2020,Sunday,23-11-25,35836,36,EL-THANAA,DPL,22-11-25,,,43.26,Fill,V01-D,ROAD 9 ( 00+340 : 00+360 )   RIGHT ,-8,4,,,APPROVED AS NOTED,DONE,2,EIDG,1,
2021,Sunday,23-11-25,35835,36,EL-THANAA,DPL,22-11-25,,,51.309,Fill,V01-D,ROAD 9 ( 00+300 : 00+340 )   RIGHT ,-8.5,4,,,APPROVED AS NOTED,DONE,2,EIDG,1,
2022,Sunday,23-11-25,35834,36,ORASCOM,DPL,22-11-25,,,55.206,Fill,V01-D,ROAD 9 ( 00+140 : 00+200 )   RIGHT AND   LEFT,-3.5,10,,,APPROVED AS NOTED,DONE,2,EIDG,1,
2023,Sunday,23-11-25,35817,36,EL-THANAA,DPL,21-11-25,,,42.778,Fill,V01-D,ROAD 9 ( 00+380 : 00+400 )    LEFT,-7.5,2,,,APPROVED AS NOTED,DONE,2,EIDG,2,
2024,Sunday,23-11-25,35818,36,EL-THANAA,DPL,21-11-25,,,49.638,Fill,V01-D,ROAD 9 ( 00+300 : 00+340 )    RIGHT,-9,2,,,APPROVED AS NOTED,DONE,2,EIDG,2,
2025,Sunday,23-11-25,35819,36,EL-THANAA,DPL,21-11-25,,,54.324,Fill,V01-D,ROAD 9 ( 00+340 : 00+360 )    RIGHT,-8.5,2,,,APPROVED AS NOTED,DONE,2,EIDG,2,
2026,Sunday,23-11-25,35820,36,EL-THANAA,DPL,21-11-25,,,46.082,Fill,V01-D,ROAD 9 ( 00+360 : 00+380 )    RIGHT,-8,2,,,APPROVED AS NOTED,DONE,2,EIDG,2,
2027,Sunday,23-11-25,35821,36,EL-THANAA,DPL,21-11-25,,,53.904,Fill,V01-D,ROAD 9 ( 00+380 : 00+400 )    RIGHT,-7.5,2,,,APPROVED AS NOTED,DONE,2,EIDG,2,
2028,Sunday,23-11-25,35822,36,EL-THANAA,DPL,20-11-25,,,51.286,Fill,V01-D,ROAD 9 ( 00+380 : 00+400 )    RIGHT,-8,2,,,APPROVED AS NOTED,DONE,2,EIDG,3,
2029,Sunday,23-11-25,35823,36,EL-THANAA,DPL,20-11-25,,,46.684,Fill,V01-D,ROAD 9 ( 00+300 : 00+340 )    RIGHT,-9.5,2,,,APPROVED AS NOTED,DONE,2,EIDG,3,
2030,Sunday,23-11-25,35824,36,EL-THANAA,DPL,20-11-25,,,45.335,Fill,V01-D,ROAD 9 ( 00+340 : 00+360 )    RIGHT,-9,2,,,APPROVED AS NOTED,DONE,2,EIDG,3,
2031,Sunday,23-11-25,35825,36,ORASCOM,DPL,21-11-25,,,42.962,Fill,V01-D,ROAD 9 ( 00+140 : 00+200 )   RIGHT AND   LEFT,-4,12,,,APPROVED AS NOTED,DONE,2,EIDG,2,
2032,Sunday,23-11-25,35826,36,Ahmed Saeed El-Shenawy,DPL,20-11-25,,,50.078,Fill,V01-D,ROAD 9 ( 00+400 : 00+500 )   RIGHT,-3,5,,,APPROVED AS NOTED,DONE,2,EIDG,3,
2033,Sunday,23-11-25,35827,36,Ahmed Saeed El-Shenawy,DPL,20-11-25,,,47.026,Fill,V01-D,ROAD 9 ( 00+400 : 00+500 )   LEFT,-3,3,,,APPROVED AS NOTED,DONE,2,EIDG,3,
2034,Sunday,23-11-25,35828,36,MOKHTAR EL-SHENAWY,DPL,20-11-25,,,50.67,Fill,V01-D,ROAD 9 ( 00+500 : 00+600 )   RIGHT,-4,5,,,APPROVED AS NOTED,DONE,2,EIDG,3,
2035,Sunday,23-11-25,35867,36,MOKHTAR EL-SHENAWY,SOIL,11-11-25,A-2-4,26.90%,,Stockpile,V01-D,ROAD 9 ,,1,Sieve + Proctoer ,,APPROVED AS NOTED,DONE,3,EIDG,12,
2036,Sunday,23-11-25,35869,36,MOKHTAR EL-SHENAWY,SOIL,11-11-25,A-2-4,23.80%,,Stockpile,V01-D,ROAD 9 ,,1,Sieve + Proctoer ,,APPROVED AS NOTED,DONE,3,EIDG,12,
2037,Sunday,23-11-25,35868,36,MOKHTAR EL-SHENAWY,SOIL,11-11-25,A-2-4,23.70%,,Stockpile,V01-D,ROAD 9 ,,1,Sieve + Proctoer ,,APPROVED AS NOTED,DONE,3,EIDG,12,
2038,Sunday,23-11-25,35858,36,MOKHTAR EL-SHENAWY,PLATE LOAD,20-11-25,,,,Fill,V01-D,ROAD 9 ( 00+500 : 00+600 )   LEFT,22.32,1,,,APPROVED AS NOTED,DONE,6,CEDC,3,
2039,Sunday,23-11-25,35859,36,MOKHTAR EL-SHENAWY,PLATE LOAD,20-11-25,,,,Fill,V01-D,ROAD 9 ( 00+500 : 00+600 )   LEFT,22.45,1,,,APPROVED AS NOTED,DONE,6,CEDC,3,
2040,Sunday,23-11-25,35855,36,MOKHTAR EL-SHENAWY,PLATE LOAD,21-11-25,,,,Fill,V01-D,ROAD 9 ( 00+500 : 00+600 )   LEFT,23.75,1,,,APPROVED AS NOTED,DONE,6,CEDC,2,
2041,Sunday,23-11-25,35856,36,MOKHTAR EL-SHENAWY,PLATE LOAD,21-11-25,,,,Fill,V01-D,ROAD 9 ( 00+500 : 00+600 )   LEFT,22.71,1,,,APPROVED AS NOTED,DONE,6,CEDC,2,
2042,Sunday,23-11-25,35854,36,MATTAR,PLATE LOAD,18-11-25,,,,Fill,V01-D,ROAD 9 ( 00+200 : 00+300 )   RIGHT AND LEFT,-7.5,1,,,APPROVED AS NOTED,DONE,5,CEL,5,
2043,Sunday,23-11-25,35853,36,MATTAR,PLATE LOAD,18-11-25,,,,Fill,V01-D,ROAD 9 ( 00+200 : 00+300 )   RIGHT AND LEFT,-7.5,1,,,APPROVED AS NOTED,DONE,5,CEL,5,
2044,Sunday,23-11-25,35852,36,MATTAR,PLATE LOAD,18-11-25,,,,Fill,V01-D,ROAD 9 ( 00+200 : 00+300 )   RIGHT AND LEFT,-7.5,1,,,APPROVED AS NOTED,DONE,5,CEL,5,
2045,Wednesday,19-11-25,35715,36,EL-THANAA,DPL,18-11-25,,,54.566,Fill,V01-D,ROAD 9 ( 00+300 : 00+380 )    LEFT,-13,3,,,APPROVED AS NOTED,DONE,2,EIDG,1,
2046,Wednesday,19-11-25,35716,36,MATTAR,DPL,18-11-25,,,52.724,Fill,V01-D,ROAD 9 ( 00+200 : 00+300 )    LEFT,-12,3,,,APPROVED AS NOTED,DONE,2,EIDG,1,
2047,Wednesday,19-11-25,35717,36,EL-THANAA,DPL,18-11-25,,,44.367,Fill,V01-D,ROAD 9 ( 00+340 : 00+360 )    RIGHT,-9.5,2,,,APPROVED AS NOTED,DONE,2,EIDG,1,
2048,Wednesday,19-11-25,35718,36,EL-THANAA,DPL,18-11-25,,,49.557,Fill,V01-D,ROAD 9 ( 00+300 : 00+340 )    RIGHT,-10,2,,,APPROVED AS NOTED,DONE,2,EIDG,1,
2049,Wednesday,19-11-25,35719,36,EL-THANAA,DPL,18-11-25,,,49.487,Fill,V01-D,ROAD 9 ( 00+360 : 00+380 )    RIGHT,-9,2,,,APPROVED AS NOTED,DONE,2,EIDG,1,
2050,Wednesday,19-11-25,35720,36,EL-THANAA,DPL,18-11-25,,,48.969,Fill,V01-D,ROAD 9 ( 00+380 : 00+400 )    RIGHT,-8.5,2,,,APPROVED AS NOTED,DONE,2,EIDG,1,
2051,Wednesday,19-11-25,35721,36,Ahmed Saeed El-Shenawy,DPL,18-11-25,,,53.828,Fill,V01-D,ROAD 9 ( 00+400 : 00+500 )    RIGHT,-4.5,8,,,APPROVED AS NOTED,DONE,2,EIDG,1,
2052,Wednesday,19-11-25,35722,36,MATTAR,DPL,18-11-25,,,46.427,Fill,V01-D,ROAD 9 ( 00+200 : 00+300 )    RIGHT AND LEFT,-7.5,18,,,APPROVED AS NOTED,DONE,2,EIDG,1,
2053,Wednesday,19-11-25,35723,36,MOKHTAR EL-SHENAWY,DPL,18-11-25,,,55.849,Fill,V01-D,ROAD 9 ( 00+500 : 00+600 )    LEFT,-5.5,4,,,APPROVED AS NOTED,DONE,2,EIDG,1,
2054,Wednesday,19-11-25,35724,36,MOKHTAR EL-SHENAWY,DPL,17-11-25,,,56.804,Fill,V01-D,ROAD 9 ( 00+520 : 00+600 )    RIGHT,-6,2,,,APPROVED AS NOTED,DONE,2,EIDG,2,
2055,Wednesday,19-11-25,35725,36,Ahmed Saeed El-Shenawy,DPL,18-11-25,,,67.594,Fill,V01-D,ROAD 9 ( 00+400 : 00+500 )    LEFT,-7.5,5,,,APPROVED AS NOTED,DONE,2,EIDG,1,
2056,Tuesday,18-11-25,35683,36,EL-THANAA,DPL,17-11-25,,,50.972,Fill,V01-D,ROAD 9 ( 00+380 : 00+400 )    RIGHT,-9,2,,,APPROVED AS NOTED,DONE,2,EIDG,1,
2057,Tuesday,18-11-25,35684,36,Ahmed Saeed El-Shenawy,DPL,17-11-25,,,52.958,Fill,V01-D,ROAD 9 ( 00+400 : 00+500 )    LEFT,-8.5,5,,,APPROVED AS NOTED,DONE,2,EIDG,1,
2058,Tuesday,18-11-25,35685,36,ORASCOM,DPL,17-11-25,,,47.371,Fill,V01-D,ROAD 9 ( 00+160 : 00+300 )   RIGHT AND  LEFT,-5,8,,,APPROVED AS NOTED,DONE,2,EIDG,1,
2059,Tuesday,18-11-25,35686,36,ORASCOM,DPL,18-11-25,,,45.943,Fill,V01-D,ROAD 9 ( 00+060 : 00+140 )   RIGHT AND  LEFT,-3.5,8,,,APPROVED AS NOTED,DONE,2,EIDG,0,
2060,Tuesday,18-11-25,35687,36,MOKHTAR EL-SHENAWY,DPL,17-11-25,,,54.09,Fill,V01-D,ROAD 9 ( 00+520 : 00+600 )   RIGHT ,-5.5,5,,,APPROVED AS NOTED,DONE,2,EIDG,1,
2061,Tuesday,18-11-25,35688,36,Ahmed Saeed El-Shenawy,DPL,17-11-25,,,53.916,Fill,V01-D,ROAD 9 ( 00+400 : 00+500 )   LEFT ,-4.5,5,,,APPROVED AS NOTED,DONE,2,EIDG,1,
2062,Tuesday,18-11-25,35690,36,EL-THANAA,DPL,17-11-25,,,51.375,Fill,V01-D,ROAD 9 ( 00+300 : 00+340 )   LEFT ,-10,5,,,APPROVED AS NOTED,DONE,2,EIDG,1,
2063,Tuesday,18-11-25,35693,36,MATTAR,DPL,17-11-25,,,69.008,Fill,V01-D,ROAD 9 ( 00+200 : 00+300 )   LEFT ,-13,4,,,APPROVED AS NOTED,DONE,2,EIDG,1,
2064,Tuesday,18-11-25,35691,36,MATTAR,DPL,17-11-25,,,45.781,Fill,V01-D,ROAD 9 ( 00+200 : 00+300 )   LEFT ,-12.5,4,,,APPROVED AS NOTED,DONE,2,EIDG,1,
2065,Tuesday,18-11-25,35689,36,Ahmed Saeed El-Shenawy,DPL,17-11-25,,,66.916,Fill,V01-D,ROAD 9 ( 00+400 : 00+500 )   LEFT ,-8,7,,,APPROVED AS NOTED,DONE,2,EIDG,1,
2066,Tuesday,18-11-25,35679,36,EL-THANAA,DPL,17-11-25,,,47.36,Fill,V01-D,ROAD 9 ( 00+300 : 00+360 )   LEFT ,-13.5,2,,,APPROVED AS NOTED,DONE,2,EIDG,1,
2067,Tuesday,18-11-25,35680,36,EL-THANAA,DPL,17-11-25,,,51.055,Fill,V01-D,ROAD 9 ( 00+300 : 00+340 )   RIGHT ,-10.5,2,,,APPROVED AS NOTED,DONE,2,EIDG,1,
2068,Tuesday,18-11-25,35681,36,EL-THANAA,DPL,17-11-25,,,52.854,Fill,V01-D,ROAD 9 ( 00+340 : 00+360 )   RIGHT ,-10,2,,,APPROVED AS NOTED,DONE,2,EIDG,1,
2069,Tuesday,18-11-25,35682,36,EL-THANAA,DPL,17-11-25,,,49.211,Fill,V01-D,ROAD 9 ( 00+360 : 00+380 )   RIGHT ,-9.5,2,,,APPROVED AS NOTED,DONE,2,EIDG,1,
2070,Monday,17-11-25,35748,36,MOKHTAR EL-SHENAWY,PLATE LOAD,15-11-25,,,,Fill,V01-D,ROAD 9 ( 00+500 : 00+540 ) ,-6.5,1,,,APPROVED AS NOTED,DONE,6,CEDC,2,
2071,Wednesday,19-11-25,35750,36,ORASCOM,PLATE LOAD,17-11-25,,,,Fill,V01-D,ROAD 9 ( 00+160 : 00+200 )   RIGHT AND LEFT,-5,1,,,APPROVED AS NOTED,DONE,5,CEL,2,
2072,Wednesday,19-11-25,35751,36,ORASCOM,PLATE LOAD,17-11-25,,,,Fill,V01-D,ROAD 9 ( 00+160 : 00+200 )   RIGHT AND LEFT,-5,1,,,APPROVED AS NOTED,DONE,5,CEL,2,
2073,Wednesday,19-11-25,35738,36,EL-THANAA,PLATE LOAD,15-11-25,,,,Fill,V01-D,ROAD 9 ( 00+300 : 00+400 )   RIGHT AND LEFT,23.398,1,,,APPROVED AS NOTED,DONE,5,CEL,4,
2074,Wednesday,19-11-25,35739,36,EL-THANAA,PLATE LOAD,15-11-25,,,,Fill,V01-D,ROAD 9 ( 00+300 : 00+400 )   RIGHT AND LEFT,23.398,1,,,APPROVED AS NOTED,DONE,5,CEL,4,
2075,Wednesday,19-11-25,35740,36,EL-THANAA,PLATE LOAD,15-11-25,,,,Fill,V01-D,ROAD 9 ( 00+300 : 00+400 )   RIGHT AND LEFT,23.398,1,,,APPROVED AS NOTED,DONE,5,CEL,4,
2076,Wednesday,19-11-25,35746,36,Ahmed Saeed El-Shenawy,PLATE LOAD,16-11-25,,,,Fill,V01-D,ROAD 9 ( 00+400 : 00+500 )   ,-5,1,,,APPROVED AS NOTED,DONE,6,CEDC,3,
2077,Wednesday,19-11-25,35741,36,ORASCOM,PLATE LOAD,16-11-25,,,,Fill,V01-D,ROAD 9 ( 00+140 : 00+160 )   RIGHT AND LEFT,-5,1,,,APPROVED AS NOTED,DONE,5,CEL,3,
2078,Wednesday,19-11-25,35742,36,ORASCOM,PLATE LOAD,16-11-25,,,,Fill,V01-D,ROAD 9 ( 00+140 : 00+160 )   RIGHT AND LEFT,-5,1,,,APPROVED AS NOTED,DONE,5,CEL,3,
2079,Wednesday,19-11-25,35735,36,Ahmed Saeed El-Shenawy,PLATE LOAD,16-11-25,,,,Fill,V01-D,ROAD 9 ( 00+400 : 00+500 )   ,-9,1,,,APPROVED AS NOTED,DONE,5,CEL,3,
2080,Wednesday,19-11-25,35736,36,Ahmed Saeed El-Shenawy,PLATE LOAD,16-11-25,,,,Fill,V01-D,ROAD 9 ( 00+400 : 00+500 )   ,-9,1,,,APPROVED AS NOTED,DONE,5,CEL,3,
2081,Wednesday,19-11-25,35737,36,Ahmed Saeed El-Shenawy,PLATE LOAD,16-11-25,,,,Fill,V01-D,ROAD 9 ( 00+400 : 00+500 )   ,-5,1,,,APPROVED AS NOTED,DONE,5,CEL,3,
2082,Wednesday,19-11-25,35899,36,Ahmed Saeed El-Shenawy,PLATE LOAD,22-11-25,,,,Fill,V01-D,ROAD 9 ( 00+400 : 00+500 )   ,27.48,1,,,APPROVED AS NOTED,DONE,6,CEDC,#NUM!,
2083,Wednesday,26-11-25,35900,36,ORASCOM,PLATE LOAD,22-11-25,,,,Fill,V01-D,ROAD 9 ( 00+160 : 00+200 )   RIGHT AND LEFT,31.55,1,,,APPROVED AS NOTED,DONE,3,BONIAN MISR,4,
2084,Wednesday,26-11-25,35904,36,Ahmed Saeed El-Shenawy,PLATE LOAD,21-11-25,,,,Fill,V01-D,ROAD 9 ( 00+400 : 00+500 )  ,22.5,1,,,APPROVED AS NOTED,DONE,6,CEDC,5,
2085,Wednesday,26-11-25,35905,36,ORASCOM,PLATE LOAD,22-11-25,,,,Fill,V01-D,ROAD 9 ( 00+060 : 00+140 )   RIGHT AND LEFT ,31.55,1,,,APPROVED AS NOTED,DONE,3,BONIAN MISR,4,
2086,Wednesday,26-11-25,35906,36,ORASCOM,PLATE LOAD,22-11-25,,,,Fill,V01-D,ROAD 9 ( 00+060 : 00+140 )   RIGHT AND LEFT ,31.55,1,,,APPROVED AS NOTED,DONE,3,BONIAN MISR,4,
2087,Wednesday,26-11-25,35911,36,MATTAR,PLATE LOAD,24-11-25,,,,Fill,V01-D,ROAD 9 ( 00+200 : 00+300 )   RIGHT AND LEFT ,-5,1,,,APPROVED AS NOTED,DONE,5,CEL,2,
2088,Wednesday,26-11-25,35912,36,MATTAR,PLATE LOAD,24-11-25,,,,Fill,V01-D,ROAD 9 ( 00+200 : 00+300 )   RIGHT AND LEFT ,-5,1,,,APPROVED AS NOTED,DONE,5,CEL,2,
2089,Wednesday,26-11-25,35913,36,MATTAR,PLATE LOAD,24-11-25,,,,Fill,V01-D,ROAD 9 ( 00+200 : 00+300 )   RIGHT AND LEFT ,-5,1,,,REVISE,DONE,5,CEL,2,
2090,Wednesday,26-11-25,35914,36,MATTAR,PLATE LOAD,24-11-25,,,,Fill,V01-D,ROAD 9 ( 00+200 : 00+300 )   RIGHT AND LEFT ,-5,1,,,APPROVED AS NOTED,DONE,5,CEL,2,
2091,Wednesday,26-11-25,35916,36,ORASCOM,PLATE LOAD,22-11-25,,,,Fill,V01-D,ROAD 9 ( 00+060 : 00+140 )   RIGHT AND LEFT ,-2.5,1,,,APPROVED AS NOTED,DONE,5,CEL,4,
2092,Wednesday,26-11-25,35918,36,EL-THANAA,PLATE LOAD,22-11-25,,,,Fill,V01-D,ROAD 9 ( 00+360 : 00+400 )  ,-8.5,1,,,APPROVED AS NOTED,DONE,6,CEDC,4,
2093,Wednesday,26-11-25,35919,36,EL-THANAA,PLATE LOAD,22-11-25,,,,Fill,V01-D,ROAD 9 ( 00+340 : 00+360 )  ,-8,1,,,APPROVED AS NOTED,DONE,6,CEDC,4,
2094,Wednesday,26-11-25,35920,36,EL-THANAA,PLATE LOAD,22-11-25,,,,Fill,V01-D,ROAD 9 ( 00+300 : 00+340 )  ,-7,1,,,APPROVED AS NOTED,DONE,6,CEDC,4,
2095,Wednesday,26-11-25,35921,36,EL-THANAA,PLATE LOAD,22-11-25,,,,Fill,V01-D,ROAD 9 ( 00+300 : 00+340 )  ,-7,1,,,REVISE,DONE,6,CEDC,4,
2096,Wednesday,26-11-25,35925,36,Ahmed Saeed El-Shenawy,PLATE LOAD,22-11-25,,,,Fill,V01-D,ROAD 9 ( 00+400 : 00+500 )  ,29.01,1,,,APPROVED AS NOTED,DONE,6,CEDC,4,
2097,Wednesday,26-11-25,35926,36,Ahmed Saeed El-Shenawy,PLATE LOAD,22-11-25,,,,Fill,V01-D,ROAD 9 ( 00+400 : 00+500 )  ,27.72,1,,,APPROVED AS NOTED,DONE,6,CEDC,4,
2098,Wednesday,26-11-25,35927,36,ORASCOM,PLATE LOAD,22-11-25,,,,Fill,V01-D,ROAD 9 ( 00+060 : 00+140 )   RIGHT AND LEFT ,31.55,1,,,APPROVED AS NOTED,DONE,3,BONIAN MISR,4,
2099,Wednesday,26-11-25,35885,36,Ahmed Saeed El-Shenawy,DPL,23-11-25,,,45.284,Fill,V01-D,ROAD 9 ( 00+400 : 00+500 )    LEFT ,-2.25,5,,,APPROVED AS NOTED,DONE,2,EIDG,3,
2100,Wednesday,26-11-25,35884,36,Ahmed Saeed El-Shenawy,DPL,23-11-25,,,48.439,Fill,V01-D,ROAD 9 ( 00+400 : 00+500 )    LEFT ,-5,3,,,APPROVED AS NOTED,DONE,2,EIDG,3,
2101,Wednesday,26-11-25,35888,36,Ahmed Saeed El-Shenawy,DPL,23-11-25,,,45.592,Fill,V01-D,ROAD 9 ( 00+400 : 00+500 )    LEFT ,-2,4,,,APPROVED AS NOTED,DONE,2,EIDG,3,
2102,Wednesday,26-11-25,35887,36,Ahmed Saeed El-Shenawy,DPL,23-11-25,,,54.298,Fill,V01-D,ROAD 9 ( 00+400 : 00+500 )    RIGHT ,-2,4,,,APPROVED AS NOTED,DONE,2,EIDG,3,
2103,Wednesday,26-11-25,35886,36,Ahmed Saeed El-Shenawy,DPL,23-11-25,,,52.535,Fill,V01-D,ROAD 9 ( 00+400 : 00+500 )    RIGHT ,-2.25,6,,,APPROVED AS NOTED,DONE,2,EIDG,3,
2104,Wednesday,26-11-25,35892,36,MOKHTAR EL-SHENAWY,DPL,23-11-25,,,46.343,Fill,V01-D,ROAD 9 ( 00+500 : 00+600 )    LEFT ,-3.5,5,,,APPROVED AS NOTED,DONE,2,EIDG,3,
2105,Wednesday,26-11-25,35889,36,ORASCOM,DPL,23-11-25,,,52.552,Fill,V01-D,ROAD 9 ( 00+060 : 00+140 )   RIGHT AND LEFT ,-2.25,17,,,APPROVED AS NOTED,DONE,2,EIDG,3,
2106,Wednesday,26-11-25,35895,36,EL-THANAA,DPL,23-11-25,,,43.235,Fill,V01-D,ROAD 9 ( 00+340 : 00+360 )    LEFT ,-7.5,2,,,APPROVED AS NOTED,DONE,2,EIDG,3,
2107,Wednesday,26-11-25,35893,36,EL-THANAA,DPL,23-11-25,,,45.69,Fill,V01-D,ROAD 9 ( 00+300 : 00+340 )    LEFT ,-8,5,,,APPROVED AS NOTED,DONE,2,EIDG,3,
2108,Wednesday,26-11-25,35897,36,EL-THANAA,DPL,23-11-25,,,45.567,Fill,V01-D,ROAD 9 ( 00+380 : 00+400 )    LEFT ,-6.5,2,,,APPROVED AS NOTED,DONE,2,EIDG,3,
2109,Wednesday,26-11-25,35896,36,EL-THANAA,DPL,23-11-25,,,46.743,Fill,V01-D,ROAD 9 ( 00+360 : 00+380 )    LEFT ,-7,2,,,APPROVED AS NOTED,DONE,2,EIDG,3,
2110,Wednesday,26-11-25,35898,36,EL-THANAA,DPL,23-11-25,,,43.797,Fill,V01-D,ROAD 9 ( 00+300 : 00+400 )    LEFT ,-11.5,4,,,APPROVED AS NOTED,DONE,2,EIDG,3,
2111,Wednesday,26-11-25,35959,36,EL-THANAA,DPL,25-11-25,,,47.698,Fill,V01-D,ROAD 9 ( 00+380 : 00+400 )    RIGHT ,-6,3,,,APPROVED AS NOTED,DONE,2,EIDG,1,
2112,Wednesday,26-11-25,35961,36,EL-THANAA,DPL,25-11-25,,,46.248,Fill,V01-D,ROAD 9 ( 00+360 : 00+380 )    LEFT ,-6.5,2,,,APPROVED AS NOTED,DONE,2,EIDG,1,
2113,Wednesday,26-11-25,35960,36,EL-THANAA,DPL,25-11-25,,,45.093,Fill,V01-D,ROAD 9 ( 00+300 : 00+340 )    LEFT ,-7.5,3,,,APPROVED AS NOTED,DONE,2,EIDG,1,
2114,Wednesday,26-11-25,35962,36,EL-THANAA,DPL,25-11-25,,,46.248,Fill,V01-D,ROAD 9 ( 00+360 : 00+380 )    LEFT ,-6.5,2,,,APPROVED AS NOTED,DONE,2,EIDG,1,
2115,Wednesday,26-11-25,35964,36,EL-THANAA,DPL,25-11-25,,,51.1,Fill,V01-D,ROAD 9 ( 00+340 : 00+360 )    LEFT ,-7,2,,,APPROVED AS NOTED,DONE,2,EIDG,1,
2116,Wednesday,26-11-25,35963,36,EL-THANAA,DPL,25-11-25,,,45.093,Fill,V01-D,ROAD 9 ( 00+300 : 00+340 )    RIGHT ,-7.5,3,,,APPROVED AS NOTED,DONE,2,EIDG,1,
2117,Wednesday,26-11-25,35966,36,EL-THANAA,DPL,25-11-25,,,47.698,Fill,V01-D,ROAD 9 ( 00+380 : 00+400 )    LEFT ,-6,3,,,APPROVED AS NOTED,DONE,2,EIDG,1,
2118,Wednesday,26-11-25,35965,36,EL-THANAA,DPL,25-11-25,,,51.1,Fill,V01-D,ROAD 9 ( 00+340 : 00+360 )    RIGHT ,-7,2,,,APPROVED AS NOTED,DONE,2,EIDG,1,
2119,Wednesday,26-11-25,35970,36,ORASCOM,DPL,25-11-25,,,49.394,Fill,V01-D,ROAD 9 ( 00+060 : 00+140 )    RIGHT AND LEFT,-1.75,5,,,APPROVED AS NOTED,DONE,2,EIDG,1,
2120,Wednesday,26-11-25,35972,36,EL-THANAA,DPL,25-11-25,,,44.18,Fill,V01-D,ROAD 9 ( 00+300 : 00+400 )    RIGHT AND LEFT,-11,4,,,APPROVED AS NOTED,DONE,2,EIDG,1,
2121,Wednesday,26-11-25,35974,36,MOKHTAR EL-SHENAWY,DPL,25-11-25,,,53.552,Fill,V01-D,ROAD 9 ( 00+500 : 00+600 )    RIGHT ,-2.5,3,,,APPROVED AS NOTED,DONE,2,EIDG,1,
2122,Wednesday,26-11-25,35971,36,ORASCOM,DPL,25-11-25,,,48.959,Fill,V01-D,ROAD 9 ( 00+140 : 00+200 )    RIGHT AND LEFT,-2.75,8,,,APPROVED AS NOTED,DONE,2,EIDG,1,
2123,Wednesday,26-11-25,35973,36,MOKHTAR EL-SHENAWY,DPL,25-11-25,,,55.799,Fill,V01-D,ROAD 9 ( 00+500 : 00+600 )    LEFT,-2.5,5,,,APPROVED AS NOTED,DONE,2,EIDG,1,
2124,Wednesday,26-11-25,35977,36,MOKHTAR EL-SHENAWY,DPL,25-11-25,,,56.174,Fill,V01-D,ROAD 9 ( 00+500 : 00+580 )    RIGHT,-2.75,9,,,APPROVED AS NOTED,DONE,2,EIDG,1,
2125,Wednesday,26-11-25,35976,36,Ahmed Saeed El-Shenawy,DPL,25-11-25,,,52.104,Fill,V01-D,ROAD 9 ( 00+400 : 00+500 )    LEFT,-1.5,3,,,APPROVED AS NOTED,DONE,2,EIDG,1,
2126,Wednesday,26-11-25,35975,36,Ahmed Saeed El-Shenawy,DPL,25-11-25,,,46.421,Fill,V01-D,ROAD 9 ( 00+400 : 00+500 )    RIGHT,-1.5,8,,,APPROVED AS NOTED,DONE,2,EIDG,1,
2127,Wednesday,26-11-25,35958,36,MOKHTAR EL-SHENAWY,DPL,24-11-25,,,50.952,Fill,V01-D,ROAD 9 ( 00+500 : 00+600 )    LEFT,-2.75,3,,,APPROVED AS NOTED,DONE,2,EIDG,2,
2128,Wednesday,26-11-25,35978,36,Ahmed Saeed El-Shenawy,DPL,25-11-25,,,46.019,Fill,V01-D,ROAD 9 ( 00+400 : 00+500 )    LEFT,-4,4,,,APPROVED AS NOTED,DONE,2,EIDG,1,
2129,Wednesday,26-11-25,35956,36,MOKHTAR EL-SHENAWY,DPL,24-11-25,,,45.999,Fill,V01-D,ROAD 9 ( 00+500 : 00+600 )    LEFT,-3,10,,,APPROVED AS NOTED,DONE,2,EIDG,2,
2130,Wednesday,26-11-25,35957,36,Ahmed Saeed El-Shenawy,DPL,24-11-25,,,51.154,Fill,V01-D,ROAD 9 ( 00+400 : 00+500 )    LEFT,-4.5,4,,,APPROVED AS NOTED,DONE,2,EIDG,2,
2131,Wednesday,26-11-25,35955,36,Ahmed Saeed El-Shenawy,DPL,24-11-25,,,50.168,Fill,V01-D,ROAD 9 ( 00+400 : 00+500 )    RIGHT,-1.75,3,,,APPROVED AS NOTED,DONE,2,EIDG,2,
2132,Wednesday,26-11-25,35950,36,EL-THANAA,DPL,24-11-25,,,45.662,Fill,V01-D,ROAD 9 ( 00+300 : 00+400 )    RIGHT,-6.5,2,,,APPROVED AS NOTED,DONE,2,EIDG,2,
2133,Wednesday,26-11-25,35954,36,Ahmed Saeed El-Shenawy,DPL,24-11-25,,,49.267,Fill,V01-D,ROAD 9 ( 00+400 : 00+500 )    RIGHT,-1.75,3,,,APPROVED AS NOTED,DONE,2,EIDG,2,
2134,Wednesday,26-11-25,35949,36,EL-THANAA,DPL,24-11-25,,,47.055,Fill,V01-D,ROAD 9 ( 00+360 : 00+380 )    RIGHT,-7,2,,,APPROVED AS NOTED,DONE,2,EIDG,2,
2135,Wednesday,26-11-25,35946,36,MATTAR,DPL,24-11-25,,,46.159,Fill,V01-D,ROAD 9 ( 00+200 : 00+300 )    LEFT,-10,5,,,APPROVED AS NOTED,DONE,2,EIDG,2,
2136,Wednesday,26-11-25,35947,36,EL-THANAA,DPL,24-11-25,,,54.06,Fill,V01-D,ROAD 9 ( 00+300 : 00+340 )    RIGHT,-8,2,,,APPROVED AS NOTED,DONE,2,EIDG,2,
2137,Wednesday,26-11-25,35948,36,EL-THANAA,DPL,24-11-25,,,49.98,Fill,V01-D,ROAD 9 ( 00+340 : 00+360 )    RIGHT,-7.5,2,,,APPROVED AS NOTED,DONE,2,EIDG,2,
2138,Wednesday,26-11-25,35944,36,EL-THANAA,DPL,24-11-25,,,45.462,Fill,V01-D,ROAD 9 ( 00+140 : 00+200 )    RIGHT AND LEFT,-3,5,,,APPROVED AS NOTED,DONE,2,EIDG,2,
2139,Wednesday,26-11-25,35945,36,MATTAR,DPL,24-11-25,,,43.565,Fill,V01-D,ROAD 9 ( 00+200 : 00+300 )    RIGHT AND LEFT,-5,9,,,APPROVED AS NOTED,DONE,2,EIDG,2,
2140,Wednesday,26-11-25,35943,36,ORASCOM,DPL,24-11-25,,,53.287,Fill,V01-D,ROAD 9 ( 00+060 : 00+140 )    RIGHT AND LEFT,-2,8,,,APPROVED AS NOTED,DONE,2,EIDG,2,
2141,Thursday,27-11-25,35998,36,Ahmed Saeed El-Shenawy,PLATE LOAD,25-11-25,,,,Fill,V01-D,ROAD 9 ( 00+400 : 00+500 )  ,25.43,1,,,APPROVED AS NOTED,DONE,3,BONIAN MISR,2,
2142,Thursday,27-11-25,36000,36,ORASCOM,PLATE LOAD,26-11-25,,,,Fill,V01-D,ROAD 9 ( 00+140 : 00+200 )   RIGHT AND   LEFT,-2.5,1,,,APPROVED AS NOTED,DONE,5,CEL,1,
2143,Thursday,27-11-25,35999,36,ORASCOM,PLATE LOAD,26-11-25,,,,Fill,V01-D,ROAD 9 ( 00+140 : 00+200 )   RIGHT AND   LEFT,-2.5,1,,,APPROVED AS NOTED,DONE,5,CEL,1,
2144,Thursday,27-11-25,36009,36,EL-THANAA,DPL,26-11-25,,,49.77,Fill,V01-D,ROAD 9 ( 00+340 : 00+360 )   LEFT,-6.5,2,,,APPROVED AS NOTED,DONE,2,EIDG,1,
2145,Thursday,27-11-25,36008,36,MATTAR,DPL,26-11-25,,,43.936,Fill,V01-D,ROAD 9 ( 00+200 : 00+300 )   RIGHT AND LEFT,-4.5,7,,,APPROVED AS NOTED,DONE,2,EIDG,1,
2146,Thursday,27-11-25,36016,36,EL-THANAA,DPL,26-11-25,,,52.616,Fill,V01-D,ROAD 9 ( 00+300 : 00+340 )   RIGHT,-7,2,,,APPROVED AS NOTED,DONE,2,EIDG,1,
2147,Thursday,27-11-25,36014,36,EL-THANAA,DPL,26-11-25,,,47.083,Fill,V01-D,ROAD 9 ( 00+360 : 00+380 )   RIGHT,-6,2,,,APPROVED AS NOTED,DONE,2,EIDG,1,
2148,Thursday,27-11-25,36013,36,EL-THANAA,DPL,26-11-25,,,48.05,Fill,V01-D,ROAD 9 ( 00+380 : 00+400 )   RIGHT,-5.5,2,,,APPROVED AS NOTED,DONE,2,EIDG,1,
2149,Thursday,27-11-25,36012,36,EL-THANAA,DPL,26-11-25,,,53.096,Fill,V01-D,ROAD 9 ( 00+380 : 00+400 )   LEFT ,-5.5,2,,,APPROVED AS NOTED,DONE,2,EIDG,1,
2150,Thursday,27-11-25,36011,36,EL-THANAA,DPL,26-11-25,,,44.57,Fill,V01-D,ROAD 9 ( 00+360 : 00+380 )   LEFT ,-6,2,,,APPROVED AS NOTED,DONE,2,EIDG,1,
2151,Thursday,27-11-25,36010,36,EL-THANAA,DPL,26-11-25,,,43.164,Fill,V01-D,ROAD 9 ( 00+300 : 00+340 )   LEFT ,-7,2,,,APPROVED AS NOTED,DONE,2,EIDG,1,
2152,Thursday,27-11-25,36002,36,Ahmed Saeed El-Shenawy,DPL,26-11-25,,,48.773,Fill,V01-D,ROAD 9 ( 00+400 : 00+500 )   LEFT ,-2.75,3,,,APPROVED AS NOTED,DONE,2,EIDG,1,
2153,Thursday,27-11-25,36001,36,Ahmed Saeed El-Shenawy,DPL,26-11-25,,,46.276,Fill,V01-D,ROAD 9 ( 00+400 : 00+500 )   LEFT ,-3,3,,,APPROVED AS NOTED,DONE,2,EIDG,1,
2154,Thursday,27-11-25,36015,36,EL-THANAA,DPL,26-11-25,,,49.714,Fill,V01-D,ROAD 9 ( 00+340 : 00+360 )   RIGHT ,-6.5,3,,,APPROVED AS NOTED,DONE,2,EIDG,1,
2155,Thursday,27-11-25,36003,36,Ahmed Saeed El-Shenawy,DPL,26-11-25,,,50.016,Fill,V01-D,ROAD 9 ( 00+400 : 00+500 )   LEFT ,-3.5,3,,,APPROVED AS NOTED,DONE,2,EIDG,1,
2156,Thursday,27-11-25,36005,36,ORASCOM,DPL,26-11-25,,,45.317,Fill,V01-D,ROAD 9 ( 00+140 : 00+200 )   RIGHT AND LEFT ,-2.5,9,,,APPROVED AS NOTED,DONE,2,EIDG,1,
2157,Saturday,29-11-25,36041,36,ORASCOM,DPL,27-11-25,,,52.261,Fill,V01-D,ROAD 9 ( 00+140 : 00+200 )   RIGHT AND LEFT ,-2.25,4,,,APPROVED AS NOTED,DONE,2,EIDG,2,
2158,Saturday,29-11-25,36040,36,Ahmed Saeed El-Shenawy,DPL,27-11-25,,,44.953,Fill,V01-D,ROAD 9 ( 00+400 : 00+500 )    LEFT ,-2.25,4,,,APPROVED AS NOTED,DONE,2,EIDG,2,
2159,Saturday,29-11-25,36039,36,EL-THANAA,DPL,27-11-25,,,45.644,Fill,V01-D,ROAD 9 ( 00+300 : 00+400 )    LEFT ,-10.5,3,,,APPROVED AS NOTED,DONE,2,EIDG,2,
2160,Saturday,29-11-25,36038,36,Ahmed Saeed El-Shenawy,DPL,27-11-25,,,46.918,Fill,V01-D,ROAD 9 ( 00+400 : 00+500 )    LEFT ,-2.5,5,,,APPROVED AS NOTED,DONE,2,EIDG,2,
2161,Saturday,29-11-25,36045,36,Ahmed Saeed El-Shenawy,DPL,28-11-25,,,48.345,Fill,V01-D,ROAD 9 ( 00+400 : 00+500 )    LEFT ,-2,3,,,APPROVED AS NOTED,DONE,2,EIDG,1,
2162,Saturday,29-11-25,36044,36,MATTAR,DPL,28-11-25,,,44.678,Fill,V01-D,ROAD 9 ( 00+200 : 00+300 )    RIGHT AND LEFT ,-4,3,,,APPROVED AS NOTED,DONE,2,EIDG,1,
2163,Saturday,29-11-25,36048,36,ORASCOM,DPL,28-11-25,,,48.224,Fill,V01-D,ROAD 9 ( 00+140 : 00+200 )    RIGHT AND LEFT ,-2,8,,,APPROVED AS NOTED,DONE,2,EIDG,1,
2164,Saturday,29-11-25,36043,36,MATTAR,DPL,28-11-25,,,45.468,Fill,V01-D,ROAD 9 ( 00+200 : 00+300 )     LEFT ,-9.5,3,,,APPROVED AS NOTED,DONE,2,EIDG,1,
2165,Saturday,29-11-25,36047,36,Ahmed Saeed El-Shenawy,DPL,28-11-25,,,46.071,Fill,V01-D,ROAD 9 ( 00+400 : 00+500 )     LEFT ,-1.75,4,,,APPROVED AS NOTED,DONE,2,EIDG,1,
2166,Sunday,30-11-25,36053,36,MATTAR,SOIL,16-11-25,A-2-4,22.70%,,Stockpile,V01-D,ROAD 9 ,,1,Sieve + Proctoer ,,APPROVED AS NOTED,DONE,3,EIDG,14,
2167,Sunday,30-11-25,36061,36,MOKHTAR EL-SHENAWY,SOIL,11-11-25,A-2-4,23.70%,,Stockpile,V01-D,ROAD 9 ,,1,Sieve + Proctoer ,,APPROVED AS NOTED,DONE,3,EIDG,19,
2168,Sunday,30-11-25,36062,36,MOKHTAR EL-SHENAWY,SOIL,11-11-25,A-2-4,26.90%,,Stockpile,V01-D,ROAD 9 ,,1,Sieve + Proctoer ,,APPROVED AS NOTED,DONE,3,EIDG,19,
2169,Sunday,30-11-25,36064,36,EL-THANAA,SOIL,31-10-25,A-2-4,20.20%,,Stockpile,V01-D,ROAD 9 ,,1,Sieve + Proctoer ,,APPROVED AS NOTED,DONE,3,EIDG,30,
2170,Sunday,30-11-25,36065,36,EL-THANAA,SOIL,01-11-25,A-2-4,22.60%,,Stockpile,V01-D,ROAD 9 ,,1,Sieve + Proctoer ,,APPROVED AS NOTED,DONE,3,EIDG,29,
2171,Sunday,30-11-25,36066,36,EL-THANAA,SOIL,19-11-25,A-2-4,19.70%,,Stockpile,V01-D,ROAD 9 ,,1,Sieve + Proctoer ,,APPROVED AS NOTED,DONE,3,EIDG,11,
2172,Sunday,30-11-25,36067,36,EL-THANAA,SOIL,17-11-25,A-2-4,22.30%,,Stockpile,V01-D,ROAD 9 ,,1,Sieve + Proctoer ,,APPROVED AS NOTED,DONE,3,EIDG,13,
2173,Sunday,30-11-25,36068,36,EL-THANAA,SOIL,22-11-25,A-2-4,19.50%,,Stockpile,V01-D,ROAD 9 ,,1,Sieve + Proctoer ,,APPROVED AS NOTED,DONE,3,EIDG,8,
2174,Sunday,30-11-25,36069,36,EL-THANAA,SOIL,21-11-25,A-2-4,21.60%,,Stockpile,V01-D,ROAD 9 ,,1,Sieve + Proctoer ,,APPROVED AS NOTED,DONE,3,EIDG,9,
2175,Sunday,30-11-25,36092,36,MOKHTAR EL-SHENAWY,SOIL,13-11-25,A-2-4,21.80%,,Stockpile,V01-D,ROAD 9 ,,1,Sieve + Proctoer ,,APPROVED AS NOTED,DONE,3,EIDG,17,
2176,Sunday,30-11-25,36091,36,MOKHTAR EL-SHENAWY,SOIL,14-11-25,A-2-4,21.60%,,Stockpile,V01-D,ROAD 9 ,,1,Sieve + Proctoer ,,APPROVED AS NOTED,DONE,3,EIDG,16,
2177,Sunday,30-11-25,36090,36,MOKHTAR EL-SHENAWY,SOIL,11-11-25,A-2-4,23.80%,,Stockpile,V01-D,ROAD 9 ,,1,Sieve + Proctoer ,,APPROVED AS NOTED,DONE,3,EIDG,19,
2178,Sunday,30-11-25,36089,36,MOKHTAR EL-SHENAWY,SOIL,18-11-25,A-2-4,21.60%,,Stockpile,V01-D,ROAD 9 ,,1,Sieve + Proctoer ,,APPROVED AS NOTED,DONE,3,EIDG,12,
2179,Sunday,30-11-25,36088,36,MOKHTAR EL-SHENAWY,SOIL,15-11-25,A-2-4,23.30%,,Stockpile,V01-D,ROAD 9 ,,1,Sieve + Proctoer ,,APPROVED AS NOTED,DONE,3,EIDG,15,
2180,Sunday,30-11-25,36087,36,ORASCOM,SOIL,18-11-25,A-2-4,17.20%,,Stockpile,V01-D,ROAD 9 ,,1,Sieve + Proctoer ,,APPROVED AS NOTED,DONE,3,EIDG,12,
2181,Sunday,30-11-25,36086,36,ORASCOM,SOIL,18-11-25,A-2-4,18.00%,,Stockpile,V01-D,ROAD 9 ,,1,Sieve + Proctoer ,,APPROVED AS NOTED,DONE,3,EIDG,12,
2182,Sunday,30-11-25,36085,36,ORASCOM,SOIL,06-11-25,A-2-4,25.90%,,Stockpile,V01-D,ROAD 9 ,,1,Sieve + Proctoer ,,APPROVED AS NOTED,DONE,3,EIDG,24,
2183,Sunday,30-11-25,36084,36,ORASCOM,SOIL,08-11-25,A-2-4,24.30%,,Stockpile,V01-D,ROAD 9 ,,1,Sieve + Proctoer ,,APPROVED AS NOTED,DONE,3,EIDG,22,
2184,Sunday,30-11-25,36083,36,ORASCOM,SOIL,09-11-25,A-2-4,24.30%,,Stockpile,V01-D,ROAD 9 ,,1,Sieve + Proctoer ,,APPROVED AS NOTED,DONE,3,EIDG,21,
2185,Sunday,30-11-25,36082,36,ORASCOM,SOIL,10-11-25,A-2-4,23.40%,,Stockpile,V01-D,ROAD 9 ,,1,Sieve + Proctoer ,,APPROVED AS NOTED,DONE,3,EIDG,20,
2186,Sunday,30-11-25,36081,36,MATTAR,SOIL,24-11-25,A-2-4,15.70%,,Stockpile,V01-D,ROAD 9 ,,1,Sieve + Proctoer ,,APPROVED AS NOTED,DONE,3,EIDG,6,
2187,Sunday,30-11-25,36080,36,MATTAR,SOIL,20-11-25,A-2-4,22.10%,,Stockpile,V01-D,ROAD 9 ,,1,Sieve + Proctoer ,,APPROVED AS NOTED,DONE,3,EIDG,10,
2188,Sunday,30-11-25,36078,36,MATTAR,SOIL,18-11-25,A-2-4,19.00%,,Stockpile,V01-D,ROAD 9 ,,1,Sieve + Proctoer ,,APPROVED AS NOTED,DONE,3,EIDG,12,
2189,Sunday,30-11-25,36077,36,MATTAR,SOIL,14-11-25,A-2-4,19.90%,,Stockpile,V01-D,ROAD 9 ,,1,Sieve + Proctoer ,,APPROVED AS NOTED,DONE,3,EIDG,16,
2190,Sunday,30-11-25,36079,36,MATTAR,SOIL,24-11-25,A-4,39.20%,,Bottom of excavation,V01-D,ROAD 9 ( 00+200 : 00+300 )     LEFT ,,1,Sieve analysis,,REVISE,DONE,2,EIDG,6,
2191,Sunday,30-11-25,36076,36,MATTAR,SOIL,12-11-25,A-2-4,23.50%,,Stockpile,V01-D,ROAD 9 ,,1,Sieve + Proctoer ,,APPROVED AS NOTED,DONE,3,EIDG,18,
2192,Sunday,30-11-25,36075,36,MATTAR,SOIL,10-11-25,A-2-4,21.60%,,Stockpile,V01-D,ROAD 9 ,,1,Sieve + Proctoer ,,APPROVED AS NOTED,DONE,3,EIDG,20,
2193,Sunday,30-11-25,36074,36,MATTAR,SOIL,08-11-25,A-2-4,21.90%,,Stockpile,V01-D,ROAD 9 ,,1,Sieve + Proctoer ,,APPROVED AS NOTED,DONE,3,EIDG,22,
2194,Sunday,30-11-25,36073,36,Ahmed Saeed El-Shenawy,SOIL,13-11-25,A-2-4,25.60%,,Stockpile,V01-D,ROAD 9 ,,1,Sieve + Proctoer ,,APPROVED AS NOTED,DONE,3,EIDG,17,
2195,Monday,01-12-25,36138,36,MATTAR,DPL,30-11-25,,,41.723,Fill,V01-D,ROAD 9 ( 00+200 : 00+300 )     RIGHT AND LEFT ,-3.5,2,,,APPROVED AS NOTED,DONE,2,EIDG,1,
2196,Monday,01-12-25,36139,36,MOKHTAR EL-SHENAWY,DPL,30-11-25,,,62.322,Fill,V01-D,ROAD 9 ( 00+500 : 00+600 )    LEFT ,-2.25,6,,,APPROVED AS NOTED,DONE,2,EIDG,1,
2197,Monday,01-12-25,36140,36,MOKHTAR EL-SHENAWY,DPL,30-11-25,,,61.531,Fill,V01-D,ROAD 9 ( 00+500 : 00+600 )    RIGHT ,-2.25,6,,,APPROVED AS NOTED,DONE,2,EIDG,1,
2198,Monday,01-12-25,35709,36,ORASCOM,DPL,29-11-25,,,47.153,Fill,V01-D,ROAD 9 ( 00+140 : 00+200 )    RIGHT AND LEFT,-1.75,7,,,APPROVED AS NOTED,DONE,2,EIDG,2,
2199,Monday,01-12-25,36113,36,EL-THANAA,DPL,29-11-25,,,44.775,Fill,V01-D,ROAD 9 ( 00+380 : 00+400 )    RIGHT,-5,2,,,APPROVED AS NOTED,DONE,2,EIDG,2,
2200,Monday,01-12-25,36112,36,EL-THANAA,DPL,29-11-25,,,51.635,Fill,V01-D,ROAD 9 ( 00+360 : 00+380 )    RIGHT,-5.5,2,,,APPROVED AS NOTED,DONE,2,EIDG,2,
2201,Monday,01-12-25,36111,36,EL-THANAA,DPL,29-11-25,,,60.066,Fill,V01-D,ROAD 9 ( 00+340 : 00+360 )    RIGHT,-6,2,,,APPROVED AS NOTED,DONE,2,EIDG,2,
2202,Monday,01-12-25,36110,36,EL-THANAA,DPL,29-11-25,,,49.421,Fill,V01-D,ROAD 9 ( 00+300 : 00+340 )    RIGHT,-6.5,2,,,APPROVED AS NOTED,DONE,2,EIDG,2,
2203,Monday,01-12-25,36109,36,EL-THANAA,DPL,29-11-25,,,45.327,Fill,V01-D,ROAD 9 ( 00+380 : 00+400 )    LEFT,-5,2,,,APPROVED AS NOTED,DONE,2,EIDG,2,
2204,Monday,01-12-25,36108,36,EL-THANAA,DPL,29-11-25,,,44.775,Fill,V01-D,ROAD 9 ( 00+360 : 00+380 )    LEFT,-5.5,2,,,APPROVED AS NOTED,DONE,2,EIDG,2,
2205,Monday,01-12-25,36107,36,EL-THANAA,DPL,29-11-25,,,49.405,Fill,V01-D,ROAD 9 ( 00+340 : 00+360 )    LEFT,-6,2,,,APPROVED AS NOTED,DONE,2,EIDG,2,
2206,Monday,01-12-25,36106,36,EL-THANAA,DPL,29-11-25,,,45.327,Fill,V01-D,ROAD 9 ( 00+300 : 00+340 )    LEFT,-6.5,2,,,APPROVED AS NOTED,DONE,2,EIDG,2,
2207,Monday,01-12-25,36105,36,Ahmed Saeed El-Shenawy,DPL,29-11-25,,,52.008,Fill,V01-D,ROAD 9 ( 00+400 : 00+500 )    LEFT,-1.5,3,,,APPROVED AS NOTED,DONE,2,EIDG,2,
2208,Monday,01-12-25,36134,36,MATTAR,DPL,30-11-25,,,45.76,Fill,V01-D,ROAD 9 ( 00+200 : 00+300 )    LEFT,-3,2,,,APPROVED AS NOTED,DONE,2,EIDG,1,
2209,Monday,01-12-25,36135,36,EL-THANAA,DPL,30-11-25,,,53.035,Fill,V01-D,ROAD 9 ( 00+300 : 00+400 )    LEFT,-10,3,,,APPROVED AS NOTED,DONE,2,EIDG,1,
2210,Monday,01-12-25,36137,36,ORASCOM,DPL,30-11-25,,,53.61,Fill,V01-D,ROAD 9 ( 00+140 : 00+200 )    RIGHT AND LEFT,-1.5,8,,,APPROVED AS NOTED,DONE,2,EIDG,1,
2211,Monday,01-12-25,36136,36,ORASCOM,DPL,30-11-25,,,54.965,Fill,V01-D,ROAD 9 ( 00+060 : 00+140 )    RIGHT AND LEFT,-1.5,6,,,APPROVED AS NOTED,DONE,2,EIDG,1,
2212,Tuesday,02-12-25,36210,36,ORASCOM,SOIL,12-11-25,A-2-4,20.00%,,Stockpile,V01-D,R09,,1,Sieve + Proctoer ,,APPROVED AS NOTED,DONE,3,EIDG,20,
2213,Tuesday,02-12-25,36187,36,EL-THANAA,SOIL,09-11-25,A-2-4,23.90%,,Stockpile,V01-D,R09,,1,Sieve + Proctoer ,,APPROVED AS NOTED,DONE,3,EIDG,23,
2214,Tuesday,02-12-25,36186,36,EL-THANAA,SOIL,07-11-25,A-2-4,20.20%,,Stockpile,V01-D,R09,,1,Sieve + Proctoer ,,APPROVED AS NOTED,DONE,3,EIDG,25,
2215,Tuesday,02-12-25,36185,36,EL-THANAA,SOIL,05-11-25,A-2-4,24.00%,,Stockpile,V01-D,R09,,1,Sieve + Proctoer ,,APPROVED AS NOTED,DONE,3,EIDG,27,
2216,Tuesday,02-12-25,36157,36,Ahmed Saeed El-Shenawy,SOIL,19-11-25,A-2-4,25.00%,,Stockpile,V01-D,R09,,1,Sieve + Proctoer ,,APPROVED AS NOTED,DONE,3,EIDG,13,
2217,Tuesday,02-12-25,36156,36,Ahmed Saeed El-Shenawy,SOIL,20-11-25,A-2-4,20.40%,,Stockpile,V01-D,R09,,1,Sieve + Proctoer ,,APPROVED AS NOTED,DONE,3,EIDG,12,
2218,Tuesday,02-12-25,36196,36,MATTAR,SOIL,01-11-25,A-2-4,23.10%,,Stockpile,V01-D,R09,,1,Sieve + Proctoer ,,APPROVED AS NOTED,DONE,3,EIDG,31,
2219,Tuesday,02-12-25,36195,36,MATTAR,SOIL,07-11-25,A-2-4,23.60%,,Stockpile,V01-D,R09,,1,Sieve + Proctoer ,,APPROVED AS NOTED,DONE,3,EIDG,25,
2220,Tuesday,02-12-25,36194,36,MATTAR,SOIL,31-10-25,A-2-4,21.90%,,Stockpile,V01-D,R09,,1,Sieve + Proctoer ,,APPROVED AS NOTED,DONE,3,EIDG,32,
2221,Tuesday,02-12-25,36193,36,MATTAR,SOIL,30-10-25,A-2-4,23.70%,,Stockpile,V01-D,R09,,1,Sieve + Proctoer ,,APPROVED AS NOTED,DONE,3,EIDG,33,
2222,Tuesday,02-12-25,36192,36,MATTAR,SOIL,29-10-25,A-2-4,26.20%,,Stockpile,V01-D,R09,,1,Sieve + Proctoer ,,APPROVED AS NOTED,DONE,3,EIDG,34,
2223,Tuesday,02-12-25,36191,36,EL-THANAA,SOIL,15-11-25,A-2-4,20.80%,,Stockpile,V01-D,R09,,1,Sieve + Proctoer ,,APPROVED AS NOTED,DONE,3,EIDG,17,
2224,Tuesday,02-12-25,36190,36,EL-THANAA,SOIL,13-11-25,A-2-4,25.60%,,Stockpile,V01-D,R09,,1,Sieve + Proctoer ,,APPROVED AS NOTED,DONE,3,EIDG,19,
2225,Tuesday,02-12-25,36189,36,EL-THANAA,SOIL,10-11-25,A-2-4,25.50%,,Stockpile,V01-D,R09,,1,Sieve + Proctoer ,,APPROVED AS NOTED,DONE,3,EIDG,22,
2226,Tuesday,02-12-25,36188,36,EL-THANAA,SOIL,11-11-25,A-2-4,25.50%,,Stockpile,V01-D,R09,,1,Sieve + Proctoer ,,APPROVED AS NOTED,DONE,3,EIDG,21,
2227,Tuesday,02-12-25,36160,36,Ahmed Saeed El-Shenawy,SOIL,14-11-25,A-2-4,24.00%,,Stockpile,V01-D,R09,,1,Sieve + Proctoer ,,APPROVED AS NOTED,DONE,3,EIDG,18,
2228,Tuesday,02-12-25,36159,36,Ahmed Saeed El-Shenawy,SOIL,16-11-25,A-2-4,23.40%,,Stockpile,V01-D,R09,,1,Sieve + Proctoer ,,APPROVED AS NOTED,DONE,3,EIDG,16,
2229,Tuesday,02-12-25,36158,36,Ahmed Saeed El-Shenawy,SOIL,18-11-25,A-2-4,22.60%,,Stockpile,V01-D,R09,,1,Sieve + Proctoer ,,APPROVED AS NOTED,DONE,3,EIDG,14,
2230,Tuesday,02-12-25,36165,36,Ahmed Saeed El-Shenawy,SOIL,05-11-25,A-2-4,24.40%,,Stockpile,V01-D,R09,,1,Sieve + Proctoer ,,APPROVED AS NOTED,DONE,3,EIDG,27,
2231,Tuesday,02-12-25,36164,36,Ahmed Saeed El-Shenawy,SOIL,03-11-25,A-2-4,25.20%,,Stockpile,V01-D,R09,,1,Sieve + Proctoer ,,APPROVED AS NOTED,DONE,3,EIDG,29,
2232,Tuesday,02-12-25,36163,36,Ahmed Saeed El-Shenawy,SOIL,01-11-25,A-2-4,17.60%,,Stockpile,V01-D,R09,,1,Sieve + Proctoer ,,APPROVED AS NOTED,DONE,3,EIDG,31,
2233,Tuesday,02-12-25,36162,36,Ahmed Saeed El-Shenawy,SOIL,31-10-25,A-2-4,21.60%,,Stockpile,V01-D,R09,,1,Sieve + Proctoer ,,APPROVED AS NOTED,DONE,3,EIDG,32,
2234,Tuesday,02-12-25,36161,36,Ahmed Saeed El-Shenawy,SOIL,14-11-25,A-2-4,24.00%,,Stockpile,V01-D,R09,,1,Sieve + Proctoer ,,APPROVED AS NOTED,DONE,3,EIDG,18,
2235,Tuesday,02-12-25,36168,36,Ahmed Saeed El-Shenawy,SOIL,10-11-25,A-2-4,27.20%,,Stockpile,V01-D,R09,,1,Sieve + Proctoer ,,APPROVED AS NOTED,DONE,3,EIDG,22,
2236,Tuesday,02-12-25,36167,36,Ahmed Saeed El-Shenawy,SOIL,09-11-25,A-2-4,25.30%,,Stockpile,V01-D,R09,,1,Sieve + Proctoer ,,APPROVED AS NOTED,DONE,3,EIDG,23,
2237,Tuesday,02-12-25,36166,36,Ahmed Saeed El-Shenawy,SOIL,07-11-25,A-2-4,20.20%,,Stockpile,V01-D,R09,,1,Sieve + Proctoer ,,APPROVED AS NOTED,DONE,3,EIDG,25,
2238,Tuesday,02-12-25,36169,36,Ahmed Saeed El-Shenawy,SOIL,11-11-25,A-2-4,26.80%,,Stockpile,V01-D,R09,,1,Sieve + Proctoer ,,APPROVED AS NOTED,DONE,3,EIDG,21,
2239,Tuesday,02-12-25,36170,36,Ahmed Saeed El-Shenawy,SOIL,12-11-25,A-2-4,25.10%,,Stockpile,V01-D,R09,,1,Sieve + Proctoer ,,APPROVED AS NOTED,DONE,3,EIDG,20,
2240,Tuesday,02-12-25,36176,36,MATTAR,SOIL,24-11-25,A-2-4,15.30%,,Stockpile,V01-D,R09,,1,Sieve + Proctoer ,,APPROVED AS NOTED,DONE,3,EIDG,8,
2241,Tuesday,02-12-25,36180,36,Ahmed Saeed El-Shenawy,SOIL,25-11-25,A-2-4,16.10%,,Stockpile,V01-D,R09,,1,Sieve + Proctoer ,,APPROVED AS NOTED,DONE,3,EIDG,7,
2242,Tuesday,02-12-25,36197,36,MATTAR,SOIL,02-11-25,A-2-4,24.00%,,Stockpile,V01-D,R09,,1,Sieve + Proctoer ,,APPROVED AS NOTED,DONE,3,EIDG,30,
2243,Tuesday,02-12-25,36200,36,MATTAR,SOIL,06-11-25,A-2-4,21.50%,,Stockpile,V01-D,R09,,1,Sieve + Proctoer ,,APPROVED AS NOTED,DONE,3,EIDG,26,
2244,Tuesday,02-12-25,36199,36,MATTAR,SOIL,05-11-25,A-2-4,26.40%,,Stockpile,V01-D,R09,,1,Sieve + Proctoer ,,APPROVED AS NOTED,DONE,3,EIDG,27,
2245,Tuesday,02-12-25,36198,36,MATTAR,SOIL,03-11-25,A-2-4,25.00%,,Stockpile,V01-D,R09,,1,Sieve + Proctoer ,,APPROVED AS NOTED,DONE,3,EIDG,29,
2246,Tuesday,02-12-25,36201,36,MOKHTAR EL-SHENAWY,SOIL,20-11-25,A-2-4,20.80%,,Stockpile,V01-D,R09,,1,Sieve + Proctoer ,,APPROVED AS NOTED,DONE,3,EIDG,12,
2247,Tuesday,02-12-25,36202,36,ORASCOM,SOIL,04-11-25,A-2-4,24.20%,,Stockpile,V01-D,R09,,1,Sieve + Proctoer ,,APPROVED AS NOTED,DONE,3,EIDG,28,
2248,Tuesday,02-12-25,36203,36,ORASCOM,SOIL,03-11-25,A-2-4,18.10%,,Stockpile,V01-D,R09,,1,Sieve + Proctoer ,,APPROVED AS NOTED,DONE,3,EIDG,29,
2249,Tuesday,02-12-25,36204,36,ORASCOM,SOIL,02-11-25,A-2-4,26.60%,,Stockpile,V01-D,R09,,1,Sieve + Proctoer ,,APPROVED AS NOTED,DONE,3,EIDG,30,
2250,Tuesday,02-12-25,36205,36,ORASCOM,SOIL,02-11-25,A-2-4,25.70%,,Stockpile,V01-D,R09,,1,Sieve + Proctoer ,,APPROVED AS NOTED,DONE,3,EIDG,30,
2251,Tuesday,02-12-25,36206,36,ORASCOM,SOIL,20-11-25,A-2-4,23.20%,,Stockpile,V01-D,R09,,1,Sieve + Proctoer ,,APPROVED AS NOTED,DONE,3,EIDG,12,
2252,Tuesday,02-12-25,36207,36,ORASCOM,SOIL,18-11-25,A-2-4,23.50%,,Stockpile,V01-D,R09,,1,Sieve + Proctoer ,,APPROVED AS NOTED,DONE,3,EIDG,14,
2253,Tuesday,02-12-25,36208,36,ORASCOM,SOIL,16-11-25,A-2-4,20.70%,,Stockpile,V01-D,R09,,1,Sieve + Proctoer ,,APPROVED AS NOTED,DONE,3,EIDG,16,
2254,Tuesday,02-12-25,36209,36,ORASCOM,SOIL,14-11-25,A-2-4,21.80%,,Stockpile,V01-D,R09,,1,Sieve + Proctoer ,,APPROVED AS NOTED,DONE,3,EIDG,18,
2255,Tuesday,02-12-25,36212,36,EL-THANAA,PLATE LOAD,01-12-25,,,,Fill,V01-D,R09,-6,1,,,APPROVED AS NOTED,DONE,5,CEL,1,
2256,Tuesday,02-12-25,36214,36,EL-THANAA,PLATE LOAD,01-12-25,,,,Fill,V01-D,R09,-4.5,1,,,APPROVED AS NOTED,DONE,5,CEL,1,
2257,Tuesday,02-12-25,36184,36,EL-THANAA,SOIL,03-11-25,A-2-4,21.20%,,Stockpile,V01-D,R09,,1,Sieve + Proctoer ,,APPROVED AS NOTED,DONE,3,EIDG,29,
2258,Tuesday,02-12-25,36221,36,EL-THANAA,DPL,01-12-25,,,43.69,Fill,V01-D,ROAD 9 ( 00+300 : 00+340 )    RIGHT AND LEFT,-6,5,,,APPROVED AS NOTED,DONE,2,EIDG,1,
2259,Tuesday,02-12-25,36222,36,EL-THANAA,DPL,01-12-25,,,41.718,Fill,V01-D,ROAD 9 ( 00+340 : 00+360 )    RIGHT AND LEFT,-5.5,2,,,APPROVED AS NOTED,DONE,2,EIDG,1,
2260,Tuesday,02-12-25,36223,36,EL-THANAA,DPL,01-12-25,,,44.56,Fill,V01-D,ROAD 9 ( 00+360 : 00+380 )    RIGHT AND LEFT,-5,2,,,APPROVED AS NOTED,DONE,2,EIDG,1,
2261,Tuesday,02-12-25,36224,36,EL-THANAA,DPL,01-12-25,,,54.137,Fill,V01-D,ROAD 9 ( 00+380 : 00+400 )    RIGHT AND LEFT,-4.5,2,,,APPROVED AS NOTED,DONE,2,EIDG,1,
2262,Tuesday,02-12-25,36225,36,EL-THANAA,DPL,01-12-25,,,43.28,Fill,V01-D,ROAD 9 ( 00+300 : 00+400 )     LEFT,-9.5,3,,,APPROVED AS NOTED,DONE,2,EIDG,1,
2263,Tuesday,02-12-25,36226,36,MATTAR,DPL,01-12-25,,,43.163,Fill,V01-D,ROAD 9 ( 00+200 : 00+300 )    RIGHT AND LEFT,-3,7,,,APPROVED AS NOTED,DONE,2,EIDG,1,
2264,Tuesday,02-12-25,36213,36,EL-THANAA,PLATE LOAD,01-12-25,,,,Fill,V01-D,ROAD 9 ( 00+340 : 00+380 )    RIGHT AND LEFT,-5.5,1,,,APPROVED AS NOTED,DONE,5,CEL,1,
2265,Wednesday,03-12-25,36254,36,EL-THANAA,DPL,02-12-25,,,48.85,Fill,V01-D,ROAD 9 ( 00+300 : 00+340 )    RIGHT AND LEFT,-5.5,4,,,APPROVED AS NOTED,DONE,2,EIDG,1,
2266,Wednesday,03-12-25,36255,36,MOKHTAR EL-SHENAWY,DPL,02-12-25,,,58.309,Fill,V01-D,ROAD 9 ( 00+500 : 00+600 )    RIGHT AND LEFT,-2,11,,,APPROVED AS NOTED,DONE,2,EIDG,1,
2267,Thursday,04-12-25,36290,36,MOKHTAR EL-SHENAWY,DPL,03-12-25,,,55.466,Fill,V01-D,ROAD 9 ( 00+500 : 00+600 )   LEFT,-1.75,7,,,APPROVED AS NOTED,DONE,2,EIDG,1,
2268,Sunday,07-12-25,36372,36,EL-THANAA,DPL,06-12-25,,,42.94,Fill,V01-D,ROAD 9 ( 00+300 : 00+400 )   LEFT,-9,2,,,APPROVED AS NOTED,DONE,2,EIDG,1,
2269,Sunday,07-12-25,36370,36,MATTAR,DPL,06-12-25,,,54.59,Fill,V01-D,ROAD 9 ( 00+300 : 00+400 )   RIGHT AND LEFT,-2.5,10,,,APPROVED AS NOTED,DONE,2,EIDG,1,
2270,Sunday,07-12-25,36369,36,MATTAR,DPL,06-12-25,,,52.51,Fill,V01-D,ROAD 9 ( 00+200 : 00+300 )  LEFT,-8.5,9,,,APPROVED AS NOTED,DONE,2,EIDG,1,
2271,Sunday,07-12-25,36367,36,EL-THANAA,DPL,06-12-25,,,44.67,Fill,V01-D,ROAD 9 ( 00+300 : 00+380 )   RIGHT AND LEFT,-4.5,5,,,APPROVED AS NOTED,DONE,2,EIDG,1,
2272,Sunday,07-12-25,36366,36,MOKHTAR EL-SHENAWY,DPL,06-12-25,,,56.085,Fill,V01-D,ROAD 9 ( 00+500 : 00+600 )    LEFT,-1.5,5,,,APPROVED AS NOTED,DONE,2,EIDG,1,
2273,Sunday,07-12-25,36365,36,MOKHTAR EL-SHENAWY,DPL,06-12-25,,,60.08,Fill,V01-D,ROAD 9 ( 00+500 : 00+600 )    RIGHT,-1.5,4,,,APPROVED AS NOTED,DONE,2,EIDG,1,
2274,Thursday,04-12-25,36288,36,EL-THANAA,DPL,03-12-25,,,46.34,Fill,V01-D,ROAD 9 ( 00+300 : 00+360 )    RIGHT AND LEFT,-5,5,,,APPROVED AS NOTED,DONE,2,EIDG,1,
2275,Thursday,04-12-25,36289,36,MOKHTAR EL-SHENAWY,DPL,03-12-25,,,52.91,Fill,V01-D,ROAD 9 ( 00+500 : 00+600 )    RIGHT ,-1.75,4,,,APPROVED AS NOTED,DONE,2,EIDG,1,
2276,Monday,08-12-25,36395,36,EL-THANAA,DPL,07-12-25,,,45.39,Fill,V01-D,ROAD 9 ( 00+300 : 00+400 )    RIGHT AND LEFT,-4,3,,,APPROVED AS NOTED,DONE,2,EIDG,1,
2277,Monday,08-12-25,36396,36,EL-THANAA,DPL,07-12-25,,,49.188,Fill,V01-D,ROAD 9 ( 00+300 : 00+400 )  LEFT,-8.5,2,,,APPROVED AS NOTED,DONE,2,EIDG,1,
2278,Monday,08-12-25,36330,36,MOKHTAR EL-SHENAWY,SOIL,17-11-25,A-2-4,21.10%,,Stockpile,V01-D,RO9,,1,Sieve + Proctoer ,,APPROVED AS NOTED,DONE,3,EIDG,21,
2279,Friday,05-12-25,36295,36,MATTAR,DPL,04-12-25,,,46.59,Fill,V01-D,ROAD 9 ( 00+200 : 00+300 )  RIGH AND LEFT,-2.75,9,,,APPROVED AS NOTED,DONE,2,EIDG,1,
2280,Tuesday,09-12-25,36438,36,MATTAR,DPL,08-12-25,,,40.48,Fill,V01-D,ROAD 9 ( 00+200 : 00+300 ) LEFT,-7.5,2,,,APPROVED AS NOTED,DONE,2,EIDG,1,
2281,Tuesday,09-12-25,36418,36,EL-THANAA,DPL,08-12-25,,,49.42,Fill,V01-D,ROAD 9 ( 00+200 : 00+300 ) RIGHT,-3.5,6,,,APPROVED AS NOTED,DONE,2,EIDG,1,
2282,Tuesday,09-12-25,36421,36,EL-THANAA,DPL,08-12-25,,,51.51,Fill,V01-D,ROAD 9 ( 00+300 : 00+400 ) LEFT,-3.5,3,,,APPROVED AS NOTED,DONE,2,EIDG,1,
2283,Tuesday,09-12-25,36420,36,MATTAR,DPL,08-12-25,,,42.908,Fill,V01-D,ROAD 9 ( 00+200 : 00+300 ) LEFT,-8,3,,,APPROVED AS NOTED,DONE,2,EIDG,1,
2284,Tuesday,09-12-25,36422,36,MATTAR,DPL,08-12-25,,,48.43,Fill,V01-D,ROAD 9 ( 00+200 : 00+300 ) RIGHT,-2.25,5,,,APPROVED AS NOTED,DONE,2,EIDG,1,
2285,Sunday,14-12-25,36572,36,EL-THANAA,DPL,13-12-25,,,49.16,Fill,V01-D,ROAD 9 ( 00+300 : 00+400 ) LEFT,-2,5,,,APPROVED AS NOTED,DONE,2,EIDG,1,
2286,Sunday,14-12-25,36571,36,EL-THANAA,DPL,13-12-25,,,45.25,Fill,V01-D,ROAD 9 ( 00+300 : 00+400 ) RIGHT,-2,3,,,APPROVED AS NOTED,DONE,2,EIDG,1,
2287,Sunday,14-12-25,36567,36,MATTAR,DPL,13-12-25,,,47.206,Fill,V01-D,ROAD 9 ( 00+200 : 00+300 ) LEFT,-2,7,,,APPROVED AS NOTED,DONE,2,EIDG,1,
2288,Saturday,13-12-25,36533,36,EL-THANAA,DPL,11-12-25,,,48.97,Fill,V01-D,ROAD 9 ( 00+300 : 00+400 ) RIGHT,-2.5,3,,,APPROVED AS NOTED,DONE,2,EIDG,2,
2289,Saturday,13-12-25,36532,36,EL-THANAA,DPL,11-12-25,,,52.048,Fill,V01-D,ROAD 9 ( 00+300 : 00+400 ) LEFT,-2.5,2,,,APPROVED AS NOTED,DONE,2,EIDG,2,
2290,Saturday,13-12-25,36531,36,MATTAR,DPL,11-12-25,,,44.19,Fill,V01-D,ROAD 9 ( 00+200 : 00+300 ) LEFT,-6.25,2,,,APPROVED AS NOTED,DONE,2,EIDG,2,
2291,Saturday,13-12-25,36530,36,MATTAR,DPL,11-12-25,,,45.139,Fill,V01-D,ROAD 9 ( 00+200 : 00+300 ) LEFT,-2.25,5,,,APPROVED AS NOTED,DONE,2,EIDG,2,
2292,Saturday,13-12-25,36560,36,EL-THANAA,DPL,12-12-25,,,44.88,Fill,V01-D,ROAD 9 ( 00+300 : 00+400 ) RIGHT,-2.25,4,,,APPROVED AS NOTED,DONE,2,EIDG,1,
2293,Saturday,13-12-25,36561,36,EL-THANAA,DPL,12-12-25,,,43.517,Fill,V01-D,ROAD 9 ( 00+300 : 00+400 ) LEFT,-2.25,4,,,APPROVED AS NOTED,DONE,2,EIDG,1,
2294,Saturday,13-12-25,36562,36,MATTAR,DPL,12-12-25,,,48.96,Fill,V01-D,ROAD 9 ( 00+200 : 00+300 ) RIGHT,-1.75,4,,,APPROVED AS NOTED,DONE,2,EIDG,1,
2295,Wednesday,10-12-25,36444,36,EL-THANAA,DPL,09-12-25,,,46.26,Fill,V01-D,ROAD 9 ( 00+300 : 00+400 ) RIGHT,-3,4,,,APPROVED AS NOTED,DONE,2,EIDG,1,
2296,Wednesday,10-12-25,36445,36,EL-THANAA,DPL,09-12-25,,,47.32,Fill,V01-D,ROAD 9 ( 00+300 : 00+400 ) LEFT,-3,4,,,APPROVED AS NOTED,DONE,2,EIDG,1,
2297,Thursday,11-12-25,36504,36,MATTAR,PLATE LOAD,06-12-25,,,,Fill,V01-D,ROAD 9 ( 00+200 : 00+300 )    RIGHT AND LEFT,-2.5,1,,,APPROVED AS NOTED,DONE,5,CEL,5,
2298,Thursday,11-12-25,36506,36,MATTAR,PLATE LOAD,06-12-25,,,,Fill,V01-D,ROAD 9 ( 00+200 : 00+300 )    RIGHT AND LEFT,-2.5,1,,,APPROVED AS NOTED,DONE,5,CEL,5,
2299,Thursday,11-12-25,36456,36,EL-THANAA,DPL,10-12-25,,,44.108,Fill,V01-D,ROAD 9 ( 00+300 : 00+400 ) RIGHT,-2.75,3,,,APPROVED AS NOTED,DONE,2,EIDG,1,
2300,Thursday,11-12-25,36457,36,EL-THANAA,DPL,10-12-25,,,49.27,Fill,V01-D,ROAD 9 ( 00+300 : 00+400 ) LEFT,-2.75,3,,,APPROVED AS NOTED,DONE,2,EIDG,1,
2301,Thursday,11-12-25,36458,36,EL-THANAA,DPL,10-12-25,,,45.01,Fill,V01-D,ROAD 9 ( 00+200 : 00+300 ) RIGHT,-2,5,,,APPROVED AS NOTED,DONE,2,EIDG,1,
2302,Thursday,11-12-25,36459,36,MATTAR,DPL,10-12-25,,,48.011,Fill,V01-D,ROAD 9 ( 00+200 : 00+300 ) LEFT,-7,3,,,APPROVED AS NOTED,DONE,2,EIDG,1,
2303,Thursday,11-12-25,36507,36,MATTAR,PLATE LOAD,06-12-25,,,,Fill,V01-D,ROAD 9 ( 00+200 : 00+300 )    RIGHT AND LEFT,-2.5,1,,,APPROVED AS NOTED,DONE,5,CEL,5,
2304,Monday,15-12-25,36586,36,MATTAR,DPL,14-12-25,,,47.39,Fill,V01-D,ROAD 9 ( 00+200 : 00+300 )    RIGHT ,-1.5,5,,,APPROVED AS NOTED,DONE,2,EIDG,1,
2305,Monday,15-12-25,36605,36,MATTAR,DPL,14-12-25,,,47.35,Fill,V01-D,ROAD 9 ( 00+200 : 00+300 )    LEFT ,-1.75,10,,,APPROVED AS NOTED,DONE,2,EIDG,1,
2306,Monday,15-12-25,36604,36,EL-THANAA,DPL,14-12-25,,,47.65,Fill,V01-D,ROAD 9 ( 00+300 : 00+400 )    LEFT ,-1.75,2,,,APPROVED AS NOTED,DONE,2,EIDG,1,
2307,Monday,15-12-25,36603,36,EL-THANAA,DPL,14-12-25,,,48.68,Fill,V01-D,ROAD 9 ( 00+300 : 00+400 )    RIGHT ,-1.75,6,,,APPROVED AS NOTED,DONE,2,EIDG,1,
2308,Tuesday,30-12-25,37274,36,EL-THANAA,DPL,28-12-25,,,49.36,Fill,V01-D,ROAD 9 ( 00+300 : 00+400 )    LEFT ,-1.75,4,,,APPROVED AS NOTED,DONE,2,EIDG,2,
2309,Tuesday,30-12-25,37260,36,MOKHTAR EL-SHENAWY,DPL,28-12-25,,,54.58,Fill,V01-D,ROAD 10 ( 00+040 : 00+100 )   RIGHT AND LEFT ,-1.75,5,,,APPROVED AS NOTED,DONE,2,EIDG,2,
2310,Tuesday,30-12-25,37254,36,EL-THANAA,DPL,28-12-25,,,46.707,Fill,V01-D,ROAD 9 ( 00+300 : 00+400 )    LEFT ,-1.5,4,,,APPROVED AS NOTED,DONE,2,EIDG,2,
2311,Tuesday,30-12-25,37280,36,MOKHTAR EL-SHENAWY,DPL,28-12-25,,,46.74,Fill,V01-D,ROAD 10 ( 00+040 : 00+100 )   RIGHT AND LEFT ,-2,3,,,APPROVED AS NOTED,DONE,2,EIDG,2,
2312,Saturday,03-01-26,37452,36,MOKHTAR EL-SHENAWY,DPL,31-12-25,,,47.93,Fill,V01-D,RA  21 ( 00+020 : 00+140 )    RIGHT AND LEFT,-1.75,9,,,APPROVED AS NOTED,DONE,2,EIDG,3,
2313,Saturday,03-01-26,37451,36,MOKHTAR EL-SHENAWY,DPL,31-12-25,,,48.515,Fill,V01-D,RA  21 ( 00+140 : 00+200 )    RIGHT AND LEFT,-1.75,3,,,APPROVED AS NOTED,DONE,2,EIDG,3,
2314,Saturday,03-01-26,37431,36,MOKHTAR EL-SHENAWY,DPL,31-12-25,,,48.68,Fill,V01-D,RA  21 ( 00+020 : 00+200 )    RIGHT AND LEFT,-1.75,5,,,APPROVED AS NOTED,DONE,2,EIDG,3,
2315,Monday,05-01-26,37586,36,MOKHTAR EL-SHENAWY,DPL,04-01-26,,,55.46,Fill,V01-D,RA  21 ( 00+080 : 00+170 )    RIGHT AND LEFT,-3,2,,,APPROVED AS NOTED,DONE,2,EIDG,1,
2316,Sunday,08-02-26,56396,36,MATTAR,SOIL,29-11-25,A-2-4,26.20%,,Stockpile,V01-D,R09,,1,Sieve + Proctoer ,,APPROVED AS NOTED,DONE,3,EIDG,71,
2317,Sunday,08-02-26,56397,36,EL-THANAA,SOIL,13-11-25,A-2-4,25.60%,,Stockpile,V01-D,R09,,1,Sieve + Proctoer ,,APPROVED AS NOTED,DONE,3,EIDG,87,
2318,Sunday,08-02-26,56398,36,MATTAR,SOIL,06-12-25,A-2-4,21.50%,,Stockpile,V01-D,R09,,1,Sieve + Proctoer ,,APPROVED AS NOTED,DONE,3,EIDG,64,
2319,Sunday,08-02-26,56460,36,Ahmed Saeed El-Shenawy,SOIL,24-11-25,A-2-4,25.00%,,Stockpile,V01-D,R09,,1,Sieve + Proctoer ,,APPROVED AS NOTED,DONE,3,EIDG,76,
2320,Sunday,08-02-26,56480,36,MATTAR,SOIL,08-01-26,A-2-4,24.70%,,Stockpile,V01-D,R09,,1,Sieve + Proctoer ,,APPROVED AS NOTED,DONE,3,EIDG,31,
2321,Sunday,08-02-26,56459,36,Ahmed Saeed El-Shenawy,SOIL,24-11-25,A-2-4,27.10%,,Stockpile,V01-D,R09,,1,Sieve + Proctoer ,,APPROVED AS NOTED,DONE,3,EIDG,76,
2322,Sunday,08-02-26,56458,36,EL-THANAA,SOIL,23-11-25,A-2-4,26.20%,,Stockpile,V01-D,R09,,1,Sieve + Proctoer ,,APPROVED AS NOTED,DONE,3,EIDG,77,
2323,Sunday,08-02-26,56457,36,EL-THANAA,SOIL,21-11-25,A-2-4,21.60%,,Stockpile,V01-D,R09,,1,Sieve + Proctoer ,,APPROVED AS NOTED,DONE,3,EIDG,79,
2324,Sunday,08-02-26,56470,36,MATTAR,SOIL,30-11-25,A-2-4,20.80%,,Stockpile,V01-D,R09,,1,Sieve + Proctoer ,,APPROVED AS NOTED,DONE,3,EIDG,70,
2325,Sunday,08-02-26,56469,36,MATTAR,SOIL,30-11-25,A-2-4,20.00%,,Stockpile,V01-D,R09,,1,Sieve + Proctoer ,,APPROVED AS NOTED,DONE,3,EIDG,70,
2326,Sunday,08-02-26,56468,36,MATTAR,SOIL,14-11-25,A-2-4,23.70%,,Stockpile,V01-D,R09,,1,Sieve + Proctoer ,,APPROVED AS NOTED,DONE,3,EIDG,86,
2327,Sunday,08-02-26,56467,36,EL-THANAA,SOIL,31-10-25,A-2-4,24.00%,,Stockpile,V01-D,R09,,1,Sieve + Proctoer ,,APPROVED AS NOTED,DONE,3,EIDG,100,
2328,Sunday,08-02-26,56466,36,EL-THANAA,SOIL,17-11-25,A-2-4,25.60%,,Stockpile,V01-D,R09,,1,Sieve + Proctoer ,,APPROVED AS NOTED,DONE,3,EIDG,83,
2329,Sunday,08-02-26,56465,36,EL-THANAA,SOIL,07-11-25,A-2-4,20.20%,,Stockpile,V01-D,R09,,1,Sieve + Proctoer ,,APPROVED AS NOTED,DONE,3,EIDG,93,
2330,Sunday,08-02-26,56464,36,Ahmed Saeed El-Shenawy,SOIL,15-11-25,A-2-4,23.40%,,Stockpile,V01-D,R09,,1,Sieve + Proctoer ,,APPROVED AS NOTED,DONE,3,EIDG,85,
2331,Sunday,08-02-26,56471,36,MATTAR,SOIL,27-11-25,A-2-4,24.80%,,Stockpile,V01-D,R09,,1,Sieve + Proctoer ,,APPROVED AS NOTED,DONE,3,EIDG,73,
2332,Sunday,08-02-26,56472,36,MATTAR,SOIL,27-11-25,A-2-4,24.20%,,Stockpile,V01-D,R09,,1,Sieve + Proctoer ,,APPROVED AS NOTED,DONE,3,EIDG,73,
2333,Sunday,08-02-26,56427,36,MOKHTAR EL-SHENAWY,SOIL,25-11-25,A-2-4,28.00%,,Stockpile,V01-D,R09,,1,Sieve + Proctoer ,,APPROVED AS NOTED,DONE,3,EIDG,75,
2334,Sunday,08-02-26,56475,36,MATTAR,SOIL,25-11-25,A-2-4,26.20%,,Stockpile,V01-D,R09,,1,Sieve + Proctoer ,,APPROVED AS NOTED,DONE,3,EIDG,75,
2335,Sunday,08-02-26,56476,36,MATTAR,SOIL,25-11-25,A-2-4,27.20%,,Stockpile,V01-D,R09,,1,Sieve + Proctoer ,,APPROVED AS NOTED,DONE,3,EIDG,75,
2336,Sunday,08-02-26,56477,36,MATTAR,SOIL,15-12-25,A-2-4,27.20%,,Stockpile,V01-D,R09,,1,Sieve + Proctoer ,,APPROVED AS NOTED,DONE,3,EIDG,55,
2337,Sunday,08-02-26,56478,36,MATTAR,SOIL,15-12-25,A-2-4,29.20%,,Stockpile,V01-D,R09,,1,Sieve + Proctoer ,,APPROVED AS NOTED,DONE,3,EIDG,55,
2338,Sunday,08-02-26,56479,36,MATTAR,SOIL,10-12-25,A-2-4,26.20%,,Stockpile,V01-D,R09,,1,Sieve + Proctoer ,,APPROVED AS NOTED,DONE,3,EIDG,60,
2339,Sunday,08-02-26,56481,36,MATTAR,SOIL,10-12-25,A-2-4,26.60%,,Stockpile,V01-D,R09,,1,Sieve + Proctoer ,,APPROVED AS NOTED,DONE,3,EIDG,60,
2340,Sunday,08-02-26,56482,36,MATTAR,SOIL,04-12-25,A-2-4,22.00%,,Stockpile,V01-D,R09,,1,Sieve + Proctoer ,,APPROVED AS NOTED,DONE,3,EIDG,66,
2341,Sunday,08-02-26,56483,36,MATTAR,SOIL,04-12-25,A-2-4,23.20%,,Stockpile,V01-D,R09,,1,Sieve + Proctoer ,,APPROVED AS NOTED,DONE,3,EIDG,66,
2342,Sunday,08-02-26,56431,36,Ahmed Saeed El-Shenawy,SOIL,12-11-25,A-2-4,25.10%,,Stockpile,V01-D,R09,,1,Sieve + Proctoer ,,APPROVED AS NOTED,DONE,3,EIDG,88,
2343,Sunday,08-02-26,56432,36,Ahmed Saeed El-Shenawy,SOIL,10-11-25,A-2-4,27.20%,,Stockpile,V01-D,R09,,1,Sieve + Proctoer ,,APPROVED AS NOTED,DONE,3,EIDG,90,
2344,Sunday,08-02-26,56433,36,Ahmed Saeed El-Shenawy,SOIL,11-11-25,A-2-4,26.80%,,Stockpile,V01-D,R09,,1,Sieve + Proctoer ,,APPROVED AS NOTED,DONE,3,EIDG,89,
2345,Sunday,08-02-26,56434,36,Ahmed Saeed El-Shenawy,SOIL,09-11-25,A-2-4,25.30%,,Stockpile,V01-D,R09,,1,Sieve + Proctoer ,,APPROVED AS NOTED,DONE,3,EIDG,91,
2346,Sunday,08-02-26,56435,36,Ahmed Saeed El-Shenawy,SOIL,14-11-25,A-2-4,24.00%,,Stockpile,V01-D,R09,,1,Sieve + Proctoer ,,APPROVED AS NOTED,DONE,3,EIDG,86,
2347,Sunday,08-02-26,56436,36,Ahmed Saeed El-Shenawy,SOIL,14-11-25,A-2-4,24.00%,,Stockpile,V01-D,R09,,1,Sieve + Proctoer ,,APPROVED AS NOTED,DONE,3,EIDG,86,
2348,Sunday,08-02-26,56437,36,Ahmed Saeed El-Shenawy,SOIL,13-11-25,A-2-4,25.60%,,Stockpile,V01-D,R09,,1,Sieve + Proctoer ,,APPROVED AS NOTED,DONE,3,EIDG,87,
2349,Sunday,08-02-26,56438,36,ORASCOM,SOIL,04-11-25,A-2-4,24.20%,,Stockpile,V01-D,R09,,1,Sieve + Proctoer ,,APPROVED AS NOTED,DONE,3,EIDG,96,
2350,Sunday,08-02-26,56439,36,ORASCOM,SOIL,09-11-25,A-2-4,26.30%,,Stockpile,V01-D,R09,,1,Sieve + Proctoer ,,APPROVED AS NOTED,DONE,3,EIDG,91,
2351,Sunday,08-02-26,56440,36,ORASCOM,SOIL,08-11-25,A-2-4,24.30%,,Stockpile,V01-D,R09,,1,Sieve + Proctoer ,,APPROVED AS NOTED,DONE,3,EIDG,92,
2352,Sunday,08-02-26,56441,36,ORASCOM,SOIL,06-11-25,A-2-4,25.90%,,Stockpile,V01-D,R09,,1,Sieve + Proctoer ,,APPROVED AS NOTED,DONE,3,EIDG,94,
2353,Sunday,08-02-26,56442,36,ORASCOM,SOIL,12-11-25,A-2-4,20.00%,,Stockpile,V01-D,R09,,1,Sieve + Proctoer ,,APPROVED AS NOTED,DONE,3,EIDG,88,
2354,Sunday,08-02-26,56443,36,ORASCOM,SOIL,10-11-25,A-2-4,23.40%,,Stockpile,V01-D,R09,,1,Sieve + Proctoer ,,APPROVED AS NOTED,DONE,3,EIDG,90,
2355,Sunday,08-02-26,56444,36,ORASCOM,SOIL,16-11-25,A-2-4,20.70%,,Stockpile,V01-D,R09,,1,Sieve + Proctoer ,,APPROVED AS NOTED,DONE,3,EIDG,84,
2356,Sunday,08-02-26,56445,36,ORASCOM,SOIL,14-11-25,A-2-4,21.80%,,Stockpile,V01-D,R09,,1,Sieve + Proctoer ,,APPROVED AS NOTED,DONE,3,EIDG,86,
2357,Sunday,08-02-26,56446,36,ORASCOM,SOIL,20-11-25,A-2-4,23.20%,,Stockpile,V01-D,R09,,1,Sieve + Proctoer ,,APPROVED AS NOTED,DONE,3,EIDG,80,
2358,Sunday,08-02-26,56473,36,MATTAR,SOIL,26-12-25,A-2-4,22.80%,,Stockpile,V01-D,R09,,1,Sieve + Proctoer ,,APPROVED AS NOTED,DONE,3,EIDG,44,
2359,Sunday,08-02-26,56411,36,MOKHTAR EL-SHENAWY,SOIL,02-01-26,A-2-4,28.60%,,Stockpile,V01-D,RA-21,,1,Sieve + Proctoer ,,APPROVED AS NOTED,DONE,3,EIDG,37,
2360,Thursday,08-01-26,37730,36,MOKHTAR EL-SHENAWY,DPL,07-01-26,,,,Fill,V01-D,RA-21 ST(00+080 TO 00+170) L+R,-1.75,3,,,APPROVED AS NOTED,DONE,2,EIDG,1,
2361,Tuesday,13-01-26,37908,36,MOKHTAR EL-SHENAWY,DPL,12-01-26,,,,Fill,V01-D,RA-21 ST(00+000 TO 00+170) L+R,AS-BUILT,7,,,APPROVED AS NOTED,DONE,2,EIDG,1,
2362,Wednesday,07-01-26,37682,36,MOKHTAR EL-SHENAWY,DPL,06-01-26,,,,Fill,V01-D,RA-21 ST(00+080 TO 00+170) L+R,-2.25,3,,,APPROVED AS NOTED,DONE,2,EIDG,1,
2363,Wednesday,07-01-26,37683,36,MOKHTAR EL-SHENAWY,DPL,06-01-26,,,,Fill,V01-D,RA-21 ST(00+080 TO 00+170) L+R,-2,3,,,APPROVED AS NOTED,DONE,2,EIDG,1,
2364,Monday,05-01-26,37642,36,MOKHTAR EL-SHENAWY,DPL,05-01-26,,,,Fill,V01-D,RA-21 ST(00+080 TO 00+170) L+R,-2.75,2,,,APPROVED AS NOTED,DONE,2,EIDG,0,
2365,Tuesday,30-12-25,37276,36,MOKHTAR EL-SHENAWY,DPL,28-12-25,,,,Fill,V01-D,RA-21 ST(00+020 TO 00+200) L+R,-2.5,3,,,APPROVED AS NOTED,DONE,2,EIDG,2,
2366,Tuesday,30-12-25,37279,36,MOKHTAR EL-SHENAWY,DPL,28-12-25,,,,Fill,V01-D,RA-21 ST(00+020 TO 00+140) L+R,-2.5,3,,,APPROVED AS NOTED,DONE,2,EIDG,2,
2367,Tuesday,30-12-25,37315,36,MOKHTAR EL-SHENAWY,DPL,28-12-25,,,,Fill,V01-D,RA-21 ST(00+140 TO 00+200) L+R,-2.25,7,,,APPROVED AS NOTED,DONE,2,EIDG,2,
2368,Tuesday,30-12-25,37314,36,MOKHTAR EL-SHENAWY,DPL,29-12-25,,,,Fill,V01-D,RA-21 ST(00+020 TO 00+200) L+R,-2.25,4,,,APPROVED AS NOTED,DONE,2,EIDG,1,
2369,Tuesday,30-12-25,37312,36,MOKHTAR EL-SHENAWY,DPL,29-12-25,,,,Fill,V01-D,RA-21 ST(00+020 TO 00+140) L+R,-2.25,3,,,APPROVED AS NOTED,DONE,2,EIDG,1,
2370,Tuesday,30-12-25,37368,36,MOKHTAR EL-SHENAWY,DPL,30-12-25,,,,Fill,V01-D,RA-21 ST(00+020 TO 00+140) L+R,-2,10,,,APPROVED AS NOTED,DONE,2,EIDG,0,
2371,Wednesday,31-12-25,37384,36,MOKHTAR EL-SHENAWY,DPL,30-12-25,,,,Fill,V01-D,RA-21 ST(00+020 TO 00+200) L+R,-2,4,,,APPROVED AS NOTED,DONE,2,EIDG,1,
2372,Wednesday,24-12-25,36999,36,MOKHTAR EL-SHENAWY,DPL,22-12-25,,,,Fill,V01-D,RA-21 ST(00+020 TO 00+255) ,20.05,1,,,APPROVED AS NOTED,DONE,2,EIDG,2,
2373,Wednesday,24-12-25,36962,36,MOKHTAR EL-SHENAWY,DPL,23-12-25,,,,Fill,V01-D,RA-21 ST(00+040 TO 00+060) L+R,-6.5,2,,,APPROVED AS NOTED,DONE,2,EIDG,1,
2374,Thursday,25-12-25,37091,36,MOKHTAR EL-SHENAWY,DPL,24-12-25,,,,Fill,V01-D,RA-21 ST(00+040 TO 00+080) L+R,-6,2,,,APPROVED AS NOTED,DONE,2,EIDG,1,
2375,Thursday,25-12-25,37089,36,MOKHTAR EL-SHENAWY,DPL,24-12-25,,,,Fill,V01-D,RA-21 ST(00+040 TO 00+080) L+R,-5.5,2,,,APPROVED AS NOTED,DONE,2,EIDG,1,
2376,Thursday,25-12-25,37095,36,MOKHTAR EL-SHENAWY,DPL,24-12-25,,,,Fill,V01-D,RA-21 ST(00+040 TO 00+080) L+R,-5,3,,,APPROVED AS NOTED,DONE,2,EIDG,1,
2377,Saturday,27-12-25,37192,36,MOKHTAR EL-SHENAWY,DPL,25-12-25,,,,Fill,V01-D,RA-21 ST(00+020 TO 00+120) L+R,-4.5,6,,,APPROVED AS NOTED,DONE,2,EIDG,2,
2378,Saturday,27-12-25,37178,36,MOKHTAR EL-SHENAWY,DPL,25-12-25,,,,Fill,V01-D,RA-21 ST(00+020 TO 00+140) L+R,-4,4,,,APPROVED AS NOTED,DONE,2,EIDG,2,
2379,Saturday,27-12-25,37151,36,MOKHTAR EL-SHENAWY,DPL,26-12-25,,,,Fill,V01-D,RA-21 ST(00+020 TO 00+140) L+R,-3.5,7,,,APPROVED AS NOTED,DONE,2,EIDG,1,
2380,Monday,29-12-25,37227,36,MOKHTAR EL-SHENAWY,DPL,27-12-25,,,,Fill,V01-D,RA-21 ST(00+020 TO 00+140) L+R,-3,5,,,APPROVED AS NOTED,DONE,2,EIDG,2,
2381,Saturday,27-12-25,37193,36,MOKHTAR EL-SHENAWY,DPL,25-12-25,,,,Fill,V01-D,RA-21 ST(00+020 TO 00+240) L+R,-3,3,,,APPROVED AS NOTED,DONE,2,EIDG,2,
2382,Saturday,27-12-25,37191,36,MOKHTAR EL-SHENAWY,DPL,25-12-25,,,,Fill,V01-D,RA-21 ST(00+140 TO 00+160) L+R,-2.75,2,,,APPROVED AS NOTED,DONE,2,EIDG,2,
2383,Monday,29-12-25,37221,36,MOKHTAR EL-SHENAWY,DPL,27-12-25,,,,Fill,V01-D,RA-21 ST(00+020 TO 00+240) L+R,-2.75,4,,,APPROVED AS NOTED,DONE,2,EIDG,2,
2384,Monday,29-12-25,37243,36,MOKHTAR EL-SHENAWY,DPL,27-12-25,,,,Fill,V01-D,RA-21 ST(00+020 TO 00+140) L+R,-2.75,4,,,APPROVED AS NOTED,DONE,2,EIDG,2,
2385,Monday,29-12-25,37244,36,MOKHTAR EL-SHENAWY,DPL,27-12-25,,,,Fill,V01-D,RA-21 ST(00+140 TO 00+160) L+R,-2.5,3,,,APPROVED AS NOTED,DONE,2,EIDG,2,
2386,Sunday,08-02-26,56412,36,MOKHTAR EL-SHENAWY,SOIL,02-01-26,A-2-4,26.60%,,Stockpile,V01-D,RA-21,,1,Sieve + Proctoer ,,APPROVED AS NOTED,DONE,3,EIDG,37,
2387,Sunday,08-02-26,56413,36,MOKHTAR EL-SHENAWY,SOIL,30-12-25,A-2-4,27.60%,,Stockpile,V01-D,RA-21,,1,Sieve + Proctoer ,,APPROVED AS NOTED,DONE,3,EIDG,40,
2388,Sunday,08-02-26,56414,36,MOKHTAR EL-SHENAWY,SOIL,30-12-25,A-2-4,27.60%,,Stockpile,V01-D,RA-21,,1,Sieve + Proctoer ,,APPROVED AS NOTED,DONE,3,EIDG,40,
2389,Sunday,08-02-26,56415,36,MOKHTAR EL-SHENAWY,SOIL,25-12-25,A-2-4,27.00%,,Stockpile,V01-D,RA-21,,1,Sieve + Proctoer ,,APPROVED AS NOTED,DONE,3,EIDG,45,
2390,Sunday,08-02-26,56416,36,MOKHTAR EL-SHENAWY,SOIL,26-12-25,A-2-4,22.00%,,Stockpile,V01-D,RA-21,,1,Sieve + Proctoer ,,APPROVED AS NOTED,DONE,3,EIDG,44,
2391,Sunday,08-02-26,56417,36,MOKHTAR EL-SHENAWY,SOIL,22-12-25,A-2-4,22.40%,,Stockpile,V01-D,RA-21,,1,Sieve + Proctoer ,,APPROVED AS NOTED,DONE,3,EIDG,48,
2392,Sunday,08-02-26,56418,36,MOKHTAR EL-SHENAWY,SOIL,22-12-25,A-2-4,21.40%,,Stockpile,V01-D,RA-21,,1,Sieve + Proctoer ,,APPROVED AS NOTED,DONE,3,EIDG,48,
2393,Sunday,08-02-26,56423,36,MOKHTAR EL-SHENAWY,SOIL,15-11-25,A-2-4,23.30%,,Stockpile,V01-D,R0-9,,1,Sieve + Proctoer ,,APPROVED AS NOTED,DONE,3,EIDG,85,
2394,Sunday,08-02-26,56424,36,MOKHTAR EL-SHENAWY,SOIL,14-11-25,A-2-4,21.60%,,Stockpile,V01-D,R0-9,,1,Sieve + Proctoer ,,APPROVED AS NOTED,DONE,3,EIDG,86,
2395,Sunday,08-02-26,56425,36,ORASCOM,SOIL,03-11-25,A-2-4,18.10%,,Stockpile,V01-D,R0-9,,1,Sieve + Proctoer ,,APPROVED AS NOTED,DONE,3,EIDG,97,
2396,Sunday,08-02-26,56426,36,ORASCOM,SOIL,02-11-25,A-2-4,26.60%,,Stockpile,V01-D,R0-9,,1,Sieve + Proctoer ,,APPROVED AS NOTED,DONE,3,EIDG,98,
2397,Sunday,08-02-26,56428,36,MOKHTAR EL-SHENAWY,SOIL,20-11-25,A-2-4,20.80%,,Stockpile,V01-D,R0-9,,1,Sieve + Proctoer ,,APPROVED AS NOTED,DONE,3,EIDG,80,
2398,Sunday,08-02-26,56429,36,MOKHTAR EL-SHENAWY,SOIL,18-11-25,A-2-4,21.60%,,Stockpile,V01-D,R0-9,,1,Sieve + Proctoer ,,APPROVED AS NOTED,DONE,3,EIDG,82,
2399,Sunday,08-02-26,56430,36,MOKHTAR EL-SHENAWY,SOIL,17-11-25,A-2-4,21.10%,,Stockpile,V01-D,R0-9,,1,Sieve + Proctoer ,,APPROVED AS NOTED,DONE,3,EIDG,83,
2400,Sunday,08-02-26,56474,36,MATTAR,SOIL,26-12-25,A-2-4,22.20%,,Stockpile,V01-D,R0-9,,1,Sieve + Proctoer ,,APPROVED AS NOTED,DONE,3,EIDG,44,
2401,Sunday,08-02-26,56409,36,MOKHTAR EL-SHENAWY,SOIL,23-12-25,A-2-4,22.80%,,Stockpile,V01-D,R0-10,,1,Sieve + Proctoer ,,APPROVED AS NOTED,DONE,3,EIDG,47,
2402,Sunday,08-02-26,56410,36,MOKHTAR EL-SHENAWY,SOIL,23-12-25,A-2-4,27.80%,,Stockpile,V01-D,R0-10,,1,Sieve + Proctoer ,,APPROVED AS NOTED,DONE,3,EIDG,47,
2403,Sunday,08-02-26,56403,36,MATTAR,SOIL,03-12-25,A-2-4,21.90%,,Stockpile,V01-D,R0-9,,1,Sieve + Proctoer ,,APPROVED AS NOTED,DONE,3,EIDG,67,
2404,Sunday,08-02-26,56402,36,MATTAR,SOIL,12-12-25,A-2-4,23.10%,,Stockpile,V01-D,R0-9,,1,Sieve + Proctoer ,,APPROVED AS NOTED,DONE,3,EIDG,58,
2405,Sunday,08-02-26,56405,36,MATTAR,SOIL,10-11-25,A-2-4,21.60%,,Stockpile,V01-D,R0-9,,1,Sieve + Proctoer ,,APPROVED AS NOTED,DONE,3,EIDG,90,
2406,Sunday,08-02-26,56404,36,MATTAR,SOIL,12-11-25,A-2-4,23.50%,,Stockpile,V01-D,R0-9,,1,Sieve + Proctoer ,,APPROVED AS NOTED,DONE,3,EIDG,88,
2407,Sunday,08-02-26,56406,36,MATTAR,SOIL,08-11-25,A-2-4,21.90%,,Stockpile,V01-D,R0-9,,1,Sieve + Proctoer ,,APPROVED AS NOTED,DONE,3,EIDG,92,
2408,Sunday,08-02-26,56408,36,EL-THANAA,SOIL,05-11-25,A-2-4,24.00%,,Stockpile,V01-D,R0-9,,1,Sieve + Proctoer ,,APPROVED AS NOTED,DONE,3,EIDG,95,
2409,Sunday,08-02-26,56407,36,MATTAR,SOIL,17-12-25,A-2-4,23.60%,,Stockpile,V01-D,R0-9,,1,Sieve + Proctoer ,,APPROVED AS NOTED,DONE,3,EIDG,53,
2410,Sunday,08-02-26,56389,36,Ahmed Saeed El-Shenawy,SOIL,03-11-25,A-2-4,25.20%,,Stockpile,V01-D,R0-9,,1,Sieve + Proctoer ,,APPROVED AS NOTED,DONE,3,EIDG,97,
2411,Sunday,08-02-26,56390,36,Ahmed Saeed El-Shenawy,SOIL,05-11-25,A-2-4,24.40%,,Stockpile,V01-D,R0-9,,1,Sieve + Proctoer ,,APPROVED AS NOTED,DONE,3,EIDG,95,
2412,Sunday,08-02-26,56391,36,Ahmed Saeed El-Shenawy,SOIL,07-11-25,A-2-4,20.20%,,Stockpile,V01-D,R0-9,,1,Sieve + Proctoer ,,APPROVED AS NOTED,DONE,3,EIDG,93,
2413,Sunday,08-02-26,56392,36,EL-THANAA,SOIL,13-11-25,A-2-4,20.80%,,Stockpile,V01-D,R0-9,,1,Sieve + Proctoer ,,APPROVED AS NOTED,DONE,3,EIDG,87,
2414,Sunday,08-02-26,56393,36,EL-THANAA,SOIL,10-11-25,A-2-4,25.50%,,Stockpile,V01-D,R0-9,,1,Sieve + Proctoer ,,APPROVED AS NOTED,DONE,3,EIDG,90,
2415,Sunday,08-02-26,56394,36,EL-THANAA,SOIL,11-11-25,A-2-4,25.50%,,Stockpile,V01-D,R0-9,,1,Sieve + Proctoer ,,APPROVED AS NOTED,DONE,3,EIDG,89,
2416,Sunday,08-02-26,56395,36,MATTAR,SOIL,03-12-25,A-2-4,23.70%,,Stockpile,V01-D,R0-9,,1,Sieve + Proctoer ,,APPROVED AS NOTED,DONE,3,EIDG,67,
2417,Sunday,08-02-26,56388,36,Ahmed Saeed El-Shenawy,SOIL,31-10-25,A-2-4,21.60%,,Stockpile,V01-D,R0-9,,1,Sieve + Proctoer ,,APPROVED AS NOTED,DONE,3,EIDG,100,
2418,Sunday,08-02-26,56386,36,MOKHTAR EL-SHENAWY,SOIL,13-11-25,A-2-4,21.80%,,Stockpile,V01-D,R0-9,,1,Sieve + Proctoer ,,APPROVED AS NOTED,DONE,3,EIDG,87,
2419,Sunday,08-02-26,56387,36,Ahmed Saeed El-Shenawy,SOIL,01-11-25,A-2-4,17.60%,,Stockpile,V01-D,R0-9,,1,Sieve + Proctoer ,,APPROVED AS NOTED,DONE,3,EIDG,99,
2420,Sunday,08-02-26,56461,36,Ahmed Saeed El-Shenawy,SOIL,20-11-25,A-2-4,20.40%,,Stockpile,V01-D,R0-9,,1,Sieve + Proctoer ,,APPROVED AS NOTED,DONE,3,EIDG,80,
2421,Sunday,08-02-26,56462,36,Ahmed Saeed El-Shenawy,SOIL,19-11-25,A-2-4,25.00%,,Stockpile,V01-D,R0-9,,1,Sieve + Proctoer ,,APPROVED AS NOTED,DONE,3,EIDG,81,
2422,Sunday,08-02-26,56463,36,Ahmed Saeed El-Shenawy,SOIL,18-11-25,A-2-4,22.60%,,Stockpile,V01-D,R0-9,,1,Sieve + Proctoer ,,APPROVED AS NOTED,DONE,3,EIDG,82,
2423,Sunday,08-02-26,56451,36,ORASCOM,SOIL,26-11-25,A-2-4,28.90%,,Stockpile,V01-D,R0-9,,1,Sieve + Proctoer ,,APPROVED AS NOTED,DONE,3,EIDG,74,
2424,Sunday,08-02-26,56454,36,EL-THANAA,SOIL,09-11-25,A-2-4,23.90%,,Stockpile,V01-D,R0-9,,1,Sieve + Proctoer ,,APPROVED AS NOTED,DONE,3,EIDG,91,
2425,Sunday,08-02-26,56455,36,EL-THANAA,SOIL,01-11-25,A-2-4,22.60%,,Stockpile,V01-D,R0-9,,1,Sieve + Proctoer ,,APPROVED AS NOTED,DONE,3,EIDG,99,
2426,Sunday,08-02-26,56456,36,EL-THANAA,SOIL,03-11-25,A-2-4,21.20%,,Stockpile,V01-D,R0-9,,1,Sieve + Proctoer ,,APPROVED AS NOTED,DONE,3,EIDG,97,
2427,Sunday,08-02-26,56450,36,ORASCOM,SOIL,26-11-25,A-2-4,24.70%,,Stockpile,V01-D,R0-9,,1,Sieve + Proctoer ,,APPROVED AS NOTED,DONE,3,EIDG,74,
2428,Sunday,08-02-26,56449,36,ORASCOM,SOIL,24-11-25,A-2-4,23.70%,,Stockpile,V01-D,R0-9,,1,Sieve + Proctoer ,,APPROVED AS NOTED,DONE,3,EIDG,76,
2429,Sunday,08-02-26,56448,36,ORASCOM,SOIL,21-11-25,A-2-4,25.70%,,Stockpile,V01-D,R0-9,,1,Sieve + Proctoer ,,APPROVED AS NOTED,DONE,3,EIDG,79,
2430,Sunday,08-02-26,56447,36,ORASCOM,SOIL,18-11-25,A-2-4,23.50%,,Stockpile,V01-D,R0-9,,1,Sieve + Proctoer ,,APPROVED AS NOTED,DONE,3,EIDG,82,
2431,Sunday,08-02-26,56400,36,MATTAR,SOIL,13-12-25,A-2-4,25.00%,,Stockpile,V01-D,R0-9,,1,Sieve + Proctoer ,,APPROVED AS NOTED,DONE,3,EIDG,57,
2432,Sunday,08-02-26,56401,36,MATTAR,SOIL,12-12-25,A-2-4,24.00%,,Stockpile,V01-D,R0-9,,1,Sieve + Proctoer ,,APPROVED AS NOTED,DONE,3,EIDG,58,
2433,Sunday,08-02-26,56399,36,MATTAR,SOIL,15-12-25,A-2-4,26.40%,,Stockpile,V01-D,R0-9,,1,Sieve + Proctoer ,,APPROVED AS NOTED,DONE,3,EIDG,55,
