No,Day,Date( SUB),serial,Battalion,Company Name,Test Type,Date ( test),Classification,#200,AVERAGE VALUE,Sampling Location,Zone,ELMENT,BUILDING,layer ,Level,Number of Tests,Performed Test ,Area(m2),sample status,Document Status,NUM. OF PAGES,Done BY,DURATION,Company ,Executed Quantity,Required Quantity
0,Mon,31-08-26,76933,44,Al Motamayez,SOIL,09-08-26,A-4,58.40%,,Bottom of excavation,V0-3,VILLA 3,,,,1,Sieve + Proctoer ,,APPROVED AS NOTED,DONE,3,CEL,22,,,
1,Mon,31-08-26,76934,44,Al Motamayez,SOIL,09-08-26,A-4,64.00%,,Bottom of excavation,V0-3,VILLA 4,,,,1,Sieve + Proctoer ,,APPROVED AS NOTED,DONE,3,CEL,22,,,
2,Mon,31-08-26,76935,44,Al Motamayez,SOIL,09-08-26,A-4,50.20%,,Natural Ground,V0-3,VILLA 5,,,,1,Sieve + Proctoer ,,APPROVED AS NOTED,DONE,3,CEL,22,,,
3,Mon,31-08-26,76936,44,Al Motamayez,SOIL,09-08-26,A-2-4,26.00%,,Stockpile,V0-3,,,,,1,Sieve + Proctoer ,,APPROVED AS NOTED,DONE,4,CEL,22,,,
4,Mon,31-08-26,76937,44,Abnaa Hetler,SOIL,08-08-26,A-6,78.40%,,Natural Ground,V0-3,VILLA 1,,,,1,Sieve + Proctoer ,,APPROVED AS NOTED,DONE,3,CEL,23,,,
5,Mon,31-08-26,76938,44,Abnaa Hetler,SOIL,08-08-26,A-6,82.40%,,Natural Ground,V0-3,VILLA 2,,,,1,Sieve + Proctoer ,,APPROVED AS NOTED,DONE,3,CEL,23,,,
6,Mon,31-08-26,76939,44,Abnaa Hetler,SOIL,07-08-26,A-1-B,17.20%,,Stockpile,V0-3,,,,,1,Sieve + Proctoer ,,APPROVED AS NOTED,DONE,4,CEL,24,,,
7,Mon,31-08-26,76940,44,Abnaa Hetler,DPL,09-08-26,,,53.17,Fill,V0-3,VILLA 1,,LAYER-1,,4,,,APPROVED AS NOTED,DONE,6,DR/ OMAR OSMAN,22,,,
8,Mon,31-08-26,76941,44,Abnaa Hetler,DPL,09-08-26,,,31.79,Fill,V0-3,VILLA 2,,LAYER-1,,4,,,APPROVED AS NOTED,DONE,6,DR/ OMAR OSMAN,22,,,
9,Mon,31-08-26,76942,44,Arabco,SOIL,09-08-26,A-1-B,14.60%,,Stockpile,V0-3,,,,,1,Sieve + Proctoer ,,APPROVED AS NOTED,DONE,3,LOGIC,22,,,
10,Mon,31-08-26,76943,44,Arabco,SOIL,05-08-26,A-4,55.80%,,Bottom of excavation,V0-3,VILLA 8,,,,1,Sieve + Proctoer ,,APPROVED AS NOTED,DONE,2,LOGIC,26,,,
11,Mon,31-08-26,76944,44,Arabco,SOIL,05-08-26,A-4,56.60%,,Bottom of excavation,V0-3,VILLA 6,,,,1,Sieve + Proctoer ,,APPROVED AS NOTED,DONE,2,LOGIC,26,,,
12,Mon,31-08-26,76945,44,Arabco,SOIL,05-08-26,A-4,83.00%,,Stockpile,V0-3,VILLA 7,,,,1,Sieve + Proctoer ,,APPROVED AS NOTED,DONE,2,LOGIC,26,,,
13,Mon,31-08-26,76946,44,Arabco,SOIL,07-08-26,A-1-B,9.20%,,Stockpile,V0-3,,,,,1,Sieve + Proctoer ,,APPROVED AS NOTED,DONE,3,LOGIC,24,,,
14,Mon,31-08-26,76947,44,Hosny Mubarak,SOIL,07-08-26,A-4,85.20%,,Bottom of excavation,V0-3,VILLA 10,,,,1,Sieve + Proctoer ,,APPROVED AS NOTED,DONE,2,LOGIC,24,,,
15,Mon,31-08-26,76948,44,Hosny Mubarak,SOIL,07-08-26,A-4,58.20%,,Bottom of excavation,V0-3,VILLA 13,,,,1,Sieve + Proctoer ,,APPROVED AS NOTED,DONE,2,LOGIC,24,,,
16,Mon,31-08-26,76949,44,Hosny Mubarak,SOIL,07-08-26,A-4,57.20%,,Bottom of excavation,V0-3,VILLA 12,,,,1,Sieve + Proctoer ,,APPROVED AS NOTED,DONE,2,LOGIC,24,,,
17,Mon,31-08-26,76950,44,Hosny Mubarak,SOIL,07-08-26,A-4,37.60%,,Bottom of excavation,V0-3,VILLA 11,,,,1,Sieve + Proctoer ,,APPROVED AS NOTED,DONE,2,LOGIC,24,,,
18,Mon,31-08-26,76951,44,Hosny Mubarak,SOIL,07-08-26,A-4,73.00%,,Stockpile,V0-3,VILLA 9,,,,1,Sieve + Proctoer ,,APPROVED AS NOTED,DONE,2,LOGIC,24,,,
19,Mon,31-08-26,76952,44,Hosny Mubarak,SOIL,07-08-26,A-1-B,19.20%,,Stockpile,V0-3,,,,,1,Sieve + Proctoer ,,APPROVED AS NOTED,DONE,3,LOGIC,24,,,
20,Mon,31-08-26,76953,44,Arabco,DPL,08-08-26,,,48.16,Fill,V0-3,VILLA 6,,LAYER-1,,3,,,APPROVED AS NOTED,DONE,5,HELIOPOLIS,23,,,
21,Mon,31-08-26,76954,44,Arabco,DPL,08-08-26,,,47.82,Fill,V0-3,VILLA 7,,LAYER-1,,3,,,APPROVED AS NOTED,DONE,5,HELIOPOLIS,23,,,
22,Mon,31-08-26,76955,44,Arabco,DPL,09-08-26,,,60.46,Fill,V0-3,VILLA 7,,LAYER-2,,3,,,APPROVED AS NOTED,DONE,5,HELIOPOLIS,22,,,
23,Mon,31-08-26,76956,44,Arabco,DPL,08-08-26,,,45.78,Fill,V0-3,VILLA 8,,LAYER-1,,4,,,APPROVED AS NOTED,DONE,6,HELIOPOLIS,23,,,
24,Mon,31-08-26,76957,44,Arabco,DPL,09-08-26,,,40.23,Fill,V0-3,VILLA 8,,LAYER-2,,5,,,APPROVED AS NOTED,DONE,7,HELIOPOLIS,22,,,
25,Mon,31-08-26,76958,44,Hosny Mubarak,DPL,08-08-26,,,28.67,Fill,V0-3,VILLA 9,,LAYER-1,,3,,,APPROVED AS NOTED,DONE,5,HELIOPOLIS,23,,,
26,Mon,31-08-26,76959,44,Hosny Mubarak,DPL,08-08-26,,,42.75,Fill,V0-3,VILLA 10,,LAYER-1,,3,,,APPROVED AS NOTED,DONE,5,HELIOPOLIS,23,,,
27,Mon,31-08-26,76960,44,Hosny Mubarak,DPL,08-08-26,,,36.9,Fill,V0-3,VILLA 12,,LAYER-1,,2,,,APPROVED AS NOTED,DONE,4,HELIOPOLIS,23,,,
28,Mon,31-08-26,76961,44,Hosny Mubarak,DPL,08-08-26,,,47.82,Fill,V0-3,VILLA 11,,LAYER-1,,3,,,APPROVED AS NOTED,DONE,5,HELIOPOLIS,23,,,
29,Mon,31-08-26,76962,44,Hosny Mubarak,DPL,08-08-26,,,37.55,Fill,V0-3,VILLA 13,,LAYER-1,,3,,,APPROVED AS NOTED,DONE,5,HELIOPOLIS,23,,,
30,Mon,31-08-26,76963,44,Al Motamayez,DPL,10-08-26,,,40.64,Fill,V0-3,VILLA 4,,LAYER-1,,3,,,APPROVED AS NOTED,DONE,5,DR/ OMAR OSMAN,1,,,
31,Mon,31-08-26,76964,44,Abnaa Hetler,DPL,10-08-26,,,50.99,Fill,V0-3,VILLA 2,,LAYER-2,,3,,,APPROVED AS NOTED,DONE,5,DR/ OMAR OSMAN,1,,,
32,Mon,31-08-26,76965,44,Abnaa Hetler,DPL,10-08-26,,,52.6,Fill,V0-3,VILLA 1,,LAYER-2,,3,,,APPROVED AS NOTED,DONE,5,DR/ OMAR OSMAN,1,,,
33,Mon,31-08-26,76966,44,Al Motamayez,DPL,10-08-26,,,31.64,Fill,V0-3,VILLA 5,,LAYER-1,,2,,,APPROVED AS NOTED,DONE,4,DR/ OMAR OSMAN,1,,,
34,Mon,31-08-26,77201,44,Hosny Mubarak,SOIL,09-08-26,A-1-B,9.40%,,Stockpile,V0-3,,,,,1,Sieve + Proctoer ,,APPROVED AS NOTED,DONE,3,LOGIC,2,,,
35,Mon,31-08-26,77202,44,Al Kifah,SOIL,10-08-26,A-1-B,18.20%,,Stockpile,V0-3,,,,,1,Sieve + Proctoer ,,APPROVED AS NOTED,DONE,3,LOGIC,1,,,
36,Mon,31-08-26,77458,44,Al Motamayez,DPL,11-08-26,,,33.83,Fill,V0-3,VILLA 4,,LAYER-2,,4,,,APPROVED AS NOTED,DONE,6,DR/ OMAR OSMAN,1,,,
37,Mon,31-08-26,77459,44,Al Motamayez,DPL,11-08-26,,,37.26,Fill,V0-3,VILLA 3,,LAYER-1,,3,,,APPROVED AS NOTED,DONE,5,DR/ OMAR OSMAN,1,,,
38,Mon,31-08-26,77460,44,Al Motamayez,DPL,11-08-26,,,37.45,Fill,V0-3,VILLA 3,,LAYER-2,,2,,,APPROVED AS NOTED,DONE,4,DR/ OMAR OSMAN,1,,,
39,Mon,31-08-26,77461,44,Al Motamayez,DPL,11-08-26,,,39.92,Fill,V0-3,VILLA 5,,LAYER-2,,2,,,APPROVED AS NOTED,DONE,4,DR/ OMAR OSMAN,1,,,
40,Mon,31-08-26,77462,44,Abnaa Hetler,SOIL,12-08-26,A-4,53.20%,,Natural Ground,V0-3,BH-11,,,,1,Sieve + Proctoer ,,APPROVED AS NOTED,DONE,3,CEL,0,,,
41,Mon,31-08-26,77463,44,Abnaa Hetler,SOIL,12-08-26,A-1-B,18.60%,,Stockpile,V0-3,,,,,1,Sieve + Proctoer ,,APPROVED AS NOTED,DONE,4,CEL,0,,,
42,Mon,31-08-26,77464,44,Arabco,PLATE LOAD,11-08-26,,,,Fill,V0-3,VILLA 6,,19.95,,1,,,APPROVED AS NOTED,DONE,3,HELIOPOLIS,1,,,
43,Mon,31-08-26,77465,44,Arabco,PLATE LOAD,11-08-26,,,,Fill,V0-3,VILLA 8,,19.95,,1,,,APPROVED AS NOTED,DONE,3,HELIOPOLIS,1,,,
44,Mon,31-08-26,77466,44,Arabco,PLATE LOAD,11-08-26,,,,Fill,V0-3,VILLA 7,,19.95,,1,,,APPROVED AS NOTED,DONE,3,HELIOPOLIS,1,,,
45,Mon,31-08-26,77467,44,Arabco,SOIL,11-08-26,A-2-4,26.00%,,Stockpile,V0-3,,,,,1,Sieve + Proctoer ,,APPROVED AS NOTED,DONE,3,LOGIC,1,,,
46,Mon,31-08-26,77468,44,Arabco,SOIL,11-08-26,A-2-4,27.80%,,Stockpile,V0-3,,,,,1,Sieve + Proctoer ,,APPROVED AS NOTED,DONE,3,LOGIC,1,,,
47,Mon,31-08-26,77469,44,Hosny Mubarak,SOIL,10-08-26,A-2-4,28.40%,,Stockpile,V0-3,,,,,1,Sieve + Proctoer ,,APPROVED AS NOTED,DONE,3,LOGIC,2,,,
48,Mon,31-08-26,77470,44,Hosny Mubarak,SOIL,11-08-26,A-2-4,27.00%,,Stockpile,V0-3,,,,,1,Sieve + Proctoer ,,APPROVED AS NOTED,DONE,3,LOGIC,1,,,
49,Mon,31-08-26,77471,44,Al Qimam,SOIL,11-08-26,A-1-a,7.60%,,Stockpile,V0-3,,,,,1,Sieve + Proctoer ,,APPROVED AS NOTED,DONE,3,LOGIC,1,,,
50,Mon,31-08-26,77472,44,Al Qimam,SOIL,11-08-26,A-6,71.80%,,Bottom of excavation,V0-3,VILLA 14,,,,1,Sieve + Proctoer ,,APPROVED AS NOTED,DONE,2,LOGIC,1,,,
51,Mon,31-08-26,77473,44,Al Qimam,SOIL,11-08-26,A-6,86.00%,,Bottom of excavation,V0-3,VILLA 15,,,,1,Sieve + Proctoer ,,APPROVED AS NOTED,DONE,2,LOGIC,1,,,
52,Mon,31-08-26,77474,44,Al Qimam,SOIL,11-08-26,A-6,86.00%,,Bottom of excavation,V0-3,VILLA 16,,,,1,Sieve + Proctoer ,,APPROVED AS NOTED,DONE,2,LOGIC,1,,,
53,Mon,31-08-26,77475,44,Al Qimam,SOIL,11-08-26,A-6,86.00%,,Bottom of excavation,V0-3,VILLA 17,,,,1,Sieve + Proctoer ,,APPROVED AS NOTED,DONE,2,LOGIC,1,,,
54,Mon,31-08-26,77476,44,Al Qimam,SOIL,11-08-26,A-4,77.40%,,Bottom of excavation,V0-3,VILLA 18,,,,1,Sieve + Proctoer ,,APPROVED AS NOTED,DONE,2,LOGIC,1,,,
55,Mon,31-08-26,77477,44,Al Qimam,SOIL,11-08-26,A-4,54.60%,,Bottom of excavation,V0-3,VILLA 19,,,,1,Sieve + Proctoer ,,APPROVED AS NOTED,DONE,2,LOGIC,1,,,
56,Mon,31-08-26,77478,44,Al Kifah,SOIL,11-08-26,A-2-4,32.00%,,Bottom of excavation,V0-3,VILLA 20,,,,1,Sieve + Proctoer ,,APPROVED AS NOTED,DONE,2,LOGIC,1,,,
57,Mon,31-08-26,77479,44,Al Kifah,SOIL,11-08-26,A-7-5,85.00%,,Bottom of excavation,V0-3,VILLA 21,,,,1,Sieve + Proctoer ,,APPROVED AS NOTED,DONE,2,LOGIC,1,,,
58,Mon,31-08-26,77480,44,Al Kifah,SOIL,11-08-26,A-6,85.20%,,Bottom of excavation,V0-3,VILLA 22,,,,1,Sieve + Proctoer ,,APPROVED AS NOTED,DONE,2,LOGIC,1,,,
59,Mon,31-08-26,77481,44,Al Kifah,SOIL,11-08-26,A-6,80.60%,,Bottom of excavation,V0-3,VILLA 23,,,,1,Sieve + Proctoer ,,APPROVED AS NOTED,DONE,2,LOGIC,1,,,
60,Mon,31-08-26,77482,44,Al Kifah,SOIL,11-08-26,A-6,85.20%,,Bottom of excavation,V0-3,VILLA 24,,,,1,Sieve + Proctoer ,,APPROVED AS NOTED,DONE,2,LOGIC,1,,,
61,Mon,31-08-26,77483,44,Al Kifah,SOIL,11-08-26,A-7-5,93.60%,,Bottom of excavation,V0-3,VILLA 25,,,,1,Sieve + Proctoer ,,APPROVED AS NOTED,DONE,2,LOGIC,1,,,
62,Mon,31-08-26,77484,44,Al Kifah,SOIL,11-08-26,A-6,82.00%,,Bottom of excavation,V0-3,VILLA 26,,,,1,Sieve + Proctoer ,,APPROVED AS NOTED,DONE,2,LOGIC,1,,,
63,Mon,31-08-26,77485,44,Arabco,DPL,09-08-26,,,44.4,Fill,V0-3,VILLA 7,,LAYER-3,,3,,,APPROVED AS NOTED,DONE,5,HELIOPOLIS,3,,,
64,Mon,31-08-26,77486,44,Arabco,DPL,09-08-26,,,39.8,Fill,V0-3,VILLA 6,,LAYER-2,,3,,,APPROVED AS NOTED,DONE,5,HELIOPOLIS,3,,,
65,Mon,31-08-26,77487,44,Arabco,DPL,09-08-26,,,44.4,Fill,V0-3,VILLA 6,,LAYER-3,,3,,,APPROVED AS NOTED,DONE,5,HELIOPOLIS,3,,,
66,Mon,31-08-26,77488,44,Arabco,DPL,09-08-26,,,39.17,Fill,V0-3,VILLA 8,,LAYER-3,,3,,,APPROVED AS NOTED,DONE,5,HELIOPOLIS,3,,,
67,Mon,31-08-26,77489,44,Hosny Mubarak,DPL,09-08-26,,,40.86,Fill,V0-3,VILLA 9,,LAYER-2,,2,,,APPROVED AS NOTED,DONE,4,HELIOPOLIS,3,,,
68,Mon,31-08-26,77490,44,Hosny Mubarak,DPL,09-08-26,,,38.52,Fill,V0-3,VILLA 10,,LAYER-2,,3,,,APPROVED AS NOTED,DONE,5,HELIOPOLIS,3,,,
69,Mon,31-08-26,77491,44,Hosny Mubarak,DPL,09-08-26,,,38.95,Fill,V0-3,VILLA 11,,LAYER-2,,3,,,APPROVED AS NOTED,DONE,5,HELIOPOLIS,3,,,
70,Mon,31-08-26,77492,44,Hosny Mubarak,DPL,09-08-26,,,40.43,Fill,V0-3,VILLA 12,,LAYER-2,,3,,,APPROVED AS NOTED,DONE,5,HELIOPOLIS,3,,,
71,Mon,31-08-26,77493,44,Hosny Mubarak,DPL,09-08-26,,,38.55,Fill,V0-3,VILLA 13,,LAYER-2,,3,,,APPROVED AS NOTED,DONE,5,HELIOPOLIS,3,,,
72,Mon,31-08-26,77494,44,Hosny Mubarak,DPL,10-08-26,,,49,Fill,V0-3,VILLA 12,,LAYER-3,,3,,,APPROVED AS NOTED,DONE,5,HELIOPOLIS,2,,,
73,Mon,31-08-26,77495,44,Hosny Mubarak,DPL,11-08-26,,,41.79,Fill,V0-3,VILLA 12,,LAYER-4,,3,,,APPROVED AS NOTED,DONE,5,HELIOPOLIS,1,,,
74,Mon,31-08-26,77496,44,Arabco,DPL,10-08-26,,,40.79,Fill,V0-3,VILLA 6,,LAYER-4,,4,,,APPROVED AS NOTED,DONE,6,HELIOPOLIS,2,,,
75,Mon,31-08-26,77497,44,Arabco,DPL,10-08-26,,,41.24,Fill,V0-3,VILLA 7,,LAYER-4,,3,,,APPROVED AS NOTED,DONE,5,HELIOPOLIS,2,,,
76,Mon,31-08-26,77498,44,Arabco,DPL,10-08-26,,,45.29,Fill,V0-3,VILLA 8,,LAYER-4,,4,,,APPROVED AS NOTED,DONE,6,HELIOPOLIS,2,,,
77,Mon,31-08-26,77499,44,Hosny Mubarak,DPL,10-08-26,,,35.78,Fill,V0-3,VILLA 9,,LAYER-3,,3,,,APPROVED AS NOTED,DONE,5,HELIOPOLIS,2,,,
78,Mon,31-08-26,77500,44,Hosny Mubarak,DPL,10-08-26,,,38.33,Fill,V0-3,VILLA 10,,LAYER-3,,3,,,APPROVED AS NOTED,DONE,5,HELIOPOLIS,2,,,
79,Mon,31-08-26,77501,44,Hosny Mubarak,DPL,10-08-26,,,37.43,Fill,V0-3,VILLA 11,,LAYER-3,,4,,,APPROVED AS NOTED,DONE,5,HELIOPOLIS,2,,,
80,Mon,31-08-26,77502,44,Hosny Mubarak,DPL,11-08-26,,,44.51,Fill,V0-3,VILLA 13,,LAYER-4,,4,,,APPROVED AS NOTED,DONE,5,HELIOPOLIS,1,,,
81,Tue,01-09-26,77504,44,Al Motamayez,SOIL,12-08-26,A-2-4,28.00%,,Natural Ground,V0-3,VILLA 5,,,,1,Sieve + Proctoer ,,APPROVED AS NOTED,DONE,3,CEL,20,,,
82,Mon,31-08-26,77505,44,Al Motamayez,SOIL,12-08-26,A-4,49.40%,,Natural Ground,V0-3,BH-7,,,,1,Sieve + Proctoer ,,APPROVED AS NOTED,DONE,3,CEL,19,,,
83,Mon,31-08-26,77506,44,Hosny Mubarak,PLATE LOAD,12-08-26,,,,Fill,V0-3,VILLA 9,,20.7,,1,,,APPROVED AS NOTED,DONE,3,GLOBAL LAB,19,,,
84,Mon,31-08-26,77507,44,Hosny Mubarak,PLATE LOAD,12-08-26,,,,Fill,V0-3,VILLA 10,,20.7,,1,,,APPROVED AS NOTED,DONE,3,GLOBAL LAB,19,,,
85,Mon,31-08-26,77508,44,Hosny Mubarak,PLATE LOAD,12-08-26,,,,Fill,V0-3,VILLA 13,,21.9,,1,,,APPROVED AS NOTED,DONE,3,GLOBAL LAB,19,,,
86,Mon,31-08-26,77509,44,Hosny Mubarak,PLATE LOAD,12-08-26,,,,Fill,V0-3,VILLA 11,,20.7,,1,,,APPROVED AS NOTED,DONE,3,GLOBAL LAB,19,,,
87,Mon,31-08-26,77510,44,Hosny Mubarak,DPL,12-08-26,,,39.81,Fill,V0-3,VILLA 13,,LAYER-5,,5,,,APPROVED AS NOTED,DONE,7,HELIOPOLIS,19,,,
88,Mon,31-08-26,77511,44,Hosny Mubarak,DPL,11-08-26,,,40.22,Fill,V0-3,VILLA 11,,LAYER-4,,4,,,APPROVED AS NOTED,DONE,6,HELIOPOLIS,20,,,
89,Mon,31-08-26,77512,44,Hosny Mubarak,DPL,11-08-26,,,51.92,Fill,V0-3,VILLA 10,,LAYER-4,,4,,,APPROVED AS NOTED,DONE,6,HELIOPOLIS,20,,,
90,Mon,31-08-26,77513,44,Hosny Mubarak,DPL,11-08-26,,,31.78,Fill,V0-3,VILLA 9,,LAYER-4,,6,,,APPROVED AS NOTED,DONE,8,HELIOPOLIS,20,,,
91,Mon,31-08-26,77514,44,Arabco,DPL,11-08-26,,,39.15,Fill,V0-3,VILLA 8,,LAYER-5,,4,,,APPROVED AS NOTED,DONE,6,HELIOPOLIS,20,,,
92,Mon,31-08-26,77515,44,Arabco,DPL,11-08-26,,,43.26,Fill,V0-3,VILLA 7,,LAYER-5,,4,,,APPROVED AS NOTED,DONE,6,HELIOPOLIS,20,,,
93,Mon,31-08-26,77516,44,Arabco,DPL,11-08-26,,,41.59,Fill,V0-3,VILLA 6,,LAYER-5,,4,,,APPROVED AS NOTED,DONE,6,HELIOPOLIS,20,,,
94,Mon,31-08-26,77517,44,Al Motamayez,SOIL,14-08-26,A-1-B,18.60%,,Stockpile,V0-3,,,,,1,Sieve analysis,,APPROVED AS NOTED,DONE,3,CEL,1,,,
95,Tue,01-09-26,77518,44,HIgh Dam,SOIL,13-08-26,A-6,87.60%,,Natural Ground,V0-3,VILLA 61,,,,1,Sieve analysis,,APPROVED AS NOTED,DONE,3,CEL,2,,,
96,Mon,31-08-26,77519,44,Arabco,SOIL,13-08-26,A-1-B,16.40%,,Stockpile,V0-3,,,,,1,Sieve + Proctoer ,,APPROVED AS NOTED,DONE,3,LOGIC,2,,,
97,Mon,31-08-26,77520,44,Arabco,SOIL,13-08-26,A-1-B,19.20%,,Stockpile,V0-3,,,,,1,Sieve + Proctoer ,,APPROVED AS NOTED,DONE,3,LOGIC,2,,,
98,Mon,31-08-26,77521,44,Hosny Mubarak,SOIL,13-08-26,A-1-B,7.40%,,Stockpile,V0-3,,,,,1,Sieve + Proctoer ,,APPROVED AS NOTED,DONE,3,LOGIC,2,,,
99,Mon,31-08-26,77522,44,Hosny Mubarak,SOIL,13-08-26,A-1-B,17.60%,,Stockpile,V0-3,,,,,1,Sieve + Proctoer ,,APPROVED AS NOTED,DONE,3,LOGIC,2,,,
100,Mon,31-08-26,77523,44,Hosny Mubarak,PLATE LOAD,13-08-26,,,,Fill,V0-3,VILLA 12,,21.4,,1,,,APPROVED AS NOTED,DONE,3,HELIOPOLIS,2,,,
101,Mon,31-08-26,77524,44,Arabco,DPL,12-08-26,,,47.55,Fill,V0-3,VILLA 8,,LAYER-6,,5,,,APPROVED AS NOTED,DONE,7,HELIOPOLIS,3,,,
102,Mon,31-08-26,77525,44,Arabco,DPL,12-08-26,,,45.36,Fill,V0-3,VILLA 6,,LAYER-6,,3,,,APPROVED AS NOTED,DONE,5,HELIOPOLIS,3,,,
103,Mon,31-08-26,77526,44,Hosny Mubarak,DPL,12-08-26,,,47.55,Fill,V0-3,VILLA 10,,LAYER-5,,5,,,APPROVED AS NOTED,DONE,7,HELIOPOLIS,3,,,
104,Mon,31-08-26,77527,44,Arabco,DPL,12-08-26,,,45.36,Fill,V0-3,VILLA 7,,LAYER-6,,3,,,APPROVED AS NOTED,DONE,5,HELIOPOLIS,3,,,
105,Mon,31-08-26,77528,44,Hosny Mubarak,DPL,12-08-26,,,37.41,Fill,V0-3,VILLA 9,,LAYER-5,,4,,,APPROVED AS NOTED,DONE,6,HELIOPOLIS,3,,,
106,Mon,31-08-26,77529,44,Hosny Mubarak,DPL,12-08-26,,,39.43,Fill,V0-3,VILLA 12,,LAYER-5,,2,,,APPROVED AS NOTED,DONE,4,HELIOPOLIS,3,,,
107,Mon,31-08-26,77530,44,Hosny Mubarak,DPL,12-08-26,,,39.43,Fill,V0-3,VILLA 11,,LAYER-5,,2,,,APPROVED AS NOTED,DONE,4,HELIOPOLIS,3,,,
108,Mon,31-08-26,77531,44,Al Kifah,DPL,13-08-26,,,45.03,Fill,V0-3,VILLA 26,,LAYER-1,,3,,,APPROVED AS NOTED,DONE,5,HELIOPOLIS,2,,,
109,Mon,31-08-26,77532,44,Al Kifah,DPL,13-08-26,,,41.31,Fill,V0-3,VILLA 25,,LAYER-1,,3,,,APPROVED AS NOTED,DONE,5,HELIOPOLIS,2,,,
110,Mon,31-08-26,77533,44,Al Kifah,DPL,13-08-26,,,42.66,Fill,V0-3,VILLA 24,,LAYER-1,,3,,,APPROVED AS NOTED,DONE,5,HELIOPOLIS,2,,,
111,Mon,31-08-26,77665,44,Abnaa Hetler,PLATE LOAD,14-08-26,,,,Fill,V0-3,VILLA 1,,19.7,,1,,,APPROVED AS NOTED,DONE,3,GLOBAL LAB,17,,,
112,Mon,31-08-26,77666,44,Abnaa Hetler,PLATE LOAD,14-08-26,,,,Fill,V0-3,VILLA 2,,19.7,,1,,,APPROVED AS NOTED,DONE,3,GLOBAL LAB,17,,,
113,Mon,31-08-26,77667,44,Abnaa Hetler,DPL,13-08-26,,,52.06,Fill,V0-3,VILLA 2,,LAYER-3,,3,,,APPROVED AS NOTED,DONE,5,DR/ OMAR OSMAN,18,,,
114,Mon,31-08-26,77668,44,Abnaa Hetler,DPL,13-08-26,,,47.02,Fill,V0-3,VILLA 2,,LAYER-4,,4,,,APPROVED AS NOTED,DONE,6,DR/ OMAR OSMAN,18,,,
115,Mon,31-08-26,77669,44,Abnaa Hetler,DPL,14-08-26,,,41.23,Fill,V0-3,VILLA 2,,LAYER-5,,4,,,APPROVED AS NOTED,DONE,6,DR/ OMAR OSMAN,17,,,
116,Mon,31-08-26,77670,44,Abnaa Hetler,DPL,12-08-26,,,49.96,Fill,V0-3,VILLA 1,,LAYER-3,,4,,,APPROVED AS NOTED,DONE,6,DR/ OMAR OSMAN,19,,,
117,Mon,31-08-26,77671,44,Abnaa Hetler,DPL,13-08-26,,,40.06,Fill,V0-3,VILLA 1,,LAYER-4,,4,,,APPROVED AS NOTED,DONE,6,DR/ OMAR OSMAN,18,,,
118,Mon,31-08-26,77672,44,Abnaa Hetler,DPL,14-08-26,,,46.58,Fill,V0-3,VILLA 1,,LAYER-5,,4,,,APPROVED AS NOTED,DONE,6,DR/ OMAR OSMAN,17,,,
119,Mon,31-08-26,77673,44,Al Motamayez,DPL,13-08-26,,,35.99,Fill,V0-3,VILLA 3,,LAYER-3,,4,,,APPROVED AS NOTED,DONE,6,DR/ OMAR OSMAN,18,,,
120,Mon,31-08-26,77674,44,Al Motamayez,DPL,13-08-26,,,36.31,Fill,V0-3,VILLA 4,,LAYER-3,,4,,,APPROVED AS NOTED,DONE,6,DR/ OMAR OSMAN,18,,,
121,Mon,31-08-26,77675,44,Al Motamayez,DPL,13-08-26,,,35.99,Fill,V0-3,VILLA 5,,LAYER-3,,4,,,APPROVED AS NOTED,DONE,6,DR/ OMAR OSMAN,18,,,
122,Mon,31-08-26,77771,44,Arabco,DPL,13-08-26,,,48.63,Fill,V0-3,VILLA 6,,LAYER-7,,4,,,APPROVED AS NOTED,DONE,6,HELIOPOLIS,18,,,
123,Mon,31-08-26,77772,44,Arabco,DPL,13-08-26,,,38.79,Fill,V0-3,VILLA 7,,LAYER-7,,4,,,APPROVED AS NOTED,DONE,6,HELIOPOLIS,18,,,
124,Mon,31-08-26,77773,44,Arabco,DPL,13-08-26,,,38.79,Fill,V0-3,VILLA 8,,LAYER-7,,4,,,APPROVED AS NOTED,DONE,5,HELIOPOLIS,18,,,
125,Mon,31-08-26,77774,44,Al Qimam,DPL,13-08-26,,,45.56,Fill,V0-3,VILLA 14,,LAYER-1,,3,,,APPROVED AS NOTED,DONE,5,HELIOPOLIS,18,,,
126,Mon,31-08-26,77775,44,Al Qimam,DPL,13-08-26,,,34.88,Fill,V0-3,VILLA 15,,LAYER-1,,3,,,APPROVED AS NOTED,DONE,5,HELIOPOLIS,18,,,
127,Mon,31-08-26,77776,44,Al Qimam,DPL,13-08-26,,,39.33,Fill,V0-3,VILLA 16,,LAYER-1,,3,,,APPROVED AS NOTED,DONE,5,HELIOPOLIS,18,,,
128,Mon,31-08-26,77777,44,Al Qimam,DPL,13-08-26,,,37.98,Fill,V0-3,VILLA 17,,LAYER-1,,3,,,APPROVED AS NOTED,DONE,5,HELIOPOLIS,18,,,
129,Mon,31-08-26,77778,44,Al Qimam,DPL,13-08-26,,,41.63,Fill,V0-3,VILLA 18,,LAYER-1,,4,,,APPROVED AS NOTED,DONE,6,HELIOPOLIS,18,,,
130,Mon,31-08-26,77779,44,Hosny Mubarak,DPL,13-08-26,,,41.65,Fill,V0-3,VILLA 9,,LAYER-6,,3,,,APPROVED AS NOTED,DONE,5,HELIOPOLIS,18,,,
131,Mon,31-08-26,77780,44,Hosny Mubarak,DPL,13-08-26,,,41.63,Fill,V0-3,VILLA 10,,LAYER-6,,4,,,APPROVED AS NOTED,DONE,6,HELIOPOLIS,18,,,
132,Mon,31-08-26,77781,44,Hosny Mubarak,DPL,13-08-26,,,41.63,Fill,V0-3,VILLA 11,,LAYER-6,,4,,,APPROVED AS NOTED,DONE,6,HELIOPOLIS,18,,,
133,Mon,31-08-26,77782,44,Al Ehsan,SOIL,14-08-26,A-4,80.40%,,Bottom of excavation,V0-3,VILLA 40,,,,1,Sieve + Proctoer ,,APPROVED AS NOTED,DONE,2,LOGIC,17,,,
134,Mon,31-08-26,77783,44,Al Ehsan,SOIL,14-08-26,A-4,92.00%,,Bottom of excavation,V0-3,VILLA 39,,,,1,Sieve + Proctoer ,,APPROVED AS NOTED,DONE,2,LOGIC,17,,,
135,Mon,31-08-26,77784,44,Al Ehsan,SOIL,14-08-26,A-4,88.40%,,Bottom of excavation,V0-3,VILLA 38,,,,1,Sieve + Proctoer ,,APPROVED AS NOTED,DONE,2,LOGIC,17,,,
136,Mon,31-08-26,77785,44,Al Ehsan,SOIL,14-08-26,A-4,88.20%,,Bottom of excavation,V0-3,VILLA 37,,,,1,Sieve + Proctoer ,,APPROVED AS NOTED,DONE,2,LOGIC,17,,,
137,Mon,31-08-26,77786,44,Al Ehsan,SOIL,14-08-26,A-1-B,7.00%,,Stockpile,V0-3,,,,,1,Sieve + Proctoer ,,APPROVED AS NOTED,DONE,3,LOGIC,17,,,
138,Mon,31-08-26,77787,44,Rock,SOIL,14-08-26,A-4,87.80%,,Bottom of excavation,V0-3,VILLA 60,,,,1,Sieve + Proctoer ,,APPROVED AS NOTED,DONE,2,LOGIC,17,,,
139,Mon,31-08-26,77788,44,Rock,SOIL,14-08-26,A-4,86.40%,,Bottom of excavation,V0-3,VILLA 59,,,,1,Sieve + Proctoer ,,APPROVED AS NOTED,DONE,2,LOGIC,17,,,
140,Mon,31-08-26,77789,44,Rock,SOIL,14-08-26,A-4,92.60%,,Bottom of excavation,V0-3,VILLA 58,,,,1,Sieve + Proctoer ,,APPROVED AS NOTED,DONE,2,LOGIC,17,,,
141,Mon,31-08-26,77790,44,Rock,SOIL,14-08-26,A-4,81.80%,,Bottom of excavation,V0-3,VILLA 57,,,,1,Sieve + Proctoer ,,APPROVED AS NOTED,DONE,2,LOGIC,17,,,
142,Mon,31-08-26,77791,44,Al Kifah,SOIL,14-08-26,A-4,62.00%,,Bottom of excavation,V0-3,BH-1,,,,1,Sieve + Proctoer ,,APPROVED AS NOTED,DONE,2,LOGIC,17,,,
143,Tue,01-09-26,77848,44,Al Kifah,DPL,14-08-26,,,45.14,Fill,V0-3,VILLA 20,,LAYER-1,,3,,,APPROVED AS NOTED,DONE,5,HELIOPOLIS,18,,,
144,Tue,01-09-26,77849,44,Al Kifah,DPL,14-08-26,,,44.43,Fill,V0-3,VILLA 21,,LAYER-1,,3,,,APPROVED AS NOTED,DONE,5,HELIOPOLIS,18,,,
145,Tue,01-09-26,77850,44,Al Kifah,DPL,14-08-26,,,52.66,Fill,V0-3,VILLA 23,,LAYER-1,,3,,,APPROVED AS NOTED,DONE,5,HELIOPOLIS,18,,,
146,Tue,01-09-26,77851,44,Al Kifah,DPL,14-08-26,,,50.56,Fill,V0-3,VILLA 24,,LAYER-2,,4,,,APPROVED AS NOTED,DONE,6,HELIOPOLIS,18,,,
147,Tue,01-09-26,77852,44,Al Kifah,DPL,14-08-26,,,39.18,Fill,V0-3,VILLA 25,,LAYER-2,,3,,,APPROVED AS NOTED,DONE,5,HELIOPOLIS,18,,,
148,Tue,01-09-26,77853,44,Al Kifah,DPL,14-08-26,,,39.18,Fill,V0-3,VILLA 26,,LAYER-2,,3,,,APPROVED AS NOTED,DONE,5,HELIOPOLIS,18,,,
149,Tue,01-09-26,77854,44,Arabco,DPL,14-08-26,,,40.49,Fill,V0-3,VILLA 7,,LAYER-8,,3,,,APPROVED AS NOTED,DONE,5,HELIOPOLIS,18,,,
150,Tue,01-09-26,77855,44,Arabco,DPL,14-08-26,,,40.49,Fill,V0-3,VILLA 8,,LAYER-8,,3,,,APPROVED AS NOTED,DONE,5,HELIOPOLIS,18,,,
151,Tue,01-09-26,77856,44,Hosny Mubarak,DPL,14-08-26,,,40.87,Fill,V0-3,VILLA 9,,LAYER-7,,4,,,APPROVED AS NOTED,DONE,6,HELIOPOLIS,18,,,
152,Tue,01-09-26,77857,44,Hosny Mubarak,DPL,14-08-26,,,42.64,Fill,V0-3,VILLA 10,,LAYER-7,,3,,,APPROVED AS NOTED,DONE,5,HELIOPOLIS,18,,,
153,Tue,01-09-26,77858,44,Hosny Mubarak,DPL,14-08-26,,,42.64,Fill,V0-3,VILLA 11,,LAYER-7,,3,,,APPROVED AS NOTED,DONE,5,HELIOPOLIS,18,,,
154,Tue,01-09-26,77859,44,Hosny Mubarak,DPL,14-08-26,,,39.98,Fill,V0-3,VILLA 12,,LAYER-6,,6,,,APPROVED AS NOTED,DONE,8,HELIOPOLIS,18,,,
155,Tue,01-09-26,77860,44,Hosny Mubarak,DPL,14-08-26,,,36.4,Fill,V0-3,VILLA 13,,LAYER-6,,2,,,APPROVED AS NOTED,DONE,4,HELIOPOLIS,18,,,
156,Tue,01-09-26,77861,44,HIgh Dam,SOIL,15-08-26,A-6,71.80%,,Bottom of excavation,V0-3,VILLA 62,,,,1,Sieve analysis,,APPROVED AS NOTED,DONE,3,CEL,17,,,
157,Tue,01-09-26,77862,44,HIgh Dam,SOIL,15-08-26,A-6,65.40%,,Bottom of excavation,V0-3,VILLA 63,,,,1,Sieve analysis,,APPROVED AS NOTED,DONE,3,CEL,17,,,
158,Tue,01-09-26,77863,44,HIgh Dam,SOIL,15-08-26,A-6,92.00%,,Bottom of excavation,V0-3,VILLA 64,,,,1,Sieve analysis,,APPROVED AS NOTED,DONE,3,CEL,17,,,
159,Tue,01-09-26,77864,44,Al Motamayez,DPL,15-08-26,,,44.57,Fill,V0-3,VILLA 5,,LAYER-4,,3,,,APPROVED AS NOTED,DONE,5,DR/ OMAR OSMAN,17,,,
160,Tue,01-09-26,77865,44,Al Motamayez,DPL,15-08-26,,,40.85,Fill,V0-3,VILLA 4,,LAYER-4,,3,,,APPROVED AS NOTED,DONE,5,DR/ OMAR OSMAN,17,,,
161,Mon,31-08-26,77866,44,Abnaa Hetler,DPL,15-08-26,,,43.96,Fill,V0-3,VILLA 2,,LAYER-6,,3,,,APPROVED AS NOTED,DONE,5,DR/ OMAR OSMAN,16,,,
162,Mon,31-08-26,77867,44,Abnaa Hetler,DPL,15-08-26,,,44.49,Fill,V0-3,VILLA 2,,LAYER-7,,4,,,APPROVED AS NOTED,DONE,6,DR/ OMAR OSMAN,16,,,
163,Mon,31-08-26,77868,44,Abnaa Hetler,DPL,15-08-26,,,50.41,Fill,V0-3,VILLA 1,,LAYER-7,,5,,,APPROVED AS NOTED,DONE,7,DR/ OMAR OSMAN,16,,,
164,Mon,31-08-26,77869,44,Abnaa Hetler,DPL,15-08-26,,,44.57,Fill,V0-3,VILLA 1,,LAYER-6,,3,,,APPROVED AS NOTED,DONE,5,DR/ OMAR OSMAN,16,,,
165,Tue,01-09-26,77870,44,Al Kifah,DPL,14-08-26,,,46.42,Fill,V0-3,VILLA 22,,LAYER-1,,3,,,APPROVED AS NOTED,DONE,5,HELIOPOLIS,18,,,
166,Tue,01-09-26,77871,44,Al Kifah,PLATE LOAD,15-08-26,,,,Fill,V0-3,BH-1,,20.1,,1,,,APPROVED AS NOTED,DONE,3,HELIOPOLIS,17,,,
167,Mon,31-08-26,77872,44,Al Ehsan,SOIL,15-08-26,A-4,43.80%,,Bottom of excavation,V0-3,VILLA 44,,,,1,Sieve analysis,,APPROVED AS NOTED,DONE,2,LOGIC,16,,,
168,Mon,31-08-26,77873,44,Al Ehsan,SOIL,15-08-26,A-4,49.80%,,Bottom of excavation,V0-3,VILLA 43,,,,1,Sieve analysis,,APPROVED AS NOTED,DONE,2,LOGIC,16,,,
169,Mon,31-08-26,77874,44,Al Ehsan,SOIL,15-08-26,A-4,45.20%,,Bottom of excavation,V0-3,VILLA 42,,,,1,Sieve analysis,,APPROVED AS NOTED,DONE,2,LOGIC,16,,,
170,Mon,31-08-26,77875,44,Al Ehsan,SOIL,15-08-26,A-4,48.60%,,Bottom of excavation,V0-3,VILLA 41,,,,1,Sieve analysis,,APPROVED AS NOTED,DONE,2,LOGIC,16,,,
171,Tue,01-09-26,77876,44,Rock,SOIL,15-08-26,A-1-B,16.40%,,Stockpile,V0-3,,,,,1,Sieve + Proctoer ,,APPROVED AS NOTED,DONE,3,LOGIC,17,,,
172,Tue,01-09-26,77877,44,Al Qimam,SOIL,15-08-26,A-1-B,24.80%,,Bottom of excavation,V0-3,BH-2,,,,1,Sieve + Proctoer ,,APPROVED AS NOTED,DONE,3,LOGIC,17,,,
173,Tue,01-09-26,78015,44,Al Qimam,DPL,15-08-26,,,37.19,Fill,V0-3,VILLA 14,,LAYER-2,,5,,,APPROVED AS NOTED,DONE,7,HELIOPOLIS,17,,,
174,Tue,01-09-26,78016,44,Al Qimam,DPL,15-08-26,,,41.4,Fill,V0-3,VILLA 15,,LAYER-2,,4,,,APPROVED AS NOTED,DONE,6,HELIOPOLIS,17,,,
175,Tue,01-09-26,78017,44,Al Qimam,DPL,15-08-26,,,40.71,Fill,V0-3,VILLA 16,,LAYER-2,,3,,,APPROVED AS NOTED,DONE,5,HELIOPOLIS,17,,,
176,Tue,01-09-26,78018,44,Al Qimam,DPL,15-08-26,,,38.66,Fill,V0-3,VILLA 17,,LAYER-2,,3,,,APPROVED AS NOTED,DONE,5,HELIOPOLIS,17,,,
177,Tue,01-09-26,78019,44,Al Qimam,DPL,15-08-26,,,44.2,Fill,V0-3,VILLA 19,,LAYER-1,,3,,,APPROVED AS NOTED,DONE,5,HELIOPOLIS,17,,,
178,Tue,01-09-26,78020,44,Arabco,DPL,15-08-26,,,51.32,Fill,V0-3,VILLA 6,,LAYER-8,,3,,,APPROVED AS NOTED,DONE,5,HELIOPOLIS,17,,,
179,Tue,01-09-26,78021,44,Arabco,DPL,15-08-26,,,32.52,Fill,V0-3,VILLA 7,,LAYER-9,,4,,,APPROVED AS NOTED,DONE,6,HELIOPOLIS,17,,,
180,Tue,01-09-26,78022,44,Arabco,DPL,15-08-26,,,32.52,Fill,V0-3,VILLA 8,,LAYER-9,,4,,,APPROVED AS NOTED,DONE,6,HELIOPOLIS,17,,,
181,Tue,01-09-26,78023,44,Hosny Mubarak,DPL,15-08-26,,,44.9,Fill,V0-3,VILLA 13,,LAYER-7,,4,,,APPROVED AS NOTED,DONE,6,HELIOPOLIS,17,,,
182,Tue,01-09-26,78024,44,Al Kifah,DPL,16-08-26,,,47.74,Fill,V0-3,VILLA 23,,LAYER-2,,3,,,APPROVED AS NOTED,DONE,5,HELIOPOLIS,16,,,
183,Tue,01-09-26,78025,44,Al Kifah,DPL,16-08-26,,,50.1,Fill,V0-3,VILLA 24,,LAYER-3,,2,,,APPROVED AS NOTED,DONE,4,HELIOPOLIS,16,,,
184,Tue,01-09-26,78026,44,Al Kifah,DPL,16-08-26,,,44.92,Fill,V0-3,VILLA 25,,LAYER-3,,3,,,APPROVED AS NOTED,DONE,5,HELIOPOLIS,16,,,
185,Tue,01-09-26,78027,44,Al Kifah,DPL,16-08-26,,,45.28,Fill,V0-3,VILLA 26,,LAYER-3,,3,,,APPROVED AS NOTED,DONE,5,HELIOPOLIS,16,,,
186,Tue,01-09-26,78028,44,Arabco,DPL,16-08-26,,,42.01,Fill,V0-3,VILLA 6,,LAYER-9,,3,,,APPROVED AS NOTED,DONE,5,HELIOPOLIS,16,,,
187,Tue,01-09-26,78029,44,Al Kifah,SOIL,16-08-26,A-1-B,18.00%,,Stockpile,V0-3,,,,,1,Sieve + Proctoer ,,APPROVED AS NOTED,DONE,3,LOGIC,16,,,
188,Tue,01-09-26,78030,44,Al Kifah,SOIL,16-08-26,A-1-B,20.60%,,Stockpile,V0-3,,,,,1,Sieve + Proctoer ,,APPROVED AS NOTED,DONE,3,LOGIC,16,,,
189,Tue,01-09-26,78031,44,Al Wadi Stone,SOIL,16-08-26,A-4,91.60%,,Bottom of excavation,V0-3,VILLA 45,,,,1,Sieve analysis,,APPROVED AS NOTED,DONE,2,LOGIC,16,,,
190,Tue,01-09-26,78032,44,Al Wadi Stone,SOIL,16-08-26,A-4,92.00%,,Bottom of excavation,V0-3,VILLA 46,,,,1,Sieve analysis,,APPROVED AS NOTED,DONE,2,LOGIC,16,,,
191,Tue,01-09-26,78033,44,Al Wadi Stone,SOIL,16-08-26,A-4,57.40%,,Bottom of excavation,V0-3,VILLA 47,,,,1,Sieve analysis,,APPROVED AS NOTED,DONE,2,LOGIC,16,,,
192,Tue,01-09-26,78034,44,Al Wadi Stone,SOIL,16-08-26,A-4,84.80%,,Bottom of excavation,V0-3,VILLA 48,,,,1,Sieve analysis,,APPROVED AS NOTED,DONE,2,LOGIC,16,,,
193,Tue,01-09-26,78035,44,Al Wadi Stone,SOIL,16-08-26,A-4,96.00%,,Bottom of excavation,V0-3,VILLA 49,,,,1,Sieve analysis,,APPROVED AS NOTED,DONE,2,LOGIC,16,,,
194,Tue,01-09-26,78036,44,Al Wadi Stone,SOIL,16-08-26,A-4,95.20%,,Bottom of excavation,V0-3,VILLA 50,,,,1,Sieve analysis,,APPROVED AS NOTED,DONE,2,LOGIC,16,,,
195,Tue,01-09-26,78037,44,Al Wadi Stone,SOIL,16-08-26,A-4,87.60%,,Bottom of excavation,V0-3,VILLA 51,,,,1,Sieve analysis,,APPROVED AS NOTED,DONE,2,LOGIC,16,,,
196,Tue,01-09-26,78038,44,Arabco,PLATE LOAD,16-08-26,,,,Fill,V0-3,VILLA 6,,22.45,,1,,,APPROVED AS NOTED,DONE,3,GLOBAL LAB,16,,,
197,Tue,01-09-26,78039,44,Arabco,PLATE LOAD,16-08-26,,,,Fill,V0-3,VILLA 7,,22.45,,1,,,APPROVED AS NOTED,DONE,3,HELIOPOLIS,16,,,
198,Tue,01-09-26,78040,44,Arabco,PLATE LOAD,16-08-26,,,,Fill,V0-3,VILLA 8,,22.45,,1,,,APPROVED AS NOTED,DONE,3,HELIOPOLIS,16,,,
199,Tue,01-09-26,78041,44,Al Motamayez,DPL,16-08-26,,,38.51,Fill,V0-3,VILLA 5,,LAYER-5,,3,,,APPROVED AS NOTED,DONE,5,DR/ OMAR OSMAN,16,,,
200,Tue,01-09-26,78042,44,Al Motamayez,DPL,16-08-26,,,38.11,Fill,V0-3,VILLA 4,,LAYER-5,,3,,,APPROVED AS NOTED,DONE,5,DR/ OMAR OSMAN,16,,,
201,Tue,01-09-26,78043,44,Al Motamayez,DPL,16-08-26,,,45.12,Fill,V0-3,VILLA 3,,LAYER-4,,3,,,APPROVED AS NOTED,DONE,5,DR/ OMAR OSMAN,16,,,
202,Mon,31-08-26,78044,44,Abnaa Hetler,DPL,16-08-26,,,39.48,Fill,V0-3,VILLA 2,,LAYER-9,,3,,,APPROVED AS NOTED,DONE,5,DR/ OMAR OSMAN,15,,,
203,Mon,31-08-26,78045,44,Abnaa Hetler,DPL,16-08-26,,,44.36,Fill,V0-3,VILLA 2,,LAYER-8,,4,,,APPROVED AS NOTED,DONE,6,DR/ OMAR OSMAN,15,,,
204,Mon,31-08-26,78046,44,Abnaa Hetler,DPL,16-08-26,,,42.92,Fill,V0-3,VILLA 1,,LAYER-9,,3,,,APPROVED AS NOTED,DONE,5,DR/ OMAR OSMAN,15,,,
205,Mon,31-08-26,78047,44,Abnaa Hetler,DPL,16-08-26,,,43.27,Fill,V0-3,VILLA 1,,LAYER-8,,4,,,APPROVED AS NOTED,DONE,6,DR/ OMAR OSMAN,15,,,
206,Mon,31-08-26,78048,44,Abnaa Hetler,SOIL,16-08-26,A-1-B,11.80%,,Stockpile,V0-3,,,,,1,Sieve + Proctoer ,,APPROVED AS NOTED,DONE,4,CEL,15,,,
207,Mon,31-08-26,78049,44,Abnaa Hetler,SOIL,16-08-26,A-1-B,15.80%,,Stockpile,V0-3,,,,,1,Sieve + Proctoer ,,APPROVED AS NOTED,DONE,4,CEL,15,,,
208,Tue,01-09-26,78050,44,HIgh Dam,SOIL,16-08-26,A-2-4,29.00%,,Stockpile,V0-3,,,,,1,Sieve + Proctoer ,,APPROVED AS NOTED,DONE,4,CEL,16,,,
209,Mon,31-08-26,78051,44,Al Ehsan,SOIL,17-08-26,A-1-B,8.40%,,Stockpile,V0-3,,,,,1,Sieve + Proctoer ,,APPROVED AS NOTED,DONE,3,LOGIC,14,,,
210,Tue,01-09-26,78052,44,Al Qimam,SOIL,17-08-26,A-1-B,4.00%,,Stockpile,V0-3,,,,,1,Sieve + Proctoer ,,APPROVED AS NOTED,DONE,3,LOGIC,15,,,
211,Tue,01-09-26,78053,44,Al Wadi Stone,SOIL,17-08-26,A-2-4,29.40%,,Stockpile,V0-3,,,,,1,Sieve + Proctoer ,,APPROVED AS NOTED,DONE,3,LOGIC,15,,,
212,Tue,01-09-26,78054,44,Hosny Mubarak,SOIL,17-08-26,A-1-B,15.20%,,Stockpile,V0-3,,,,,1,Sieve + Proctoer ,,APPROVED AS NOTED,DONE,3,LOGIC,15,,,
213,Tue,01-09-26,78055,44,Hosny Mubarak,SOIL,17-08-26,A-1-B,22.40%,,Stockpile,V0-3,,,,,1,Sieve + Proctoer ,,APPROVED AS NOTED,DONE,3,LOGIC,15,,,
214,Mon,31-08-26,78056,44,Abnaa Oraby,SOIL,17-08-26,A-1-B,7.00%,,Stockpile,V0-3,,,,,1,Sieve + Proctoer ,,APPROVED AS NOTED,DONE,3,LOGIC,14,,,
215,Mon,31-08-26,78057,44,Abnaa Oraby,SOIL,17-08-26,A-1-B,75.00%,,Bottom of excavation,V0-3,VILLA 52,,,,1,Sieve + Proctoer ,,APPROVED AS NOTED,DONE,2,LOGIC,14,,,
216,Mon,31-08-26,78058,44,Abnaa Oraby,SOIL,17-08-26,A-4,83.00%,,Bottom of excavation,V0-3,VILLA 53,,,,1,Sieve + Proctoer ,,APPROVED AS NOTED,DONE,2,LOGIC,14,,,
217,Mon,31-08-26,78059,44,Abnaa Oraby,SOIL,17-08-26,A-4,67.40%,,Bottom of excavation,V0-3,VILLA 54,,,,1,Sieve + Proctoer ,,APPROVED AS NOTED,DONE,2,LOGIC,14,,,
218,Mon,31-08-26,78060,44,Abnaa Oraby,SOIL,17-08-26,A-4,82.00%,,Bottom of excavation,V0-3,VILLA 55,,,,1,Sieve + Proctoer ,,APPROVED AS NOTED,DONE,2,LOGIC,14,,,
219,Mon,31-08-26,78061,44,Abnaa Oraby,SOIL,17-08-26,A-4,82.60%,,Bottom of excavation,V0-3,VILLA 56,,,,1,Sieve + Proctoer ,,APPROVED AS NOTED,DONE,2,LOGIC,14,,,
220,Tue,01-09-26,78062,44,Rock,SOIL,17-08-26,A-4,8560.00%,,Bottom of excavation,V0-3,BH-8,,,,,Sieve + Proctoer ,,APPROVED AS NOTED,DONE,2,LOGIC,15,,,
221,Tue,01-09-26,78063,44,Arabco 2,SOIL,17-08-26,A-4,82.00%,,Bottom of excavation,V0-3,VILLA 34,,,,1,Sieve + Proctoer ,,APPROVED AS NOTED,DONE,2,LOGIC,15,,,
222,Tue,01-09-26,78064,44,Al Qimam,PLATE LOAD,17-08-26,,,,Fill,V0-3,BH-2,,20.7,,1,,,APPROVED AS NOTED,DONE,3,HELIOPOLIS,15,,,
223,Mon,31-08-26,78065,44,Abnaa Hetler,SOIL,17-08-26,A-6,88.60%,,Bottom of excavation,V0-3,BH-11A,,,,1,Sieve + Proctoer ,,APPROVED AS NOTED,DONE,3,CEL,14,,,
224,Mon,31-08-26,78066,44,Abnaa Hetler,SOIL,17-08-26,A-6,89.20%,,Bottom of excavation,V0-3,BH-11B,,,,1,Sieve + Proctoer ,,APPROVED AS NOTED,DONE,3,CEL,14,,,
225,Tue,01-09-26,78067,44,Arabco,DPL,17-08-26,,,41.98,Fill,V0-3,VILLA 7,,LAYER-10,,3,,,APPROVED AS NOTED,DONE,5,HELIOPOLIS,15,,,
226,Tue,01-09-26,78068,44,Arabco,DPL,17-08-26,,,41.8,Fill,V0-3,VILLA 6,,LAYER-10,,3,,,APPROVED AS NOTED,DONE,5,HELIOPOLIS,15,,,
227,Tue,01-09-26,78069,44,Arabco,DPL,17-08-26,,,50.71,Fill,V0-3,VILLA 8,,LAYER-10,,3,,,APPROVED AS NOTED,DONE,5,HELIOPOLIS,15,,,
228,Tue,01-09-26,78070,44,Hosny Mubarak,DPL,16-08-26,,,48.44,Fill,V0-3,VILLA 9,,LAYER-8,,3,,,APPROVED AS NOTED,DONE,5,HELIOPOLIS,16,,,
229,Tue,01-09-26,78071,44,Hosny Mubarak,DPL,17-08-26,,,50.2,Fill,V0-3,VILLA 11,,LAYER-8,,3,,,APPROVED AS NOTED,DONE,5,HELIOPOLIS,15,,,
230,Tue,01-09-26,78072,44,Hosny Mubarak,DPL,17-08-26,,,41.36,Fill,V0-3,VILLA 10,,LAYER-8,,4,,,APPROVED AS NOTED,DONE,6,HELIOPOLIS,15,,,
231,Tue,01-09-26,78073,44,Al Kifah,DPL,17-08-26,,,48.78,Fill,V0-3,BH-1,,LAYER-1,,5,,,APPROVED AS NOTED,DONE,7,HELIOPOLIS,15,,,
232,Tue,01-09-26,78074,44,Al Kifah,DPL,17-08-26,,,48.89,Fill,V0-3,VILLA 22,,LAYER-2,,2,,,APPROVED AS NOTED,DONE,4,HELIOPOLIS,15,,,
233,Tue,01-09-26,78075,44,Hosny Mubarak,DPL,17-08-26,,,40.1,Fill,V0-3,VILLA 12,,LAYER-7,,5,,,APPROVED AS NOTED,DONE,7,HELIOPOLIS,15,,,
234,Tue,01-09-26,78076,44,Al Kifah,DPL,17-08-26,,,48.89,Fill,V0-3,VILLA 21,,LAYER-2,,2,,,APPROVED AS NOTED,DONE,4,HELIOPOLIS,15,,,
235,Tue,01-09-26,78077,44,Al Kifah,DPL,17-08-26,,,50.43,Fill,V0-3,VILLA 20,,LAYER-2,,3,,,APPROVED AS NOTED,DONE,5,HELIOPOLIS,15,,,
236,Mon,31-08-26,78078,44,Abnaa Oraby,SOIL,18-08-26,A-4,82.00%,,Bottom of excavation,V0-3,BH-9',,,,1,Sieve analysis,,APPROVED AS NOTED,DONE,2,LOGIC,13,,,
237,Tue,01-09-26,78079,44,Arabco,SOIL,18-08-26,A-4,47.40%,,Bottom of excavation,V0-3,BH-6,,,,1,Sieve analysis,,APPROVED AS NOTED,DONE,2,LOGIC,14,,,
238,Tue,01-09-26,78080,44,Ghali Aziz,SOIL,18-08-26,A-4,85.00%,,Bottom of excavation,V0-3,VILLA 28,,,,1,Sieve analysis,,APPROVED AS NOTED,DONE,2,LOGIC,14,,,
239,Tue,01-09-26,78081,44,Al Wadi Stone,SOIL,18-08-26,A-4,81.00%,,Bottom of excavation,V0-3,BH-9,,,,1,Sieve analysis,,APPROVED AS NOTED,DONE,2,LOGIC,14,,,
240,Tue,01-09-26,78082,44,Hosny Mubarak,SOIL,18-08-26,A-4,39.00%,,Bottom of excavation,V0-3,BH-4,,,,1,Sieve analysis,,APPROVED AS NOTED,DONE,2,LOGIC,14,,,
241,Mon,31-08-26,78083,44,Al Ehsan,SOIL,18-08-26,A-4,76.00%,,Bottom of excavation,V0-3,RD-10,,,,1,Sieve analysis,,APPROVED AS NOTED,DONE,2,LOGIC,13,,,
242,Mon,31-08-26,78084,44,Al Ehsan,SOIL,18-08-26,A-4,49.20%,,Bottom of excavation,V0-3,BH-10,,,,1,Sieve analysis,,APPROVED AS NOTED,DONE,2,LOGIC,13,,,
243,Tue,01-09-26,78085,44,Arabco,PLATE LOAD,18-08-26,,,,Fill,V0-3,BH-6,,19.2,,1,,,APPROVED AS NOTED,DONE,3,GLOBAL LAB,14,,,
244,Tue,01-09-26,78086,44,Al Motamayez,DPL,18-08-26,,,66.1,Fill,V0-3,BH-7,,LAYER-1,,4,,,APPROVED AS NOTED,DONE,6,DR/ OMAR OSMAN,14,,,
245,Tue,01-09-26,78087,44,Al Motamayez,DPL,18-08-26,,,45.4,Fill,V0-3,VILLA 3,,LAYER-5,,3,,,APPROVED AS NOTED,DONE,5,DR/ OMAR OSMAN,14,,,
246,Tue,01-09-26,78088,44,Al Motamayez,PLATE LOAD,18-08-26,,,,Fill,V0-3,VILLA 4,,20,,1,,1200,APPROVED AS NOTED,DONE,3,GLOBAL LAB,14,,,
247,Tue,01-09-26,78089,44,Al Motamayez,PLATE LOAD,18-08-26,,,,Fill,V0-3,VILLA 5,,20,,1,,1200,APPROVED AS NOTED,DONE,3,GLOBAL LAB,14,,,
248,Tue,01-09-26,78090,44,Al Motamayez,PLATE LOAD,18-08-26,,,,Fill,V0-3,BH-7,,19,,1,,1000,APPROVED AS NOTED,DONE,3,GLOBAL LAB,14,,,
249,Mon,31-08-26,78091,44,Abnaa Hetler,PLATE LOAD,18-08-26,,,,Fill,V0-3,BH-11B,,17.15,,2,,6273,APPROVED AS NOTED,DONE,5,HELIOPOLIS,13,,,
250,Mon,31-08-26,78092,44,Abnaa Hetler,PLATE LOAD,18-08-26,,,,Fill,V0-3,BH-11A,,17.15,,2,,6273,APPROVED AS NOTED,DONE,5,GLOBAL LAB,13,,,
251,Tue,01-09-26,78093,44,Rock,PLATE LOAD,18-08-26,,,,NATURAL GROUND,V0-3,BH-8,,18.4,,3,,7383,APPROVED AS NOTED,DONE,7,HELIOPOLIS,14,,,
252,Tue,01-09-26,78094,44,Ghali Aziz,SOIL,18-08-26,,,,Bottom of excavation,V0-3,VILLA 27,,,,1,,,APPROVED AS NOTED,DONE,2,LOGIC,14,,,
253,Tue,01-09-26,78095,44,Arabco 2,PLATE LOAD,19-08-26,,,,Bottom of excavation,V3,BH-5,,19.1,,1,,2300,APPROVED AS NOTED,DONE,3,HELIOPOLIS,13,,,
254,Mon,31-08-26,78096,44,Al Ehsan,PLATE LOAD,19-08-26,,,,Natural Ground,V0-3,BH-10,,19.15,,1,,3000,APPROVED AS NOTED,DONE,3,HELIOPOLIS,12,,,
255,Tue,01-09-26,78097,44,Hosny Mubarak,SOIL,19-08-26,,,,Bottom of excavation,V0-3,BH-4,,19.6,,1,,3800,APPROVED AS NOTED,DONE,5,GLOBAL LAB,13,,,
256,Tue,01-09-26,78098,44,Arabco 2,SOIL,19-08-26,A-4,61.00%,,Bottom of excavation,V3,BH-5,,,,1,Sieve analysis,,APPROVED AS NOTED,DONE,2,LOGIC,13,,,
257,Tue,01-09-26,78099,44,Arabco 2,SOIL,19-08-26,A-4,41.80%,,Bottom of excavation,V3,VILLA 33,,,,1,Sieve analysis,,APPROVED AS NOTED,DONE,2,LOGIC,13,,,
258,Tue,01-09-26,78100,44,Al Farook,SOIL,19-08-26,A-6,81.60%,,Bottom of excavation,V3,VILLA 71,,,,1,Sieve analysis,,APPROVED AS NOTED,DONE,3,CEL,13,,,
259,Tue,01-09-26,78101,44,HIgh Dam,SOIL,19-08-26,A-6,80.40%,,Bottom of excavation,V3,BH-12,,,,1,Sieve analysis,,APPROVED AS NOTED,,3,CEL,13,,,
260,Tue,01-09-26,78102,44,HIgh Dam,SOIL,19-08-26,A-6,81.00%,,Bottom of excavation,V3,BH-12,,,,1,Sieve analysis,,APPROVED AS NOTED,,3,CEL,13,,,
261,Mon,31-08-26,78103,44,Abnaa Hetler,SOIL,19-08-26,A-1-B,14.00%,,Stockpile,V3,,,,,1,Sieve + Proctoer ,,APPROVED AS NOTED,DONE,4,CEL,12,,,
262,Mon,31-08-26,78104,44,Abnaa Hetler,SOIL,19-08-26,A-1-B,17.60%,,Stockpile,V3,,,,,1,Sieve + Proctoer ,,APPROVED AS NOTED,DONE,4,CEL,12,,,
263,Tue,01-09-26,78105,44,Al Motamayez,SOIL,19-08-26,A-1-B,17.20%,,Stockpile,V0-3,,,,,1,Sieve + Proctoer ,,APPROVED AS NOTED,DONE,4,CEL,13,,,
264,Tue,01-09-26,78106,44,Al Motamayez,PLATE LOAD,19-08-26,,,,Fill,V0-3,VILLA 3,,20,,1,,1200,APPROVED AS NOTED,DONE,3,HELIOPOLIS,13,,,
265,Mon,31-08-26,78107,44,Al Ehsan,DPL,19-08-26,,,7831,Fill,V0-3,VILLA 43,,LAYER-1,,3,,,APPROVED AS NOTED,DONE,5,HELIOPOLIS,12,,,
266,Mon,31-08-26,78108,44,Al Ehsan,DPL,19-08-26,,,80.5,Fill,V0-3,VILLA 44,,LAYER-1,,3,,,APPROVED AS NOTED,DONE,5,HELIOPOLIS,12,,,
267,Mon,31-08-26,78109,44,Al Ehsan,DPL,19-08-26,,,62.32,Fill,V0-3,VILLA 42,,LAYER-1,,5,,,APPROVED AS NOTED,DONE,7,HELIOPOLIS,12,,,
268,Mon,31-08-26,78110,44,Al Ehsan,DPL,19-08-26,,,63.54,Fill,V0-3,VILLA 41,,LAYER-1,,5,,,APPROVED AS NOTED,DONE,7,HELIOPOLIS,12,,,
269,Mon,31-08-26,78111,44,Al Ehsan,DPL,19-08-26,,,66.86,Fill,V0-3,VILLA 40,,LAYER-1,,5,,,APPROVED AS NOTED,DONE,7,HELIOPOLIS,12,,,
270,Tue,01-09-26,78112,44,Al Kifah,DPL,19-08-26,,,38.05,Fill,V3,VILLA 26,,LAYER-4,,5,,,APPROVED AS NOTED,DONE,7,HELIOPOLIS,13,,,
271,Tue,01-09-26,78113,44,Al Kifah,DPL,19-08-26,,,38.05,Fill,V3,VILLA 25,,LAYER-4,,5,,,APPROVED AS NOTED,,7,HELIOPOLIS,13,,,
272,Tue,01-09-26,78114,44,Al Kifah,DPL,19-08-26,,,38.05,Fill,V3,VILLA 24,,LAYER-4,,5,,,APPROVED AS NOTED,,7,HELIOPOLIS,13,,,
273,Tue,01-09-26,78115,44,Hosny Mubarak,DPL,19-08-26,,,47.59,Fill,V0-3,VILLA 12,,LAYER-8,,3,,,APPROVED AS NOTED,DONE,5,HELIOPOLIS,13,,,
274,Tue,01-09-26,78116,44,Al Kifah,DPL,19-08-26,,,38.03,Fill,V3,VILLA 23,,LAYER-3,,5,,,APPROVED AS NOTED,,7,HELIOPOLIS,13,,,
275,Tue,01-09-26,78117,44,Al Qimam,DPL,19-08-26,,,40.2,Fill,V3,VILLA 19,,LAYER-2,,5,,,APPROVED AS NOTED,DONE,7,HELIOPOLIS,13,,,
276,Tue,01-09-26,78118,44,Al Qimam,DPL,19-08-26,,,47.6,Fill,V3,VILLA  18,,LAYER-2,,3,,,APPROVED AS NOTED,DONE,5,HELIOPOLIS,13,,,
277,Tue,01-09-26,78119,44,Al Qimam,DPL,19-08-26,,,43.5,Fill,V3,BH-2,,LAYER-1,,6,,,APPROVED AS NOTED,DONE,8,HELIOPOLIS,13,,,
278,Tue,01-09-26,78120,44,Al Qimam,DPL,19-08-26,,,41.8,Fill,V3,VILLA 16,,LAYER-3,,3,,,APPROVED AS NOTED,DONE,5,HELIOPOLIS,13,,,
279,Tue,01-09-26,78121,44,Al Qimam,DPL,19-08-26,,,41.78,Fill,V3,VILLA 15,,LAYER-3,,3,,,APPROVED AS NOTED,DONE,5,HELIOPOLIS,13,,,
280,Tue,01-09-26,78122,44,Al Qimam,DPL,19-08-26,,,41.78,Fill,V3,VILLA 14,,LAYER-3,,3,,,APPROVED AS NOTED,DONE,5,HELIOPOLIS,13,,,
281,Tue,01-09-26,78123,44,Hosny Mubarak,DPL,19-08-26,,,47.2,Fill,V0-3,VILLA 13,,LAYER-8,,3,,,APPROVED AS NOTED,DONE,5,HELIOPOLIS,13,,,
282,Tue,01-09-26,78124,44,Hosny Mubarak,DPL,19-08-26,,,40.52,Fill,V0-3,VILLA 11,,LAYER-9,,3,,,APPROVED AS NOTED,DONE,5,HELIOPOLIS,13,,,
283,Tue,01-09-26,78125,44,Hosny Mubarak,DPL,19-08-26,,,46.14,Fill,V0-3,VILLA 9,,LAYER-9,,2,,,APPROVED AS NOTED,DONE,4,HELIOPOLIS,13,,,
284,Tue,01-09-26,78126,44,Arabco,DPL,19-08-26,,,52.8,Fill,V0-3,VILLA 8,,LAYER-11,,3,,,APPROVED AS NOTED,,5,HELIOPOLIS,13,,,
285,Tue,01-09-26,78127,44,Arabco,DPL,19-08-26,,,52.8,Fill,V0-3,VILLA 7,,LAYER-11,,3,,,APPROVED AS NOTED,,5,HELIOPOLIS,13,,,
286,Tue,01-09-26,78128,44,Arabco,DPL,19-08-26,,,52.8,Fill,V0-3,VILLA 6,,LAYER-11,,3,,,APPROVED AS NOTED,,5,HELIOPOLIS,13,,,
287,Mon,31-08-26,78129,44,Abnaa Hetler,DPL,19-08-26,,,41.12,Fill,V3,BH-11-2,,LAYER-1,,13,,,APPROVED AS NOTED,DONE,15,DR/ OMAR OSMAN,12,,,
288,Mon,31-08-26,78130,44,Abnaa Hetler,DPL,19-08-26,,,43.56,Fill,V3, BH-11,,LAYER-1,,13,,,APPROVED AS NOTED,DONE,15,DR/ OMAR OSMAN,12,,,
289,Tue,01-09-26,78131,44,Al Motamayez,DPL,19-08-26,,,39.25,Fill,V0-3,VILLA 5,,LAYER-6,,3,,,APPROVED AS NOTED,DONE,5,DR/ OMAR OSMAN,13,,,
290,Tue,01-09-26,78132,44,Al Kifah,DPL,19-08-26,,,46.22,Fill,V3,VILLA 22,,LAYER-3,,2,,,APPROVED AS NOTED,,4,HELIOPOLIS,13,,,
291,Tue,01-09-26,78133,44,Al Kifah,DPL,19-08-26,,,46.22,Fill,V3,VILLA 21,,LAYER-3,,2,,,APPROVED AS NOTED,,4,HELIOPOLIS,13,,,
292,Tue,01-09-26,78134,44,Al Kifah,DPL,19-08-26,,,44.5,Fill,V3,VILLA 20,,LAYER-3,,3,,,APPROVED AS NOTED,DONE,5,HELIOPOLIS,13,,,
293,Mon,31-08-26,78135,44,Al Ehsan,DPL,19-08-26,,,62.5,Fill,V0-3,VILLA 38,,LAYER-1,,2,,,APPROVED AS NOTED,DONE,4,HELIOPOLIS,12,,,
294,Mon,31-08-26,78136,44,Al Ehsan,DPL,19-08-26,,,62.5,Fill,V0-3,VILLA 37,,LAYER-1,,2,,,APPROVED AS NOTED,,4,HELIOPOLIS,12,,,
295,Mon,31-08-26,78137,44,Abnaa Oraby,DPL,19-08-26,,,39.05,Fill,V0-3,VILLA 54,,LAYER-1,,2,,,APPROVED AS NOTED,DONE,4,HELIOPOLIS,12,,,
296,Mon,31-08-26,78138,44,Abnaa Oraby,DPL,19-08-26,,,39.8,Fill,V0-3,VILLA 53,,LAYER-1,,3,,,APPROVED AS NOTED,DONE,5,HELIOPOLIS,12,,,
297,Mon,31-08-26,78139,44,Abnaa Oraby,DPL,19-08-26,,,42.8,Fill,V0-3,VILLA 52,,LAYER-1,,3,,,APPROVED AS NOTED,DONE,5,HELIOPOLIS,12,,,
298,Tue,01-09-26,78140,44,Al Wadi Stone,DPL,19-08-26,,,38.41,Fill,V3,VILLA 51,,LAYER-1,,3,,,APPROVED AS NOTED,DONE,5,HELIOPOLIS,13,,,
299,Tue,01-09-26,78141,44,Al Wadi Stone,DPL,19-08-26,,,38.41,Fill,V3,VILLA 50,,LAYER-1,,3,,,APPROVED AS NOTED,DONE,5,HELIOPOLIS,13,,,
300,Tue,01-09-26,78142,44,Al Wadi Stone,DPL,19-08-26,,,55,Fill,V3,VILLA 49,,LAYER-1,,3,,,APPROVED AS NOTED,DONE,5,HELIOPOLIS,13,,,
301,Tue,01-09-26,78143,44,Al Wadi Stone,DPL,19-08-26,,,54,Fill,V3,VILLA 48,,LAYER-1,,3,,,APPROVED AS NOTED,,5,HELIOPOLIS,13,,,
302,Tue,01-09-26,78144,44,Al Motamayez,DPL,20-08-26,,,37.23,Fill,V0-3,BH-7,,LAYER-2,,4,,,APPROVED AS NOTED,DONE,6,DR/ OMAR OSMAN,12,,,
303,Tue,01-09-26,78144,44,Hosny Mubarak,DPL,19-08-26,,,40.8,Fill,V0-3,VILLA 10,,LAYER-9,,2,,,APPROVED AS NOTED,,4,HELIOPOLIS,13,,,
304,Tue,01-09-26,78145,44,Al Motamayez,DPL,20-08-26,,,40.63,Fill,V0-3,VILLA 4,,LAYER-6,,3,,,APPROVED AS NOTED,DONE,5,DR/ OMAR OSMAN,12,,,
305,Mon,31-08-26,78145,44,Abnaa Oraby,DPL,19-08-26,,,39.05,Fill,V0-3,VILLA 55,,LAYER-1,,2,,,APPROVED AS NOTED,DONE,4,HELIOPOLIS,12,,,
306,Tue,01-09-26,78146,44,HIgh Dam,DPL,20-08-26,,,45.29,Fill,V3,VILLA 61,,LAYER-1,,2,,,APPROVED AS NOTED,DONE,4,DR/ OMAR OSMAN,12,,,
307,Tue,01-09-26,78147,44,HIgh Dam,DPL,20-08-26,,,39.99,Fill,V3,VILLA 62,,LAYER-1,,3,,,APPROVED AS NOTED,DONE,5,DR/ OMAR OSMAN,12,,,
308,Tue,01-09-26,78148,44,Al Motamayez,DPL,20-08-26,,,40.13,Fill,V0-3,VILLA 3,,LAYER-6,,3,,,APPROVED AS NOTED,DONE,5,DR/ OMAR OSMAN,12,,,
309,Mon,31-08-26,78149,44,Abnaa Hetler,DPL,20-08-26,,,41.88,Fill,V3, BH-11,,LAYER-2,,25,,,APPROVED AS NOTED,DONE,27,DR/ OMAR OSMAN,11,,,
310,Tue,01-09-26,78150,44,Al Wadi Stone,PLATE LOAD,20-08-26,,,,Fill,V0-3,BH-9,,18.8,,1,,,APPROVED AS NOTED,DONE,3,HELIOPOLIS,12,,,
311,Mon,31-08-26,78151,44,Abnaa Oraby,PLATE LOAD,20-08-26,,,,Fill,V0-3,BH-9',,18.8,,1,,,APPROVED AS NOTED,DONE,3,HELIOPOLIS,11,,,
312,Tue,01-09-26,78152,44,Al Kifah,PLATE LOAD,20-08-26,,,,Fill,V3,VILLA 23,,21,,1,,,APPROVED AS NOTED,DONE,3,HELIOPOLIS,12,,,
313,Tue,01-09-26,78153,44,Al Kifah,PLATE LOAD,20-08-26,,,,Fill,V3,VILLA 24,,21,,1,,,APPROVED AS NOTED,DONE,3,GLOBAL LAB,12,,,
314,Tue,01-09-26,78154,44,Al Kifah,PLATE LOAD,20-08-26,,,,Fill,V3,VILLA 25,,21,,1,,,APPROVED AS NOTED,DONE,3,GLOBAL LAB,12,,,
315,Tue,01-09-26,78155,44,Al Kifah,PLATE LOAD,20-08-26,,,,Fill,V3,VILLA 26,,21,,1,,,APPROVED AS NOTED,DONE,3,HELIOPOLIS,12,,,
316,Tue,01-09-26,78156,44,Ghali Aziz,SOIL,20-08-26,A-4,53.60%,,Bottom of excavation,V3,VILLA 32,,,,1,Sieve analysis,,APPROVED AS NOTED,DONE,2,LOGIC,12,,,
317,Tue,01-09-26,78157,44,Ghali Aziz,SOIL,20-08-26,A-4,39.60%,,Bottom of excavation,V3,VILLA 32,,,,1,Sieve analysis,,APPROVED AS NOTED,DONE,2,LOGIC,12,,,
318,Tue,01-09-26,78158,44,Ghali Aziz,SOIL,20-08-26,A-4,53.60%,,Bottom of excavation,V3,VILLA 32,,,,1,Sieve analysis,,APPROVED AS NOTED,DONE,2,LOGIC,12,,,
319,Mon,31-08-26,78159,44,Abnaa Oraby,SOIL,20-08-26,A-1-B,22.00%,,Stockpile,V0-3,,,,,1,Sieve analysis,,APPROVED AS NOTED,DONE,3,LOGIC,11,,,
320,Mon,31-08-26,78160,44,Abnaa Oraby,SOIL,20-08-26,A-1-B,21.00%,,Stockpile,V0-3,,,,,1,Sieve analysis,,APPROVED AS NOTED,DONE,3,LOGIC,11,,,
321,Tue,01-09-26,78161,44,Al Qimam,SOIL,20-08-26,A-1-B,14.20%,,Stockpile,V3,,,,,1,Sieve analysis,,APPROVED AS NOTED,DONE,3,LOGIC,12,,,
322,Tue,01-09-26,78162,44,Al Qimam,SOIL,20-08-26,A-1-B,15.20%,,Stockpile,V3,,,,,1,Sieve analysis,,APPROVED AS NOTED,DONE,3,LOGIC,12,,,
323,Tue,01-09-26,78163,44,Arabco 2,SOIL,20-08-26,A-1-B,26.80%,,Stockpile,V3,,,,,1,Sieve analysis,,APPROVED AS NOTED,DONE,3,LOGIC,12,,,
324,Tue,01-09-26,78164,44,Arabco 2,SOIL,20-08-26,A-1-B,13.00%,,Stockpile,V3,,,,,1,Sieve analysis,,APPROVED AS NOTED,DONE,3,LOGIC,12,,,
325,Tue,01-09-26,78165,44,Target,SOIL,20-08-26,A-4,42.40%,,Bottom of excavation,V3,VILLA 85,,,,1,Sieve analysis,,APPROVED AS NOTED,DONE,3,CEL,12,,,
326,Tue,01-09-26,78166,44,Target,SOIL,20-08-26,A-2-4,33.80%,,Bottom of excavation,V3,VILLA 86,,,,1,Sieve analysis,,APPROVED AS NOTED,DONE,3,CEL,12,,,
327,Tue,01-09-26,78167,44,Target,SOIL,20-08-26,A-4,40.00%,,Bottom of excavation,V3,VILLA 84,,,,1,Sieve analysis,,APPROVED AS NOTED,DONE,3,CEL,12,,,
328,Tue,01-09-26,78168,44,Target,SOIL,20-08-26,A-4,37.20%,,Bottom of excavation,V3,VILLA 82,,,,1,Sieve analysis,,APPROVED AS NOTED,DONE,3,CEL,12,,,
329,Tue,01-09-26,78169,44,Target,SOIL,20-08-26,A-4,62.20%,,Bottom of excavation,V3,VILLA 81,,,,1,Sieve analysis,,APPROVED AS NOTED,DONE,3,CEL,12,,,
330,Tue,01-09-26,78170,44,Al Farook,SOIL,21-08-26,A-2-4,28.40%,,Bottom of excavation,V3,VILLA 72,,,,1,Sieve analysis,,APPROVED AS NOTED,DONE,3,CEL,11,,,
331,Tue,01-09-26,78171,44,Al Farook,SOIL,21-08-26,A-1-B,6.40%,,Bottom of excavation,V3,VILLA 73,,,,1,Sieve analysis,,APPROVED AS NOTED,DONE,3,CEL,11,,,
332,Tue,01-09-26,78172,44,HIgh Dam,PLATE LOAD,21-08-26,,,,Fill,V3,BH-12,,17.6,,1,,,APPROVED AS NOTED,DONE,3,HELIOPOLIS,11,,,
333,Mon,31-08-26,78173,44,Al Ehsan,SOIL,21-08-26,A-1-B,8.20%,,Stockpile,V0-3,,,,,1,Sieve analysis,,APPROVED AS NOTED,DONE,3,LOGIC,10,,,
334,Mon,31-08-26,78174,44,Abnaa Hetler,SOIL,22-08-26,A-1-B,12.00%,,Stockpile,V0-3,,,,,1,Sieve + Proctoer ,,APPROVED AS NOTED,DONE,4,CEL,9,,,
335,Mon,31-08-26,78175,44,Abnaa Hetler,SOIL,22-08-26,A-1-B,12.40%,,Stockpile,V0-3,,,,,1,Sieve + Proctoer ,,APPROVED AS NOTED,DONE,4,CEL,9,,,
336,Mon,31-08-26,78176,44,Al Farook,SOIL,22-08-26,A-1-B,4.80%,,Stockpile,V0-3,,,,,1,Sieve + Proctoer ,,APPROVED AS NOTED,DONE,4,CEL,9,,,
337,Tue,01-09-26,78177,44,Hosny Mubarak,DPL,20-08-26,,,41.5,Fill,V0-3,BH-4,,LAYER-2,,6,,,APPROVED AS NOTED,DONE,8,HELIOPOLIS,12,,,
338,Tue,01-09-26,78178,44,Arabco,DPL,20-08-26,,,42.72,Fill,V0-3,BH-6,,LAYER-2,,5,,,APPROVED AS NOTED,DONE,7,HELIOPOLIS,12,,,
339,Tue,01-09-26,78179,44,Al Kifah,DPL,20-08-26,,,48.08,Fill,V0-3,VILLA 20,,LAYER-4,,3,,,APPROVED AS NOTED,DONE,5,HELIOPOLIS,12,,,
340,Tue,01-09-26,78180,44,Al Kifah,DPL,20-08-26,,,46.38,Fill,V0-3,VILLA 21,,LAYER-4,,3,,,APPROVED AS NOTED,DONE,5,HELIOPOLIS,12,,,
341,Tue,01-09-26,78181,44,Al Kifah,DPL,20-08-26,,,56.76,Fill,V0-3,VILLA 22,,LAYER-4,,2,,,APPROVED AS NOTED,DONE,4,HELIOPOLIS,12,,,
342,Tue,01-09-26,78182,44,Arabco 2,DPL,20-08-26,,,38.63,Fill,V0-3,VILLA 33,,LAYER-2,,4,,,APPROVED AS NOTED,DONE,6,HELIOPOLIS,12,,,
343,Tue,01-09-26,78183,44,Arabco 2,DPL,20-08-26,,,38.97,Fill,V0-3,VILLA 34,,LAYER-3,,3,,,APPROVED AS NOTED,DONE,5,HELIOPOLIS,12,,,
344,Mon,31-08-26,78184,44,Al Ehsan,DPL,20-08-26,,,52.79,Fill,V0-3,VILLA 39,,LAYER-2,,2,,,APPROVED AS NOTED,DONE,4,HELIOPOLIS,11,,,
345,Mon,31-08-26,78185,44,Abnaa Oraby,DPL,20-08-26,,,41.63,Fill,V0-3,VILLA 52,,LAYER-2,,2,,,APPROVED AS NOTED,DONE,4,HELIOPOLIS,11,,,
346,Mon,31-08-26,78186,44,Abnaa Oraby,DPL,20-08-26,,,43.71,Fill,V0-3,VILLA 56,,LAYER-2,,2,,,APPROVED AS NOTED,DONE,4,HELIOPOLIS,11,,,
347,Tue,01-09-26,78187,44,Al Kifah,DPL,20-08-26,,,42.51,Fill,V0-3,BH-1,,LAYER-2,,5,,,APPROVED AS NOTED,DONE,7,HELIOPOLIS,12,,,
348,Tue,01-09-26,78188,44,Al Qimam,DPL,20-08-26,,,42.37,Fill,V0-3,BH-2,,LAYER-2,,6,,,APPROVED AS NOTED,DONE,8,HELIOPOLIS,12,,,
349,Tue,01-09-26,78189,44,Hosny Mubarak,DPL,20-08-26,,,54.71,Fill,V0-3,BH-4,,LAYER-1,,6,,,APPROVED AS NOTED,DONE,8,HELIOPOLIS,12,,,
350,Tue,01-09-26,78190,44,Arabco,DPL,20-08-26,,,49.19,Fill,V0-3,BH-6,,LAYER-1,,5,,,APPROVED AS NOTED,DONE,7,HELIOPOLIS,12,,,
351,Tue,01-09-26,78191,44,Al Qimam,DPL,20-08-26,,,38.94,Fill,V0-3,VILLA 17,,LAYER-3,,2,,,APPROVED AS NOTED,DONE,4,HELIOPOLIS,12,,,
352,Tue,01-09-26,78192,44,Al Qimam,DPL,20-08-26,,,43.03,Fill,V0-3,VILLA 18,,LAYER-3,,6,,,APPROVED AS NOTED,DONE,8,HELIOPOLIS,12,,,
353,Tue,01-09-26,78193,44,Al Qimam,DPL,20-08-26,,,40.32,Fill,V0-3,VILLA 19,,LAYER-3,,3,,,APPROVED AS NOTED,DONE,5,HELIOPOLIS,12,,,
354,Tue,01-09-26,78194,44,Al Kifah,DPL,20-08-26,,,56.23,Fill,V0-3,VILLA 23,,LAYER-4,,2,,,APPROVED AS NOTED,DONE,4,HELIOPOLIS,12,,,
355,Tue,01-09-26,78195,44,Al Kifah,DPL,20-08-26,,,43.41,Fill,V0-3,VILLA 25,,LAYER-5,,2,,,APPROVED AS NOTED,DONE,4,HELIOPOLIS,12,,,
356,Tue,01-09-26,78196,44,Al Kifah,DPL,20-08-26,,,45.29,Fill,V0-3,VILLA 26,,LAYER-5,,2,,,APPROVED AS NOTED,DONE,4,HELIOPOLIS,12,,,
357,Tue,01-09-26,78197,44,Arabco 2,DPL,20-08-26,,,41.04,Fill,V0-3,VILLA 33,,LAYER-1,,3,,,APPROVED AS NOTED,DONE,5,HELIOPOLIS,12,,,
358,Tue,01-09-26,78198,44,Arabco 2,DPL,20-08-26,,,42.37,Fill,V0-3,VILLA 34,,LAYER-1,,3,,,APPROVED AS NOTED,DONE,5,HELIOPOLIS,12,,,
359,Tue,01-09-26,78199,44,Arabco 2,DPL,20-08-26,,,41.04,Fill,V0-3,VILLA 34,,LAYER-2,,3,,,APPROVED AS NOTED,DONE,5,HELIOPOLIS,12,,,
360,Mon,31-08-26,78200,44,Abnaa Oraby,DPL,20-08-26,,,36.46,Fill,V0-3,VILLA 53,,LAYER-2,,2,,,APPROVED AS NOTED,DONE,4,HELIOPOLIS,11,,,
361,Mon,31-08-26,78201,44,Al Ehsan,DPL,20-08-26,,,37.38,Fill,V0-3,VILLA 39,,LAYER-1,,2,,,APPROVED AS NOTED,DONE,4,HELIOPOLIS,11,,,
362,Mon,31-08-26,78202,44,Al Ehsan,DPL,20-08-26,,,42.05,Fill,V0-3,VILLA 40,,LAYER-2,,2,,,APPROVED AS NOTED,DONE,4,HELIOPOLIS,11,,,
363,Mon,31-08-26,78203,44,Al Ehsan,DPL,20-08-26,,,50.13,Fill,V0-3,VILLA 41,,LAYER-2,,2,,,APPROVED AS NOTED,DONE,4,HELIOPOLIS,11,,,
364,Mon,31-08-26,78204,44,Al Ehsan,DPL,20-08-26,,,72.08,Fill,V0-3,VILLA 42,,LAYER-2,,2,,,APPROVED AS NOTED,DONE,4,HELIOPOLIS,11,,,
365,Mon,31-08-26,78205,44,Al Ehsan,DPL,20-08-26,,,38.01,Fill,V0-3,VILLA 43,,LAYER-2,,2,,,APPROVED AS NOTED,DONE,4,HELIOPOLIS,11,,,
366,Mon,31-08-26,78206,44,Al Ehsan,DPL,20-08-26,,,40.64,Fill,V0-3,VILLA 44,,LAYER-2,,3,,,APPROVED AS NOTED,DONE,4,HELIOPOLIS,11,,,
367,Tue,01-09-26,78207,44,Al Wadi Stone,DPL,20-08-26,,,44.4,Fill,V0-3,VILLA 45,,LAYER-1,,2,,,APPROVED AS NOTED,DONE,4,HELIOPOLIS,12,,,
368,Tue,01-09-26,78208,44,Al Wadi Stone,DPL,20-08-26,,,39.88,Fill,V0-3,VILLA 46,,LAYER-1,,2,,,APPROVED AS NOTED,DONE,4,HELIOPOLIS,12,,,
369,Tue,01-09-26,78209,44,Al Wadi Stone,DPL,20-08-26,,,37.53,Fill,V0-3,VILLA 47,,LAYER-1,,2,,,APPROVED AS NOTED,DONE,4,HELIOPOLIS,12,,,
370,Mon,31-08-26,78210,44,Abnaa Oraby,DPL,20-08-26,,,40.99,Fill,V0-3,VILLA 54,,LAYER-2,,2,,,APPROVED AS NOTED,DONE,4,HELIOPOLIS,11,,,
371,Mon,31-08-26,78211,44,Abnaa Oraby,DPL,20-08-26,,,43.38,Fill,V0-3,VILLA 55,,LAYER-2,,3,,,APPROVED AS NOTED,DONE,5,HELIOPOLIS,11,,,
372,Mon,31-08-26,78212,44,Abnaa Oraby,DPL,20-08-26,,,52.83,Fill,V0-3,VILLA 56,,LAYER-1,,3,,,APPROVED AS NOTED,DONE,5,HELIOPOLIS,11,,,
373,Tue,01-09-26,78213,44,Rock,DPL,20-08-26,,,42.73,Fill,V0-3,VILLA 57,,LAYER-1,,3,,,APPROVED AS NOTED,DONE,5,HELIOPOLIS,12,,,
374,Tue,01-09-26,78214,44,Rock,DPL,20-08-26,,,46.52,Fill,V0-3,VILLA 58,,LAYER-1,,2,,,APPROVED AS NOTED,DONE,4,HELIOPOLIS,12,,,
375,Tue,01-09-26,78215,44,Rock,DPL,20-08-26,,,51.31,Fill,V0-3,VILLA 59,,LAYER-1,,2,,,APPROVED AS NOTED,DONE,4,HELIOPOLIS,12,,,
376,Tue,01-09-26,78216,44,Rock,DPL,20-08-26,,,44.39,Fill,V0-3,VILLA 60,,LAYER-1,,2,,,APPROVED AS NOTED,DONE,4,HELIOPOLIS,12,,,
377,Tue,01-09-26,78217,44,Al Kifah,DPL,20-08-26,,,40.97,Fill,V0-3,VILLA 24,,LAYER-5,,2,,,APPROVED AS NOTED,DONE,4,HELIOPOLIS,12,,,
378,Tue,01-09-26,78218,44,HIgh Dam,DPL,22-08-26,,,40.5,Fill,V0-3,VILLA 61,,LAYER-2,,2,,,APPROVED AS NOTED,DONE,4,DR/ OMAR OSMAN,10,,,
379,Tue,01-09-26,78219,44,HIgh Dam,DPL,22-08-26,,,40.4,Fill,V0-3,VILLA 62,,LAYER-2,,3,,,APPROVED AS NOTED,DONE,5,DR/ OMAR OSMAN,10,,,
380,Tue,01-09-26,78220,44,HIgh Dam,DPL,22-08-26,,,42.4,Fill,V0-3,VILLA 63,,LAYER-1,,2,,,APPROVED AS NOTED,DONE,4,DR/ OMAR OSMAN,10,,,
381,Tue,01-09-26,78221,44,Al Motamayez,DPL,22-08-26,,,51.3,Fill,V0-3,VILLA 4,,LAYER-7,,3,,,APPROVED AS NOTED,DONE,5,DR/ OMAR OSMAN,10,,,
382,Tue,01-09-26,78222,44,Al Motamayez,DPL,22-08-26,,,40.8,Fill,V0-3,VILLA 5,,LAYER-7,,3,,,APPROVED AS NOTED,DONE,5,DR/ OMAR OSMAN,10,,,
383,Mon,31-08-26,78223,44,Abnaa Hetler,DPL,22-08-26,,,42.2,Fill,V0-3, BH-11,,LAYER-3,,25,,,APPROVED AS NOTED,DONE,27,DR/ OMAR OSMAN,9,,,
384,Mon,31-08-26,78224,44,Abnaa Hetler,DPL,22-08-26,,,41.5,Fill,V0-3,VILLA 1,,LAYER-10,,4,,,APPROVED AS NOTED,DONE,6,DR/ OMAR OSMAN,9,,,
385,Tue,01-09-26,78225,44,Arabco 2,SOIL,22-08-26,A-4,74.00%,,Bottom of excavation,V0-3,VILLA 35,,,,1,Sieve analysis,,APPROVED AS NOTED,DONE,2,LOGIC,10,,,
386,Tue,01-09-26,78226,44,Ghali Aziz,SOIL,22-08-26,A-1-B,16.00%,,Stockpile,V0-3,,,,,1,Sieve + Proctoer ,,APPROVED AS NOTED,DONE,3,LOGIC,10,,,
387,Thu,03-09-26,78227,44,Al Masria 2,SOIL,22-08-26,A-4,42.00%,,Bottom of excavation,V0-3,VILLA 104,,,,1,Sieve analysis,,APPROVED AS NOTED,DONE,2,LOGIC,12,,,
388,Thu,03-09-26,78228,44,Al Masria 1,SOIL,22-08-26,A-4,49.00%,,Bottom of excavation,V0-3,VILLA 101,,,,1,Sieve analysis,,APPROVED AS NOTED,DONE,2,LOGIC,12,,,
389,Thu,03-09-26,78229,44,Al Masria 2,SOIL,22-08-26,A-4,46.00%,,Bottom of excavation,V0-3,VILLA 103,,,,1,Sieve analysis,,APPROVED AS NOTED,DONE,2,LOGIC,12,,,
390,Thu,03-09-26,78230,44,Al Masria 1,SOIL,22-08-26,A-4,72.00%,,Bottom of excavation,V0-3,VILLA 102,,,,1,Sieve analysis,,APPROVED AS NOTED,DONE,2,LOGIC,12,,,
391,Tue,01-09-26,78231,44,Ghali Aziz,SOIL,22-08-26,A-2-4,32.00%,,Bottom of excavation,V0-3,BHL-3,,,,1,Sieve analysis,,APPROVED AS NOTED,DONE,4,LOGIC,10,,,
392,Tue,01-09-26,78232,44,Rock,SOIL,22-08-26,A-1-B,17.00%,,Stockpile,V0-3,,,,,1,Sieve + Proctoer ,,APPROVED AS NOTED,DONE,3,LOGIC,10,,,
393,Tue,01-09-26,78233,44,Al Kifah,SOIL,22-08-26,A-1-B,19.00%,,Stockpile,V0-3,,,,,1,Sieve + Proctoer ,,APPROVED AS NOTED,DONE,3,LOGIC,10,,,
394,Tue,01-09-26,78234,44,Al Kifah,SOIL,22-08-26,A-1-B,18.40%,,Stockpile,V0-3,,,,,1,Sieve + Proctoer ,,APPROVED AS NOTED,DONE,3,LOGIC,10,,,
395,Tue,01-09-26,78235,44,Hosny Mubarak,SOIL,22-08-26,A-1-B,21.00%,,Stockpile,V0-3,,,,,1,Sieve + Proctoer ,,APPROVED AS NOTED,DONE,3,LOGIC,10,,,
396,Tue,01-09-26,78236,44,Hosny Mubarak,SOIL,22-08-26,A-1-B,15.00%,,Stockpile,V0-3,,,,,1,Sieve + Proctoer ,,APPROVED AS NOTED,DONE,3,LOGIC,10,,,
397,Tue,01-09-26,78237,44,Arabco 2,SOIL,22-08-26,A-1-B,29.00%,,Stockpile,V0-3,,,,,1,Sieve + Proctoer ,,APPROVED AS NOTED,DONE,3,LOGIC,10,,,
398,Mon,31-08-26,78238,44,Al Ehsan,DPL,21-08-26,,,40.73,Fill,V0-3,BH-10,,LAYER-1,,6,,,APPROVED AS NOTED,DONE,8,HELIOPOLIS,10,,,
399,Tue,01-09-26,78239,44,Al Qimam,DPL,21-08-26,,,38.51,Fill,V0-3,VILLA 14,,LAYER-4,,2,,,APPROVED AS NOTED,DONE,4,HELIOPOLIS,11,,,
400,Tue,01-09-26,78240,44,Al Qimam,DPL,21-08-26,,,43.7,Fill,V0-3,VILLA 16,,LAYER-4,,2,,,APPROVED AS NOTED,DONE,4,HELIOPOLIS,11,,,
401,Tue,01-09-26,78241,44,Al Qimam,DPL,21-08-26,,,37.5,Fill,V0-3,VILLA 17,,LAYER-4,,2,,,APPROVED AS NOTED,DONE,4,HELIOPOLIS,11,,,
402,Tue,01-09-26,78242,44,Al Qimam,DPL,21-08-26,,,35.6,Fill,V0-3,VILLA 19,,LAYER-4,,2,,,APPROVED AS NOTED,DONE,4,HELIOPOLIS,11,,,
403,Tue,01-09-26,78244,44,Al Qimam,DPL,21-08-26,,,38.98,Fill,V0-3,VILLA 18,,LAYER-4,,3,,,APPROVED AS NOTED,DONE,5,HELIOPOLIS,11,,,
404,Tue,01-09-26,78245,44,Al Kifah,DPL,21-08-26,,,52.25,Fill,V0-3,BH-1,,LAYER-3,,5,,,APPROVED AS NOTED,DONE,7,HELIOPOLIS,11,,,
405,Tue,01-09-26,78246,44,Al Kifah,DPL,21-08-26,,,36.31,Fill,V0-3,VILLA 24,,LAYER-6,,2,,,APPROVED AS NOTED,DONE,4,HELIOPOLIS,11,,,
406,Tue,01-09-26,78247,44,Al Kifah,DPL,21-08-26,,,38.98,Fill,V0-3,VILLA 25,,LAYER-6,,4,,,APPROVED AS NOTED,DONE,6,HELIOPOLIS,11,,,
407,Tue,01-09-26,78248,44,Al Kifah,DPL,21-08-26,,,36.17,Fill,V0-3,VILLA 26,,LAYER-6,,3,,,APPROVED AS NOTED,DONE,5,HELIOPOLIS,11,,,
408,Tue,01-09-26,78249,44,Al Kifah,DPL,21-08-26,,,41.97,Fill,V0-3,VILLA 23,,LAYER-5,,2,,,APPROVED AS NOTED,DONE,4,HELIOPOLIS,11,,,
409,Tue,01-09-26,78250,44,Hosny Mubarak,DPL,21-08-26,,,42.59,Fill,V0-3,BH-4,,LAYER-3,,6,,,APPROVED AS NOTED,DONE,8,HELIOPOLIS,11,,,
410,Tue,01-09-26,78251,44,Al Wadi Stone,DPL,21-08-26,,,43.83,Fill,V0-3,VILLA 49,,LAYER-2,,2,,,APPROVED AS NOTED,DONE,4,HELIOPOLIS,11,,,
411,Tue,01-09-26,78252,44,Al Wadi Stone,DPL,21-08-26,,,43,Fill,V0-3,VILLA 50,,LAYER-2,,2,,,APPROVED AS NOTED,DONE,4,HELIOPOLIS,11,,,
412,Tue,01-09-26,78253,44,Al Wadi Stone,DPL,21-08-26,,,44.37,Fill,V0-3,VILLA 51,,LAYER-2,,2,,,APPROVED AS NOTED,DONE,4,HELIOPOLIS,11,,,
413,Mon,31-08-26,78254,44,Al Alamiaa,SOIL,23-08-26,A-6,63.00%,,Natural Ground,V0-3,VILLA 93,,,,1,Sieve analysis,,APPROVED AS NOTED,DONE,3,CEL,8,,,
414,Mon,31-08-26,78255,44,Al Alamiaa,SOIL,23-08-26,A-2-4,33.40%,,Natural Ground,V0-3,VILLA 94,,,,1,Sieve analysis,,APPROVED AS NOTED,DONE,3,CEL,8,,,
415,Mon,31-08-26,78256,44,Al Alamiaa,SOIL,23-08-26,A-6,74.80%,,Natural Ground,V0-3,VILLA 95,,,,1,Sieve analysis,,APPROVED AS NOTED,DONE,3,CEL,8,,,
416,Mon,31-08-26,78257,44,Al Alamiaa,SOIL,23-08-26,A-6,80.40%,,Natural Ground,V0-3,VILLA 96,,,,1,Sieve analysis,,APPROVED AS NOTED,DONE,3,CEL,8,,,
417,Mon,31-08-26,78258,44,Al Alamiaa,SOIL,23-08-26,A-4,51.20%,,Natural Ground,V0-3,VILLA 97,,,,1,Sieve analysis,,APPROVED AS NOTED,DONE,3,CEL,8,,,
418,Mon,31-08-26,78259,44,Al Alamiaa,SOIL,23-08-26,A-4,48.80%,,Natural Ground,V0-3,VILLA 98,,,,1,Sieve analysis,,APPROVED AS NOTED,DONE,3,CEL,8,,,
419,Tue,01-09-26,78260,44,Target,SOIL,23-08-26,A-1-B,11.20%,,Stockpile,V0-3,,,,,1,Sieve + Proctoer ,,APPROVED AS NOTED,DONE,4,CEL,9,,,
420,Mon,31-08-26,78261,44,Abnaa Hetler,PLATE LOAD,23-08-26,,,,Fill,V0-3,VILLA 2,,22.2,,1,,,APPROVED AS NOTED,DONE,3,GLOBAL LAB,8,,,
421,Mon,31-08-26,78262,44,Abnaa Hetler,PLATE LOAD,23-08-26,,,,Fill,V0-3,VILLA 1,,22.2,,1,,,APPROVED AS NOTED,DONE,3,GLOBAL LAB,8,,,
422,Tue,01-09-26,78263,44,Al Kifah,PLATE LOAD,23-08-26,,,,Fill,V0-3,VILLA 20,,22,,1,,,APPROVED AS NOTED,DONE,3,HELIOPOLIS,9,,,
423,Tue,01-09-26,78264,44,Al Kifah,PLATE LOAD,23-08-26,,,,Fill,V0-3,VILLA 21,,22,,1,,,APPROVED AS NOTED,DONE,3,GLOBAL LAB,9,,,
424,Thu,03-09-26,78265,44,Al Masria 1,SOIL,23-08-26,A-4,37.40%,,Bottom of excavation,V0-3,VILLA 99,,,,1,Sieve analysis,,APPROVED AS NOTED,DONE,2,LOGIC,11,,,
425,Thu,03-09-26,78266,44,Al Masria 1,SOIL,23-08-26,A-4,48.80%,,Bottom of excavation,V0-3,VILLA 100,,,,1,Sieve analysis,,APPROVED AS NOTED,DONE,2,LOGIC,11,,,
426,Tue,01-09-26,78267,44,Al Wadi Stone,SOIL,23-08-26,A-1-B,4.00%,,Stockpile,V0-3,,,,,1,Sieve + Proctoer ,,APPROVED AS NOTED,DONE,3,LOGIC,9,,,
427,Tue,01-09-26,78339,44,HIgh Dam,DPL,23-08-26,,,37.35,Fill,V0-3,VILLA 61,,LAYER-3,,2,,,APPROVED AS NOTED,DONE,4,DR/ OMAR OSMAN,9,,,
428,Mon,31-08-26,78340,44,Abnaa Hetler,DPL,23-08-26,,,37.08,Fill,V0-3,VILLA 2,,LAYER-10,,3,,,APPROVED AS NOTED,DONE,5,DR/ OMAR OSMAN,8,,,
429,Tue,01-09-26,78341,44,HIgh Dam,DPL,23-08-26,,,40.16,Fill,V0-3,BH-12,,LAYER-1,,5,,,APPROVED AS NOTED,DONE,7,DR/ OMAR OSMAN,9,,,
430,Tue,01-09-26,78342,44,HIgh Dam,DPL,23-08-26,,,39.42,Fill,V0-3,VILLA 63,,LAYER-2,,2,,,APPROVED AS NOTED,DONE,4,DR/ OMAR OSMAN,9,,,
431,Tue,01-09-26,78343,44,HIgh Dam,DPL,23-08-26,,,46.31,Fill,V0-3,VILLA 64,,LAYER-1,,2,,,APPROVED AS NOTED,DONE,4,DR/ OMAR OSMAN,9,,,
432,Tue,01-09-26,78344,44,HIgh Dam,DPL,23-08-26,,,44.66,Fill,V0-3,VILLA 64,,LAYER-2,,2,,,APPROVED AS NOTED,DONE,4,DR/ OMAR OSMAN,9,,,
433,Tue,01-09-26,78345,44,Al Motamayez,DPL,23-08-26,,,48.5,Fill,V0-3,BH-7,,LAYER-3,,4,,,APPROVED AS NOTED,DONE,6,DR/ OMAR OSMAN,9,,,
434,Tue,01-09-26,78346,44,Al Motamayez,DPL,23-08-26,,,48.32,Fill,V0-3,VILLA 3,,LAYER-7,,3,,,APPROVED AS NOTED,DONE,5,DR/ OMAR OSMAN,9,,,
435,Tue,01-09-26,78347,44,Arabco,DPL,22-08-26,,,48.8,Fill,V0-3,BH-6,,LAYER-3,,6,,,APPROVED AS NOTED,DONE,8,HELIOPOLIS,10,,,
436,Mon,31-08-26,78348,44,Al Ehsan,DPL,22-08-26,,,39.4,Fill,V0-3,VILLA 40,,LAYER-3,,2,,,APPROVED AS NOTED,DONE,4,HELIOPOLIS,9,,,
437,Mon,31-08-26,78349,44,Al Ehsan,DPL,22-08-26,,,41.6,Fill,V0-3,VILLA 39,,LAYER-3,,2,,,APPROVED AS NOTED,DONE,4,HELIOPOLIS,9,,,
438,Mon,31-08-26,78350,44,Al Ehsan,DPL,23-08-26,,,41.3,Fill,V0-3,VILLA 37,,LAYER-2,,2,,,APPROVED AS NOTED,DONE,4,HELIOPOLIS,8,,,
439,Tue,01-09-26,78351,44,Arabco 2,DPL,23-08-26,,,36.4,Fill,V0-3,VILLA 34,,LAYER-4,,3,,,APPROVED AS NOTED,DONE,5,HELIOPOLIS,9,,,
440,Tue,01-09-26,78352,44,Arabco 2,DPL,23-08-26,,,41.3,Fill,V0-3,VILLA 33,,LAYER-3,,3,,,APPROVED AS NOTED,DONE,5,HELIOPOLIS,9,,,
441,Mon,31-08-26,78353,44,Al Ehsan,DPL,22-08-26,,,40.7,Fill,V0-3,VILLA 41,,LAYER-3,,2,,,APPROVED AS NOTED,DONE,4,HELIOPOLIS,9,,,
442,Mon,31-08-26,78354,44,Al Ehsan,DPL,22-08-26,,,50.5,Fill,V0-3,VILLA 38,,LAYER-2,,2,,,APPROVED AS NOTED,DONE,4,HELIOPOLIS,9,,,
443,Tue,01-09-26,78355,44,Al Qimam,DPL,22-08-26,,,49.4,Fill,V0-3,BH-2,,LAYER-3,,7,,,APPROVED AS NOTED,DONE,9,HELIOPOLIS,10,,,
444,Tue,01-09-26,78356,44,Al Qimam,DPL,22-08-26,,,51.1,Fill,V0-3,VILLA 17,,LAYER-5,,2,,,APPROVED AS NOTED,DONE,4,HELIOPOLIS,10,,,
445,Tue,01-09-26,78357,44,Al Qimam,DPL,22-08-26,,,43.9,Fill,V0-3,VILLA 14,,LAYER-5,,2,,,APPROVED AS NOTED,DONE,4,HELIOPOLIS,10,,,
446,Tue,01-09-26,78358,44,Al Qimam,DPL,22-08-26,,,41.1,Fill,V0-3,VILLA 15,,LAYER-5,,2,,,APPROVED AS NOTED,DONE,4,HELIOPOLIS,10,,,
447,Tue,01-09-26,78359,44,Al Qimam,DPL,22-08-26,,,42.2,Fill,V0-3,VILLA 16,,LAYER-5,,2,,,APPROVED AS NOTED,DONE,4,HELIOPOLIS,10,,,
448,Tue,01-09-26,78360,44,Al Kifah,DPL,22-08-26,,,47.9,Fill,V0-3,BH-1,,LAYER-4,,5,,,APPROVED AS NOTED,DONE,7,HELIOPOLIS,10,,,
449,Tue,01-09-26,78361,44,Al Kifah,DPL,23-08-26,,,44.8,Fill,V0-3,VILLA 20,,LAYER-5,,3,,,APPROVED AS NOTED,DONE,5,HELIOPOLIS,9,,,
450,Tue,01-09-26,78362,44,Al Kifah,DPL,23-08-26,,,48.8,Fill,V0-3,VILLA 21,,LAYER-5,,3,,,APPROVED AS NOTED,DONE,5,HELIOPOLIS,9,,,
451,Tue,01-09-26,78363,44,Al Kifah,DPL,23-08-26,,,43.8,Fill,V0-3,VILLA 22,,LAYER-5,,2,,,APPROVED AS NOTED,DONE,4,HELIOPOLIS,9,,,
452,Tue,01-09-26,78364,44,Al Kifah,DPL,23-08-26,,,44.6,Fill,V0-3,VILLA 23,,LAYER-6,,2,,,APPROVED AS NOTED,DONE,4,HELIOPOLIS,9,,,
453,Mon,31-08-26,78365,44,Abnaa Oraby,DPL,23-08-26,,,41.3,Fill,V0-3,VILLA 56,,LAYER-3,,2,,,APPROVED AS NOTED,DONE,4,HELIOPOLIS,8,,,
454,Tue,01-09-26,78366,44,Hosny Mubarak,DPL,23-08-26,,,66.3,Fill,V0-3,BH-4,,LAYER-4,,6,,,APPROVED AS NOTED,DONE,8,HELIOPOLIS,9,,,
455,Tue,01-09-26,78367,44,Rock,DPL,22-08-26,,,41.5,Fill,V0-3,VILLA 58,,LAYER-2,,2,,,APPROVED AS NOTED,DONE,4,HELIOPOLIS,10,,,
456,Tue,01-09-26,78368,44,Rock,DPL,22-08-26,,,42.9,Fill,V0-3,VILLA 60,,LAYER-2,,3,,,APPROVED AS NOTED,DONE,5,HELIOPOLIS,10,,,
457,Tue,01-09-26,78369,44,Rock,DPL,22-08-26,,,45.1,Fill,V0-3,VILLA 59,,LAYER-2,,2,,,APPROVED AS NOTED,DONE,4,HELIOPOLIS,10,,,
458,Tue,01-09-26,78370,44,Rock,DPL,22-08-26,,,43.2,Fill,V0-3,BH-8,,LAYER-1,,2,,,APPROVED AS NOTED,DONE,4,HELIOPOLIS,10,,,
459,Tue,01-09-26,78371,44,Al Wadi Stone,DPL,22-08-26,,,46.1,Fill,V0-3,VILLA 45,,LAYER-2,,2,,,APPROVED AS NOTED,DONE,4,HELIOPOLIS,10,,,
460,Tue,01-09-26,78372,44,Al Wadi Stone,DPL,22-08-26,,,38.2,Fill,V0-3,VILLA 47,,LAYER-2,,3,,,APPROVED AS NOTED,DONE,5,HELIOPOLIS,10,,,
461,Tue,01-09-26,78373,44,Al Wadi Stone,DPL,22-08-26,,,36.7,Fill,V0-3,VILLA 48,,LAYER-2,,2,,,APPROVED AS NOTED,DONE,4,HELIOPOLIS,10,,,
462,Mon,31-08-26,78519,44,Al Alamiaa,SOIL,24-08-26,A-4,47.40%,,Natural Ground,V0-3,VILLA 91,,,,1,Sieve analysis,,APPROVED AS NOTED,DONE,3,CEL,7,,,
463,Mon,31-08-26,78520,44,Al Alamiaa,SOIL,24-08-26,A-4,36.80%,,Natural Ground,V0-3,VILLA 90,,,,1,Sieve analysis,,APPROVED AS NOTED,DONE,3,CEL,7,,,
464,Mon,31-08-26,78521,44,Al Alamiaa,SOIL,24-08-26,A-1-B,17.60%,,Natural Ground,V0-3,VILLA 92,,,,1,Sieve analysis,,APPROVED AS NOTED,DONE,3,CEL,7,,,
465,Tue,01-09-26,78522,44,HIgh Dam,SOIL,24-08-26,A-6,70.40%,,Natural Ground,V0-3,RD-12,,,,1,Sieve analysis,,APPROVED AS NOTED,DONE,3,CEL,8,,,
466,Tue,01-09-26,78523,44,HIgh Dam,SOIL,24-08-26,A-1-B,13.00%,,Stockpile,V0-3,,,,,1,Sieve + Proctoer ,,APPROVED AS NOTED,DONE,4,CEL,8,,,
467,Tue,01-09-26,78524,44,HIgh Dam,SOIL,24-08-26,A-1-B,17.60%,,Stockpile,V0-3,,,,,1,Sieve + Proctoer ,,APPROVED AS NOTED,DONE,4,CEL,8,,,
468,Tue,01-09-26,78525,44,Al Motamayez,DPL,24-08-26,,,47.64,Fill,V0-3,BH-7,,LAYER-4,,4,,,APPROVED AS NOTED,DONE,6,DR/ OMAR OSMAN,8,,,
469,Tue,01-09-26,78526,44,Al Farook,DPL,24-08-26,,,39.32,Fill,V0-3,VILLA 71,,LAYER-1,,2,,,APPROVED AS NOTED,DONE,4,DR/ OMAR OSMAN,8,,,
470,Tue,01-09-26,78527,44,HIgh Dam,DPL,24-08-26,,,49.47,Fill,V0-3,VILLA 63,,LAYER-3,,2,,,APPROVED AS NOTED,DONE,4,DR/ OMAR OSMAN,8,,,
471,Tue,01-09-26,78528,44,HIgh Dam,DPL,24-08-26,,,42.04,Fill,V0-3,VILLA 62,,LAYER-3,,3,,,APPROVED AS NOTED,DONE,5,DR/ OMAR OSMAN,8,,,
472,Tue,01-09-26,78529,44,HIgh Dam,DPL,24-08-26,,,46.1,Fill,V0-3,VILLA 64,,LAYER-3,,2,,,APPROVED AS NOTED,DONE,4,DR/ OMAR OSMAN,8,,,
473,Mon,31-08-26,78530,44,Abnaa Hetler,DPL,24-08-26,,,42.18,Fill,V0-3,BH-11,,LAYER-4,,25,,,APPROVED AS NOTED,DONE,27,DR/ OMAR OSMAN,7,,,
474,Tue,01-09-26,78531,44,Arabco 2,PLATE LOAD,24-08-26,,,,Fill,V0-3,VILLA 34,,20.5,,1,,,APPROVED AS NOTED,DONE,3,GLOBAL LAB,8,,,
475,Tue,01-09-26,78532,44,Al Kifah,PLATE LOAD,24-08-26,,,,Fill,V0-3,VILLA 22,,22,,1,,,APPROVED AS NOTED,DONE,3,HELIOPOLIS,8,,,
476,Tue,01-09-26,78533,44,Ghali Aziz,PLATE LOAD,24-08-26,,,,Fill,V0-3,BH-3,,19.15,,1,,,APPROVED AS NOTED,DONE,3,HELIOPOLIS,8,,,
477,Tue,01-09-26,78534,44,Al Qimam,PLATE LOAD,24-08-26,,,,Fill,V0-3,VILLA 17,,22.1,,1,,,APPROVED AS NOTED,DONE,3,HELIOPOLIS,8,,,
478,Tue,01-09-26,78535,44,Al Qimam,PLATE LOAD,24-08-26,,,,Fill,V0-3,VILLA 16,,22.1,,1,,,APPROVED AS NOTED,DONE,3,GLOBAL LAB,8,,,
479,Tue,01-09-26,78536,44,Ghali Aziz,SOIL,24-08-26,A-4,42.00%,,Fill,V0-3,VILLA 31,,,,1,Sieve analysis,,APPROVED AS NOTED,DONE,2,LOGIC,8,,,
480,Tue,01-09-26,78537,44,Ghali Aziz,SOIL,24-08-26,A-4,57.00%,,Bottom of excavation,V0-3,VILLA 30,,,,1,Sieve analysis,,APPROVED AS NOTED,DONE,2,LOGIC,8,,,
481,Tue,01-09-26,78538,44,Al Qimam,DPL,21-08-26,,,42.59,Fill,V0-3,VILLA 15,,LAYER-4,,2,,,APPROVED AS NOTED,DONE,4,HELIOPOLIS,11,,,
482,Mon,31-08-26,78539,44,Abnaa Oraby,DPL,24-08-26,,,45.87,Fill,V0-3,VILLA 52,,LAYER-3,,2,,,APPROVED AS NOTED,DONE,4,HELIOPOLIS,7,,,
483,Mon,31-08-26,78540,44,Abnaa Oraby,DPL,24-08-26,,,41,Fill,V0-3,VILLA 53,,LAYER-3,,2,,,APPROVED AS NOTED,DONE,4,HELIOPOLIS,7,,,
484,Mon,31-08-26,78541,44,Abnaa Oraby,DPL,24-08-26,,,42.89,Fill,V0-3,VILLA 54,,LAYER-3,,2,,,APPROVED AS NOTED,DONE,4,HELIOPOLIS,7,,,
485,Tue,01-09-26,78542,44,Arabco 2,DPL,24-08-26,,,42.42,Fill,V0-3,BH-5,,LAYER-1,,6,,,APPROVED AS NOTED,DONE,8,HELIOPOLIS,8,,,
486,Tue,01-09-26,78543,44,Arabco 2,DPL,24-08-26,,,40.21,Fill,V0-3,VILLA 33,,LAYER-4,,3,,,APPROVED AS NOTED,DONE,5,HELIOPOLIS,8,,,
487,Tue,01-09-26,78544,44,Arabco 2,DPL,24-08-26,,,46.13,Fill,V0-3,VILLA 34,,LAYER-5,,3,,,APPROVED AS NOTED,DONE,5,HELIOPOLIS,8,,,
488,Mon,31-08-26,78545,44,Al Ehsan,DPL,24-08-26,,,43.46,Fill,V0-3,VILLA 42,,LAYER-3,,2,,,APPROVED AS NOTED,DONE,4,HELIOPOLIS,7,,,
489,Mon,31-08-26,78546,44,Al Ehsan,DPL,24-08-26,,,41.52,Fill,V0-3,VILLA 43,,LAYER-3,,2,,,APPROVED AS NOTED,DONE,4,HELIOPOLIS,7,,,
490,Mon,31-08-26,78547,44,Al Ehsan,DPL,24-08-26,,,42.02,Fill,V0-3,VILLA 44,,LAYER-3,,2,,,APPROVED AS NOTED,DONE,4,HELIOPOLIS,7,,,
491,Tue,01-09-26,78548,44,Al Qimam,DPL,24-08-26,,,44.3,Fill,V0-3,VILLA 19,,LAYER-5,,3,,,APPROVED AS NOTED,DONE,5,HELIOPOLIS,8,,,
492,Tue,01-09-26,78549,44,Al Kifah,DPL,24-08-26,,,62.77,Fill,V0-3,VILLA 24,,LAYER-7,,2,,,APPROVED AS NOTED,DONE,4,HELIOPOLIS,8,,,
493,Tue,01-09-26,78550,44,Al Kifah,DPL,24-08-26,,,67.78,Fill,V0-3,VILLA 25,,LAYER-7,,2,,,APPROVED AS NOTED,DONE,4,HELIOPOLIS,8,,,
494,Tue,01-09-26,78551,44,Al Kifah,DPL,24-08-26,,,54.27,Fill,V0-3,VILLA 26,,LAYER-7,,2,,,APPROVED AS NOTED,DONE,4,HELIOPOLIS,8,,,
495,Tue,01-09-26,78552,44,Al Kifah,DPL,24-08-26,,,58.99,Fill,V0-3,BH-1,,LAYER-5,,5,,,APPROVED AS NOTED,DONE,7,HELIOPOLIS,8,,,
496,Tue,01-09-26,78553,44,Rock,DPL,24-08-26,,,40.05,Fill,V0-3,VILLA 57,,LAYER-2,,2,,,APPROVED AS NOTED,DONE,4,HELIOPOLIS,8,,,
497,Tue,01-09-26,78554,44,Rock,DPL,24-08-26,,,42.51,Fill,V0-3,VILLA 58,,LAYER-3,,2,,,APPROVED AS NOTED,DONE,4,HELIOPOLIS,8,,,
498,Tue,01-09-26,78555,44,Rock,DPL,24-08-26,,,56.12,Fill,V0-3,VILLA 59,,LAYER-3,,2,,,APPROVED AS NOTED,DONE,4,HELIOPOLIS,8,,,
499,Tue,01-09-26,78556,44,Rock,DPL,24-08-26,,,53.96,Fill,V0-3,VILLA 60,,LAYER-3,,2,,,APPROVED AS NOTED,DONE,4,HELIOPOLIS,8,,,
500,Tue,01-09-26,78557,44,Al Wadi Stone,DPL,24-08-26,,,40.8,Fill,V0-3,VILLA 50,,LAYER-3,,2,,,APPROVED AS NOTED,DONE,4,HELIOPOLIS,8,,,
501,Tue,01-09-26,78558,44,Al Wadi Stone,DPL,24-08-26,,,48.14,Fill,V0-3,VILLA 46,,LAYER-2,,2,,,APPROVED AS NOTED,DONE,4,HELIOPOLIS,8,,,
502,Tue,01-09-26,78559,44,Al Wadi Stone,DPL,24-08-26,,,46.67,Fill,V0-3,VILLA 48,,LAYER-3,,2,,,APPROVED AS NOTED,DONE,4,HELIOPOLIS,8,,,
503,Tue,01-09-26,78560,44,Al Wadi Stone,DPL,24-08-26,,,40,Fill,V0-3,VILLA 49,,LAYER-3,,2,,,APPROVED AS NOTED,DONE,4,HELIOPOLIS,8,,,
504,Tue,01-09-26,78561,44,Al Farook,SOIL,25-08-26,A-1-B,10.00%,,Stockpile,V0-3,,,,,1,Sieve + Proctoer ,,APPROVED AS NOTED,DONE,4,CEL,7,,,
505,Mon,31-08-26,78562,44,Abnaa Hetler,SOIL,25-08-26,A-1-B,9.00%,,Stockpile,V0-3,,,,,1,Sieve + Proctoer ,,APPROVED AS NOTED,DONE,4,CEL,6,,,
506,Mon,31-08-26,78563,44,Abnaa Hetler,SOIL,25-08-26,A-1-B,8.40%,,Stockpile,V0-3,,,,,1,Sieve + Proctoer ,,APPROVED AS NOTED,DONE,4,CEL,6,,,
507,Tue,01-09-26,78564,44,Al Farook,SOIL,25-08-26,A-1-B,25.00%,,Natural Ground,V0-3,VILLA 74,,,,1,Sieve analysis,,APPROVED AS NOTED,DONE,3,CEL,7,,,
508,Tue,01-09-26,78565,44,Al Motamayez,SOIL,25-08-26,A-1-B,17.60%,,Stockpile,V0-3,,,,,1,Sieve + Proctoer ,,APPROVED AS NOTED,DONE,4,CEL,7,,,
509,Tue,01-09-26,78566,44,Hosny Mubarak,SOIL,25-08-26,A-4,54.80%,,Natural Ground,V0-3,VILLA 145,,,,1,Sieve + Proctoer ,,APPROVED AS NOTED,DONE,4,CEL,7,,,
510,Tue,01-09-26,78567,44,Hosny Mubarak,SOIL,25-08-26,A-4,40.60%,,Natural Ground,V0-3,VILLA 146,,,,1,Sieve + Proctoer ,,APPROVED AS NOTED,DONE,4,CEL,7,,,
511,Tue,01-09-26,78568,44,Hosny Mubarak,SOIL,25-08-26,A-4,43.40%,,Natural Ground,V0-3,VILLA 148,,,,1,Sieve analysis,,APPROVED AS NOTED,DONE,3,CEL,7,,,
512,Tue,01-09-26,78569,44,Hosny Mubarak,SOIL,25-08-26,A-4,47.00%,,Natural Ground,V0-3,VILLA 147,,,,1,Sieve analysis,,APPROVED AS NOTED,DONE,3,CEL,7,,,
513,Tue,01-09-26,78570,44,Arabco 2,SOIL,25-08-26,A-4,41.00%,,Bottom of excavation,V0-3,VILLA 36,,,,1,Sieve analysis,,APPROVED AS NOTED,DONE,2,LOGIC,7,,,
514,Tue,01-09-26,78571,44,Al Wadi Stone,SOIL,25-08-26,A-4,51.60%,,Bottom of excavation,V0-3,RD-9,,,,1,Sieve analysis,,APPROVED AS NOTED,DONE,2,LOGIC,7,,,
515,Tue,01-09-26,78572,44,Al Kifah,SOIL,25-08-26,A-4,40.00%,,Bottom of excavation,V0-3,RD-1,,,,1,Sieve analysis,,APPROVED AS NOTED,DONE,2,LOGIC,7,,,
516,Thu,03-09-26,78573,44,Al Masria 2,SOIL,25-08-26,A-1-B,23.60%,,Bottom of excavation,V0-3,VILLA 105,,,,1,Sieve analysis,,APPROVED AS NOTED,DONE,2,LOGIC,9,,,
517,Tue,01-09-26,78574,44,Arabco 2,SOIL,25-08-26,A-1-B,21.40%,,Stockpile,V0-3,,,,,1,Sieve + Proctoer ,,APPROVED AS NOTED,DONE,3,LOGIC,7,,,
518,Tue,01-09-26,78575,44,Arabco,SOIL,25-08-26,A-1-B,19.60%,,Stockpile,V0-3,,,,,1,Sieve + Proctoer ,,APPROVED AS NOTED,DONE,3,LOGIC,7,,,
519,Tue,01-09-26,78576,44,Arabco 2,PLATE LOAD,25-08-26,,,,Fill,V0-3,VILLA 33,,20.5,,1,,,APPROVED AS NOTED,DONE,3,GLOBAL LAB,7,,,
520,Tue,01-09-26,78577,44,Al Qimam,PLATE LOAD,25-08-26,,,,Fill,V0-3,VILLA 19,,22.1,,1,,,APPROVED AS NOTED,DONE,3,HELIOPOLIS,7,,,
521,Tue,01-09-26,78578,44,Ghali Aziz,PLATE LOAD,25-08-26,,,,Fill,V0-3,BH-3,,19.15,,1,,,APPROVED AS NOTED,DONE,3,GLOBAL LAB,7,,,
522,Tue,01-09-26,78579,44,Al Qimam,PLATE LOAD,25-08-26,,,,Fill,V0-3,VILLA 18,,22.1,,1,,,APPROVED AS NOTED,DONE,3,HELIOPOLIS,7,,,
523,Tue,01-09-26,78580,44,Al Qimam,PLATE LOAD,25-08-26,,,,Fill,V0-3,VILLA 15,,22.1,,1,,,APPROVED AS NOTED,DONE,3,HELIOPOLIS,7,,,
524,Tue,01-09-26,78581,44,Rock,SOIL,25-08-26,A-1-B,21.00%,,Stockpile,V0-3,,,,,1,Sieve + Proctoer ,,APPROVED AS NOTED,DONE,3,LOGIC,7,,,
525,Tue,01-09-26,78582,44,Rock,SOIL,25-08-26,A-1-B,26.00%,,Stockpile,V0-3,,,,,1,Sieve + Proctoer ,,APPROVED AS NOTED,DONE,3,LOGIC,7,,,
526,Tue,01-09-26,78583,44,Al Farook,DPL,24-08-26,,,41.52,Fill,V0-3,VILLA 73,,LAYER-1,,2,,,APPROVED AS NOTED,DONE,4,DR/ OMAR OSMAN,8,,,
527,Tue,01-09-26,78584,44,Al Motamayez,DPL,25-08-26,,,45.83,Fill,V0-3,VILLA 4,,LAYER-8,,3,,,APPROVED AS NOTED,DONE,5,DR/ OMAR OSMAN,7,,,
528,Tue,01-09-26,78585,44,Al Motamayez,DPL,25-08-26,,,49.8,Fill,V0-3,VILLA 5,,LAYER-8,,3,,,APPROVED AS NOTED,DONE,5,DR/ OMAR OSMAN,7,,,
529,Tue,01-09-26,78586,44,HIgh Dam,DPL,25-08-26,,,46.62,Fill,V0-3,VILLA 62,,LAYER-4,,3,,,APPROVED AS NOTED,DONE,5,DR/ OMAR OSMAN,7,,,
530,Tue,01-09-26,78587,44,HIgh Dam,DPL,25-08-26,,,41.53,Fill,V0-3,VILLA 63,,LAYER-4,,2,,,APPROVED AS NOTED,DONE,4,DR/ OMAR OSMAN,7,,,
531,Tue,01-09-26,78588,44,HIgh Dam,DPL,25-08-26,,,39.4,Fill,V0-3,VILLA 64,,LAYER-4,,2,,,APPROVED AS NOTED,DONE,4,DR/ OMAR OSMAN,7,,,
532,Tue,01-09-26,78589,44,HIgh Dam,DPL,25-08-26,,,45.9,Fill,V0-3,BH-12,,LAYER-2,,4,,,APPROVED AS NOTED,DONE,6,DR/ OMAR OSMAN,7,,,
533,Mon,31-08-26,78590,44,Abnaa Oraby,DPL,24-08-26,,,52.05,Fill,V0-3,BH-9',,LAYER-1,,5,,,APPROVED AS NOTED,DONE,7,HELIOPOLIS,7,,,
534,Tue,01-09-26,78591,44,Arabco 2,DPL,24-08-26,,,39.7,Fill,V0-3,BH-5,,LAYER-2,,3,,,APPROVED AS NOTED,DONE,5,HELIOPOLIS,8,,,
535,Mon,31-08-26,78592,44,Al Ehsan,DPL,24-08-26,,,51.78,Fill,V0-3,BH-10,,LAYER-2,,6,,,APPROVED AS NOTED,DONE,8,HELIOPOLIS,7,,,
536,Mon,31-08-26,78593,44,Al Ehsan,DPL,24-08-26,,,40.8,Fill,V0-3,VILLA 40,,LAYER-4,,2,,,APPROVED AS NOTED,DONE,4,HELIOPOLIS,7,,,
537,Mon,31-08-26,78594,44,Al Ehsan,DPL,24-08-26,,,36.56,Fill,V0-3,VILLA 41,,LAYER-4,,2,,,APPROVED AS NOTED,DONE,4,HELIOPOLIS,7,,,
538,Mon,31-08-26,78595,44,Al Ehsan,DPL,24-08-26,,,40.95,Fill,V0-3,VILLA 39,,LAYER-4,,3,,,APPROVED AS NOTED,DONE,5,HELIOPOLIS,7,,,
539,Tue,01-09-26,78596,44,Al Qimam,DPL,24-08-26,,,43.01,Fill,V0-3,VILLA 18,,LAYER-5,,3,,,APPROVED AS NOTED,DONE,5,HELIOPOLIS,8,,,
540,Tue,01-09-26,78597,44,Al Qimam,DPL,24-08-26,,,60.32,Fill,V0-3,BH-2,,LAYER-4,,6,,,APPROVED AS NOTED,DONE,8,HELIOPOLIS,8,,,
541,Tue,01-09-26,78598,44,Al Kifah,DPL,24-08-26,,,44.3,Fill,V0-3,VILLA 20,,LAYER-6,,3,,,APPROVED AS NOTED,DONE,5,HELIOPOLIS,8,,,
542,Tue,01-09-26,78599,44,Al Kifah,DPL,24-08-26,,,49.92,Fill,V0-3,VILLA 21,,LAYER-6,,2,,,APPROVED AS NOTED,DONE,4,HELIOPOLIS,8,,,
543,Tue,01-09-26,78600,44,Al Kifah,DPL,24-08-26,,,49.22,Fill,V0-3,VILLA 22,,LAYER-6,,2,,,APPROVED AS NOTED,DONE,4,HELIOPOLIS,8,,,
544,Tue,01-09-26,78601,44,Al Kifah,DPL,24-08-26,,,45.21,Fill,V0-3,VILLA 23,,LAYER-7,,2,,,APPROVED AS NOTED,DONE,4,HELIOPOLIS,8,,,
545,Tue,01-09-26,78602,44,Rock,DPL,24-08-26,,,42.19,Fill,V0-3,VILLA 57,,LAYER-3,,2,,,APPROVED AS NOTED,DONE,4,HELIOPOLIS,8,,,
546,Tue,01-09-26,78603,44,Rock,DPL,24-08-26,,,48.15,Fill,V0-3,BH-8,,LAYER-2,,16,,,APPROVED AS NOTED,DONE,18,HELIOPOLIS,8,,,
547,Tue,01-09-26,78604,44,Ghali Aziz,DPL,24-08-26,,,41,Fill,V0-3,VILLA 27,,LAYER-1,,2,,,APPROVED AS NOTED,DONE,4,HELIOPOLIS,8,,,
548,Tue,01-09-26,78605,44,Ghali Aziz,DPL,24-08-26,,,42.89,Fill,V0-3,VILLA 28,,LAYER-1,,2,,,APPROVED AS NOTED,DONE,4,HELIOPOLIS,8,,,
549,Tue,01-09-26,78606,44,Ghali Aziz,DPL,24-08-26,,,37.31,Fill,V0-3,VILLA 32,,LAYER-1,,2,,,APPROVED AS NOTED,DONE,4,HELIOPOLIS,8,,,
550,Tue,01-09-26,78607,44,Ghali Aziz,DPL,24-08-26,,,45.87,Fill,V0-3,BH-3,,LAYER-1,,3,,,APPROVED AS NOTED,DONE,5,HELIOPOLIS,8,,,
551,Tue,01-09-26,78608,44,Al Wadi Stone,DPL,24-08-26,,,41.52,Fill,V0-3,BH-9,,LAYER-1,,3,,,APPROVED AS NOTED,DONE,5,HELIOPOLIS,8,,,
552,Tue,01-09-26,78609,44,Al Wadi Stone,DPL,24-08-26,,,41.85,Fill,V0-3,VILLA 51,,LAYER-3,,3,,,APPROVED AS NOTED,DONE,5,HELIOPOLIS,8,,,
553,Mon,31-08-26,78610,44,Al Ehsan,DPL,24-08-26,,,51.61,Fill,V0-3,VILLA 37,,LAYER-3,,2,,,APPROVED AS NOTED,DONE,4,HELIOPOLIS,7,,,
554,Mon,31-08-26,78611,44,Al Ehsan,DPL,24-08-26,,,39.55,Fill,V0-3,VILLA 38,,LAYER-3,,2,,,APPROVED AS NOTED,DONE,4,HELIOPOLIS,7,,,
555,Tue,01-09-26,78612,44,Arabco 2,DPL,24-08-26,,,44.3,Fill,V0-3,VILLA 35,,LAYER-1,,3,,,APPROVED AS NOTED,DONE,5,HELIOPOLIS,8,,,
556,Mon,31-08-26,78613,44,Abnaa Oraby,DPL,24-08-26,,,38.53,Fill,V0-3,VILLA 56,,LAYER-4,,2,,,APPROVED AS NOTED,DONE,4,HELIOPOLIS,7,,,
557,Mon,31-08-26,78614,44,Abnaa Oraby,DPL,24-08-26,,,40.8,Fill,V0-3,VILLA 55,,LAYER-3,,2,,,APPROVED AS NOTED,DONE,4,HELIOPOLIS,7,,,
558,Tue,01-09-26,78615,44,Hosny Mubarak,PLATE LOAD,26-08-26,,,,Fill,V0-3,BH-4,,21.9,,1,,,APPROVED AS NOTED,DONE,3,HELIOPOLIS,6,,,
559,Tue,01-09-26,78616,44,Al Qimam,PLATE LOAD,26-08-26,,,,Fill,V0-3,VILLA 14,,22.1,,1,,,APPROVED AS NOTED,DONE,3,GLOBAL LAB,6,,,
560,Thu,03-09-26,78617,44,Al Masria 2,SOIL,26-08-26,A-1-B,24.20%,,Stockpile,V0-3,,,,,1,Sieve + Proctoer ,,APPROVED AS NOTED,DONE,3,LOGIC,8,,,
561,Mon,31-08-26,78618,44,Al Ehsan,SOIL,26-08-26,A-1-B,21.80%,,Stockpile,V0-3,,,,,1,Sieve + Proctoer ,,APPROVED AS NOTED,DONE,3,LOGIC,5,,,
562,Mon,31-08-26,78619,44,Al Ehsan,SOIL,26-08-26,A-1-B,14.00%,,Stockpile,V0-3,,,,,1,Sieve + Proctoer ,,APPROVED AS NOTED,DONE,3,LOGIC,5,,,
563,Tue,01-09-26,78620,44,Al Kifah,SOIL,26-08-26,A-1-B,17.00%,,Stockpile,V0-3,,,,,1,Sieve + Proctoer ,,APPROVED AS NOTED,DONE,3,LOGIC,6,,,
564,Tue,01-09-26,78621,44,Al Kifah,SOIL,26-08-26,A-1-B,13.80%,,Stockpile,V0-3,,,,,1,Sieve + Proctoer ,,APPROVED AS NOTED,DONE,3,LOGIC,6,,,
565,Tue,01-09-26,78622,44,Hosny Mubarak,SOIL,26-08-26,A-4,48.80%,,Natural Ground,V0-3,BH-23,,,,1,Sieve analysis,,APPROVED AS NOTED,DONE,3,CEL,6,,,
566,Tue,01-09-26,78623,44,Hosny Mubarak,PLATE LOAD,26-08-26,,,,Fill,V0-3,BH-23,,19,,1,,,APPROVED AS NOTED,DONE,3,HELIOPOLIS,6,,,
567,Tue,01-09-26,78624,44,Hosny Mubarak,SOIL,26-08-26,A-4,49.00%,,Natural Ground,V0-3,RD-23,,,,1,Sieve analysis,,APPROVED AS NOTED,DONE,3,CEL,6,,,
568,Mon,31-08-26,78625,44,Abnaa Hetler,PLATE LOAD,26-08-26,,,,Fill,V0-3,BH-11,,19.65,,1,,,APPROVED AS NOTED,DONE,3,HELIOPOLIS,5,,,
569,Tue,01-09-26,78626,44,Al Motamayez,PLATE LOAD,26-08-26,,,,Fill,V0-3,BH-7,,21,,1,,,APPROVED AS NOTED,DONE,3,HELIOPOLIS,6,,,
570,Mon,31-08-26,78627,44,Al Alamiaa,SOIL,26-08-26,A-1-B,21.20%,,Stockpile,V0-3,,,,,2,Sieve + Proctoer ,,APPROVED AS NOTED,DONE,5,CEL,5,,,
571,Tue,01-09-26,78628,44,Hosny Mubarak,DPL,26-08-26,,,38.41,Fill,V0-3,VILLA 145,,LAYER-1,,2,,,APPROVED AS NOTED,DONE,4,DR/ OMAR OSMAN,6,,,
572,Tue,01-09-26,78629,44,Hosny Mubarak,DPL,26-08-26,,,53.05,Fill,V0-3,VILLA 146,,LAYER-1,,2,,,APPROVED AS NOTED,DONE,4,DR/ OMAR OSMAN,6,,,
573,Mon,31-08-26,78630,44,Abnaa Hetler,DPL,26-08-26,,,41.27,Fill,V0-3,BH-11,,LAYER-5,,16,,,APPROVED AS NOTED,DONE,18,DR/ OMAR OSMAN,5,,,
574,Mon,31-08-26,78631,44,Al Alamiaa,DPL,26-08-26,,,39.2,Fill,V0-3,VILLA 94,,LAYER-1,,2,,,APPROVED AS NOTED,DONE,4,DR/ OMAR OSMAN,5,,,
575,Mon,31-08-26,78632,44,Al Alamiaa,DPL,26-08-26,,,40.03,Fill,V0-3,VILLA 95,,LAYER-1,,2,,,APPROVED AS NOTED,DONE,4,DR/ OMAR OSMAN,5,,,
576,Tue,01-09-26,78633,44,Al Farook,DPL,26-08-26,,,36.65,Fill,V0-3,VILLA 72,,LAYER-1,,2,,,APPROVED AS NOTED,DONE,4,DR/ OMAR OSMAN,6,,,
577,Tue,01-09-26,78634,44,Al Farook,DPL,26-08-26,,,36.65,Fill,V0-3,VILLA 73,,LAYER-2,,2,,,APPROVED AS NOTED,DONE,4,DR/ OMAR OSMAN,6,,,
578,Thu,03-09-26,78635,44,Al Masria 2,SOIL,27-08-26,A-1-B,26.40%,,Stockpile,V0-3,,,,,1,Sieve + Proctoer ,,APPROVED AS NOTED,DONE,3,LOGIC,7,,,
579,Tue,01-09-26,78636,44,Hosny Mubarak,SOIL,27-08-26,A-1-B,16.60%,,Stockpile,V0-3,,,,,1,Sieve + Proctoer ,,APPROVED AS NOTED,DONE,3,LOGIC,5,,,
580,Thu,03-09-26,78637,44,Al Masria 2,SOIL,27-08-26,A-2-4,30.60%,,Bottom of excavation,V0-3,VILLA 108,,,,1,Sieve analysis,,APPROVED AS NOTED,DONE,2,LOGIC,7,,,
581,Tue,01-09-26,78638,44,Al Kifah,PLATE LOAD,27-08-26,,,,Fill,V0-3,BH-1,,22.5,,1,,,APPROVED AS NOTED,DONE,3,HELIOPOLIS,5,,,
582,Tue,01-09-26,78639,44,Arabco,PLATE LOAD,27-08-26,,,,Fill,V0-3,BH-6,,21.65,,1,,,APPROVED AS NOTED,DONE,3,GLOBAL LAB,5,,,
583,Mon,31-08-26,78640,44,Al Ehsan,PLATE LOAD,27-08-26,,,,Fill,V0-3,VILLA 37,,20.4,,1,,,APPROVED AS NOTED,DONE,3,GLOBAL LAB,4,,,
584,Tue,01-09-26,78641,44,Al Farook,DPL,27-08-26,,,39.21,Fill,V0-3,VILLA 74,,LAYER-1,,3,,,APPROVED AS NOTED,DONE,5,DR/ OMAR OSMAN,5,,,
585,Tue,01-09-26,78642,44,Al Motamayez,DPL,27-08-26,,,47.57,Fill,V0-3,VILLA 4,,LAYER-9,,5,,,APPROVED AS NOTED,DONE,7,DR/ OMAR OSMAN,5,,,
586,Tue,01-09-26,78643,44,HIgh Dam,DPL,27-08-26,,,39.29,Fill,V0-3,RD-12,,LAYER-1,,2,,,APPROVED AS NOTED,DONE,4,DR/ OMAR OSMAN,5,,,
587,Tue,01-09-26,78644,44,HIgh Dam,DPL,27-08-26,,,43.08,Fill,V0-3,VILLA 61,,LAYER-5,,2,,,APPROVED AS NOTED,DONE,4,DR/ OMAR OSMAN,5,,,
588,Tue,01-09-26,78645,44,HIgh Dam,DPL,27-08-26,,,48.42,Fill,V0-3,VILLA 62,,LAYER-5,,2,,,APPROVED AS NOTED,DONE,4,DR/ OMAR OSMAN,5,,,
589,Tue,01-09-26,78646,44,HIgh Dam,DPL,27-08-26,,,50.11,Fill,V0-3,VILLA 64,,LAYER-5,,2,,,APPROVED AS NOTED,DONE,4,DR/ OMAR OSMAN,5,,,
590,Tue,01-09-26,78647,44,Hosny Mubarak,DPL,27-08-26,,,33.04,Fill,V0-3,BH-23,,LAYER-1,,4,,,APPROVED AS NOTED,DONE,6,DR/ OMAR OSMAN,5,,,
591,Tue,01-09-26,78648,44,Hosny Mubarak,DPL,27-08-26,,,44.58,Fill,V0-3,VILLA 145,,LAYER-2,,4,,,APPROVED AS NOTED,DONE,6,DR/ OMAR OSMAN,5,,,
592,Tue,01-09-26,78649,44,Hosny Mubarak,DPL,27-08-26,,,49.34,Fill,V0-3,VILLA 146,,LAYER-2,,4,,,APPROVED AS NOTED,DONE,6,DR/ OMAR OSMAN,5,,,
593,Tue,01-09-26,78650,44,Target,DPL,27-08-26,,,44.83,Fill,V0-3,VILLA 81,,LAYER-1,,2,,,APPROVED AS NOTED,DONE,4,DR/ OMAR OSMAN,5,,,
594,Tue,01-09-26,78651,44,Target,DPL,27-08-26,,,34.1,Fill,V0-3,VILLA 84,,LAYER-1,,3,,,APPROVED AS NOTED,DONE,5,DR/ OMAR OSMAN,5,,,
595,Mon,31-08-26,78652,44,Abnaa Oraby,DPL,26-08-26,,,38.27,Fill,V0-3,VILLA 52,,LAYER-4,,2,,,APPROVED AS NOTED,DONE,4,HELIOPOLIS,5,,,
596,Mon,31-08-26,78653,44,Abnaa Oraby,DPL,26-08-26,,,45.34,Fill,V0-3,VILLA 53,,LAYER-4,,2,,,APPROVED AS NOTED,DONE,4,HELIOPOLIS,5,,,
597,Tue,01-09-26,78654,44,Arabco 2,DPL,26-08-26,,,56.53,Fill,V0-3,VILLA 33,,LAYER-5,,3,,,APPROVED AS NOTED,DONE,5,HELIOPOLIS,6,,,
598,Tue,01-09-26,78655,44,Arabco 2,DPL,26-08-26,,,50.33,Fill,V0-3,VILLA 34,,LAYER-6,,3,,,APPROVED AS NOTED,DONE,5,HELIOPOLIS,6,,,
599,Tue,01-09-26,78656,44,Arabco 2,DPL,26-08-26,,,39.68,Fill,V0-3,VILLA 35,,LAYER-2,,3,,,APPROVED AS NOTED,DONE,5,HELIOPOLIS,6,,,
600,Tue,01-09-26,78657,44,Arabco,DPL,26-08-26,,,38.87,Fill,V0-3,BH-6,,LAYER-4,,5,,,APPROVED AS NOTED,DONE,7,HELIOPOLIS,6,,,
601,Mon,31-08-26,78658,44,Al Ehsan,DPL,26-08-26,,,57.59,Fill,V0-3,VILLA 37,,LAYER-4,,2,,,APPROVED AS NOTED,DONE,4,HELIOPOLIS,5,,,
602,Mon,31-08-26,78659,44,Al Ehsan,DPL,26-08-26,,,53.45,Fill,V0-3,VILLA 38,,LAYER-4,,2,,,APPROVED AS NOTED,DONE,4,HELIOPOLIS,5,,,
603,Tue,01-09-26,78660,44,Al Kifah,DPL,26-08-26,,,43.25,Fill,V0-3,BH-1,,LAYER-6,,5,,,APPROVED AS NOTED,DONE,7,HELIOPOLIS,6,,,
604,Tue,01-09-26,78661,44,Al Kifah,DPL,26-08-26,,,44.92,Fill,V0-3,VILLA 24,,LAYER-8,,2,,,APPROVED AS NOTED,DONE,4,HELIOPOLIS,6,,,
605,Tue,01-09-26,78662,44,Al Kifah,DPL,26-08-26,,,47.39,Fill,V0-3,VILLA 25,,LAYER-8,,2,,,APPROVED AS NOTED,DONE,4,HELIOPOLIS,6,,,
606,Tue,01-09-26,78663,44,Al Kifah,DPL,26-08-26,,,41.99,Fill,V0-3,VILLA 26,,LAYER-8,,2,,,APPROVED AS NOTED,DONE,4,HELIOPOLIS,6,,,
607,Tue,01-09-26,78664,44,Hosny Mubarak,DPL,26-08-26,,,48.42,Fill,V0-3,BH-4,,LAYER-5,,6,,,APPROVED AS NOTED,DONE,8,HELIOPOLIS,6,,,
608,Tue,01-09-26,78665,44,Rock,DPL,26-08-26,,,52.75,Fill,V0-3,VILLA 57,,LAYER-4,,2,,,APPROVED AS NOTED,DONE,4,HELIOPOLIS,6,,,
609,Tue,01-09-26,78666,44,Rock,DPL,26-08-26,,,48.06,Fill,V0-3,VILLA 58,,LAYER-4,,2,,,APPROVED AS NOTED,DONE,4,HELIOPOLIS,6,,,
610,Tue,01-09-26,78667,44,Rock,DPL,26-08-26,,,47.58,Fill,V0-3,VILLA 59,,LAYER-4,,2,,,APPROVED AS NOTED,DONE,4,HELIOPOLIS,6,,,
611,Tue,01-09-26,78668,44,Rock,DPL,26-08-26,,,43.29,Fill,V0-3,VILLA 60,,LAYER-4,,2,,,APPROVED AS NOTED,DONE,4,HELIOPOLIS,6,,,
612,Tue,01-09-26,78669,44,Al Wadi Stone,DPL,26-08-26,,,65.51,Fill,V0-3,VILLA 49,,LAYER-4,,2,,,APPROVED AS NOTED,DONE,4,HELIOPOLIS,6,,,
613,Tue,01-09-26,78670,44,Al Wadi Stone,DPL,26-08-26,,,40.8,Fill,V0-3,VILLA 50,,LAYER-4,,2,,,APPROVED AS NOTED,DONE,4,HELIOPOLIS,6,,,
614,Tue,01-09-26,78671,44,Al Wadi Stone,DPL,26-08-26,,,40.99,Fill,V0-3,VILLA 45,,LAYER-3,,2,,,APPROVED AS NOTED,DONE,4,HELIOPOLIS,6,,,
615,Tue,01-09-26,78672,44,Al Wadi Stone,DPL,26-08-26,,,40.65,Fill,V0-3,VILLA 46,,LAYER-3,,2,,,APPROVED AS NOTED,DONE,4,HELIOPOLIS,6,,,
616,Tue,01-09-26,78673,44,Al Wadi Stone,DPL,26-08-26,,,42.25,Fill,V0-3,VILLA 47,,LAYER-3,,2,,,APPROVED AS NOTED,DONE,4,HELIOPOLIS,6,,,
617,Tue,01-09-26,78674,44,Al Wadi Stone,DPL,26-08-26,,,40.36,Fill,V0-3,VILLA 48,,LAYER-4,,2,,,APPROVED AS NOTED,DONE,4,HELIOPOLIS,6,,,
618,Mon,31-08-26,78675,44,Abnaa Hetler,PLATE LOAD,27-08-26,,,,Fill,V0-3,BH-11,,19.65,,1,,,APPROVED AS NOTED,DONE,3,GLOBAL LAB,4,,,
619,Tue,01-09-26,78676,44,HIgh Dam,SOIL,27-08-26,A-6,66.40%,,Natural Ground,V0-3,BH-13A,,,,1,Sieve analysis,,APPROVED AS NOTED,DONE,3,CEL,5,,,
620,Tue,01-09-26,78677,44,HIgh Dam,SOIL,27-08-26,A-6,66.60%,,Natural Ground,V0-3,BH13B,,,,1,Sieve analysis,,APPROVED AS NOTED,DONE,3,CEL,5,,,
621,Tue,01-09-26,78678,44,Target,SOIL,27-08-26,A-1-B,4.40%,,Stockpile,V0-3,,,,,1,Sieve + Proctoer ,,APPROVED AS NOTED,DONE,4,CEL,5,,,
622,Tue,01-09-26,78679,44,AL MOSTKBL,SOIL,27-08-26,A-6,86.60%,,Natural Ground,V0-3,VILLA 66,,,,1,Sieve analysis,,APPROVED AS NOTED,DONE,3,CEL,5,,,
623,Tue,01-09-26,78680,44,AL MOSTKBL,SOIL,27-08-26,A-6,78.60%,,Natural Ground,V0-3,VILLA 70,,,,1,Sieve analysis,,APPROVED AS NOTED,DONE,3,CEL,5,,,
624,Tue,01-09-26,78681,44,AL MOSTKBL,SOIL,27-08-26,A-6,81.60%,,Natural Ground,V0-3,VILLA 68,,,,1,Sieve analysis,,APPROVED AS NOTED,DONE,3,CEL,5,,,
625,Tue,01-09-26,78682,44,AL MOSTKBL,SOIL,27-08-26,A-6,85.60%,,Natural Ground,V0-3,VILLA 69,,,,1,Sieve analysis,,APPROVED AS NOTED,DONE,3,CEL,5,,,
626,Tue,01-09-26,78683,44,AL MOSTKBL,SOIL,27-08-26,A-6,78.60%,,Natural Ground,V0-3,VILLA 67,,,,1,Sieve analysis,,APPROVED AS NOTED,DONE,3,CEL,5,,,
627,Tue,01-09-26,78684,44,Hosny Mubarak,SOIL,27-08-26,A-1-B,15.80%,,Stockpile,V0-3,,,,,1,Sieve + Proctoer ,,APPROVED AS NOTED,DONE,4,CEL,5,,,
628,Tue,01-09-26,78685,44,Arabco 2,DPL,27-08-26,,,51.35,Fill,V0-3,VILLA 35,,LAYER-3,,3,,,APPROVED AS NOTED,DONE,5,HELIOPOLIS,5,,,
629,Tue,01-09-26,78686,44,Arabco 2,DPL,27-08-26,,,39.04,Fill,V0-3,BH-5,,LAYER-3,,5,,,APPROVED AS NOTED,DONE,7,HELIOPOLIS,5,,,
630,Tue,01-09-26,78687,44,Arabco,DPL,27-08-26,,,44.85,Fill,V0-3,BH-6,,LAYER-5,,5,,,APPROVED AS NOTED,DONE,7,HELIOPOLIS,5,,,
631,Mon,31-08-26,78688,44,Al Ehsan,DPL,26-08-26,,,41.14,Fill,V0-3,VILLA 42,,LAYER-4,,2,,,APPROVED AS NOTED,DONE,4,HELIOPOLIS,5,,,
632,Mon,31-08-26,78689,44,Al Ehsan,DPL,26-08-26,,,41.14,Fill,V0-3,VILLA 43,,LAYER-4,,2,,,APPROVED AS NOTED,DONE,4,HELIOPOLIS,5,,,
633,Mon,31-08-26,78690,44,Al Ehsan,DPL,27-08-26,,,48.72,Fill,V0-3,VILLA 44,,LAYER-4,,3,,,APPROVED AS NOTED,DONE,5,HELIOPOLIS,4,,,
634,Tue,01-09-26,78691,44,Al Qimam,DPL,27-08-26,,,47.88,Fill,V0-3,VILLA 17,,LAYER-6,,2,,,APPROVED AS NOTED,DONE,4,HELIOPOLIS,5,,,
635,Tue,01-09-26,78692,44,Al Qimam,DPL,26-08-26,,,38.14,Fill,V0-3,VILLA 18,,LAYER-6,,3,,,APPROVED AS NOTED,DONE,5,HELIOPOLIS,6,,,
636,Tue,01-09-26,78693,44,Al Qimam,DPL,26-08-26,,,37.81,Fill,V0-3,VILLA 19,,LAYER-6,,3,,,APPROVED AS NOTED,DONE,5,HELIOPOLIS,6,,,
637,Tue,01-09-26,78694,44,Al Qimam,DPL,27-08-26,,,46.27,Fill,V0-3,BH-2,,LAYER-5,,6,,,APPROVED AS NOTED,DONE,8,HELIOPOLIS,5,,,
638,Tue,01-09-26,78695,44,Al Qimam,DPL,27-08-26,,,29.19,Fill,V0-3,VILLA 15,,LAYER-6,,3,,,APPROVED AS NOTED,DONE,5,HELIOPOLIS,5,,,
639,Tue,01-09-26,78696,44,Al Qimam,DPL,27-08-26,,,43.43,Fill,V0-3,VILLA 16,,LAYER-6,,2,,,APPROVED AS NOTED,DONE,4,HELIOPOLIS,5,,,
640,Tue,01-09-26,78697,44,Al Kifah,DPL,26-08-26,,,41.27,Fill,V0-3,BH-1,,LAYER-7,,5,,,APPROVED AS NOTED,DONE,7,HELIOPOLIS,6,,,
641,Tue,01-09-26,78698,44,Al Kifah,DPL,27-08-26,,,43.25,Fill,V0-3,VILLA 20,,LAYER-7,,3,,,APPROVED AS NOTED,DONE,5,HELIOPOLIS,5,,,
642,Tue,01-09-26,78699,44,Al Kifah,DPL,26-08-26,,,43.7,Fill,V0-3,VILLA 21,,LAYER-7,,2,,,APPROVED AS NOTED,DONE,4,HELIOPOLIS,6,,,
643,Tue,01-09-26,78700,44,Al Kifah,DPL,27-08-26,,,39.68,Fill,V0-3,VILLA 22,,LAYER-7,,2,,,APPROVED AS NOTED,DONE,4,HELIOPOLIS,5,,,
644,Tue,01-09-26,78701,44,Al Kifah,DPL,27-08-26,,,38.87,Fill,V0-3,VILLA 23,,LAYER-8,,2,,,APPROVED AS NOTED,DONE,4,HELIOPOLIS,5,,,
645,Thu,03-09-26,78702,44,Al Masria 1,DPL,27-08-26,,,42.71,Fill,V0-3,VILLA 99,,LAYER-1,,2,,,APPROVED AS NOTED,DONE,4,HELIOPOLIS,7,,,
646,Thu,03-09-26,78703,44,Al Masria 1,DPL,27-08-26,,,44.12,Fill,V0-3,VILLA 100,,LAYER-1,,2,,,APPROVED AS NOTED,DONE,4,HELIOPOLIS,7,,,
647,Tue,01-09-26,78704,44,Hosny Mubarak,DPL,27-08-26,,,56.77,Fill,V0-3,BH-4,,LAYER-6,,6,,,APPROVED AS NOTED,DONE,8,HELIOPOLIS,5,,,
648,Tue,01-09-26,78705,44,Rock,DPL,27-08-26,,,49.72,Fill,V0-3,BH-8,,LAYER-3,,15,,,APPROVED AS NOTED,DONE,17,HELIOPOLIS,5,,,
649,Tue,01-09-26,78706,44,Ghali Aziz,DPL,27-08-26,,,36.29,Fill,V0-3,VILLA 28,,LAYER-2,,2,,,APPROVED AS NOTED,DONE,4,HELIOPOLIS,5,,,
650,Tue,01-09-26,78707,44,Ghali Aziz,DPL,27-08-26,,,40.73,Fill,V0-3,VILLA 27,,LAYER-2,,2,,,APPROVED AS NOTED,DONE,4,HELIOPOLIS,5,,,
651,Tue,01-09-26,78708,44,Ghali Aziz,DPL,27-08-26,,,48.42,Fill,V0-3,BH-3,,LAYER-2,,11,,,APPROVED AS NOTED,DONE,13,HELIOPOLIS,5,,,
652,Tue,01-09-26,78709,44,Ghali Aziz,DPL,27-08-26,,,52.89,Fill,V0-3,VILLA 31          ,,LAYER-1,,2,,,APPROVED AS NOTED,DONE,4,HELIOPOLIS,5,,,
653,Tue,01-09-26,78710,44,Al Wadi Stone,DPL,27-08-26,,,39.91,Fill,V0-3,BH-9,,LAYER-2,,4,,,APPROVED AS NOTED,DONE,6,HELIOPOLIS,5,,,
654,Tue,01-09-26,78711,44,Al Wadi Stone,DPL,26-08-26,,,44.22,Fill,V0-3,VILLA 51,,LAYER-4,,2,,,APPROVED AS NOTED,DONE,4,HELIOPOLIS,6,,,
655,Tue,01-09-26,78712,44,Arabco 2,DPL,27-08-26,,,46.65,Fill,V0-3,VILLA 35,,LAYER-4,,3,,,APPROVED AS NOTED,DONE,5,HELIOPOLIS,5,,,
656,Tue,01-09-26,78713,44,Arabco 2,DPL,27-08-26,,,46.62,Fill,V0-3,VILLA 36,,LAYER-1,,3,,,APPROVED AS NOTED,DONE,5,HELIOPOLIS,5,,,
657,Tue,01-09-26,78714,44,Hosny Mubarak,DPL,27-08-26,,,47.24,Fill,V0-3,BH-4,,LAYER-7,,6,,,APPROVED AS NOTED,DONE,8,HELIOPOLIS,5,,,
658,Tue,01-09-26,78715,44,Al Qimam,DPL,27-08-26,,,39.93,Fill,V0-3,VILLA 14,,LAYER-6,,2,,,APPROVED AS NOTED,DONE,4,HELIOPOLIS,5,,,
659,Mon,31-08-26,78716,44,Al Ehsan,DPL,27-08-26,,,44.69,Fill,V0-3,VILLA 37,,LAYER-5,,2,,,APPROVED AS NOTED,DONE,4,HELIOPOLIS,4,,,
660,Mon,31-08-26,78717,44,Al Ehsan,DPL,27-08-26,,,52.89,Fill,V0-3,VILLA 38,,LAYER-5,,2,,,APPROVED AS NOTED,DONE,4,HELIOPOLIS,4,,,
661,Mon,31-08-26,78718,44,Al Ehsan,DPL,27-08-26,,,48.98,Fill,V0-3,BH-10,,LAYER-3,,6,,,APPROVED AS NOTED,DONE,8,HELIOPOLIS,4,,,
662,Tue,01-09-26,78719,44,Rock,DPL,27-08-26,,,47.83,Fill,V0-3,VILLA 58,,LAYER-5,,2,,,APPROVED AS NOTED,DONE,4,HELIOPOLIS,5,,,
663,Tue,01-09-26,78720,44,Rock,DPL,27-08-26,,,43.77,Fill,V0-3,VILLA 59,,LAYER-5,,2,,,APPROVED AS NOTED,DONE,4,HELIOPOLIS,5,,,
664,Tue,01-09-26,78721,44,HIgh Dam,DPL,28-08-26,,,46.47,Fill,V0-3,VILLA 63,,LAYER-5,,2,,,APPROVED AS NOTED,DONE,4,DR/ OMAR OSMAN,4,,,
665,Tue,01-09-26,78722,44,HIgh Dam,DPL,28-08-26,,,42.9,Fill,V0-3,BH-12,,LAYER-4,,5,,,APPROVED AS NOTED,DONE,7,DR/ OMAR OSMAN,4,,,
666,Tue,01-09-26,78723,44,Hosny Mubarak,DPL,28-08-26,,,49.34,Fill,V0-3,VILLA 145,,LAYER-3,,3,,,APPROVED AS NOTED,DONE,5,DR/ OMAR OSMAN,4,,,
667,Tue,01-09-26,78724,44,Hosny Mubarak,DPL,28-08-26,,,44.9,Fill,V0-3,VILLA 146,,LAYER-3,,3,,,APPROVED AS NOTED,DONE,5,DR/ OMAR OSMAN,4,,,
668,Tue,01-09-26,78725,44,HIgh Dam,DPL,28-08-26,,,46.81,Fill,V0-3,BH-13A,,LAYER-1,,4,,,APPROVED AS NOTED,DONE,6,DR/ OMAR OSMAN,4,,,
669,Tue,01-09-26,78726,44,HIgh Dam,DPL,28-08-26,,,44.92,Fill,V0-3,BH-13B,,LAYER-1,,2,,,APPROVED AS NOTED,DONE,4,DR/ OMAR OSMAN,4,,,
670,Tue,01-09-26,78727,44,HIgh Dam,DPL,26-08-26,,,40.31,Fill,V0-3,VILLA 61,,LAYER-4,,2,,,APPROVED AS NOTED,DONE,4,DR/ OMAR OSMAN,6,,,
671,Mon,31-08-26,78728,44,Al Alamiaa,DPL,29-08-26,,,39.43,Fill,V0-3,VILLA 92,,LAYER-1,,3,,,APPROVED AS NOTED,DONE,5,DR/ OMAR OSMAN,2,,,
672,Tue,01-09-26,78729,44,Hosny Mubarak,DPL,29-08-26,,,48.18,Fill,V0-3,VILLA 146,,LAYER-4,,3,,,APPROVED AS NOTED,DONE,5,DR/ OMAR OSMAN,3,,,
673,Tue,01-09-26,78730,44,Hosny Mubarak,DPL,29-08-26,,,49.09,Fill,V0-3,VILLA 147,,LAYER-1,,3,,,APPROVED AS NOTED,DONE,5,DR/ OMAR OSMAN,3,,,
674,Tue,01-09-26,78731,44,Hosny Mubarak,DPL,29-08-26,,,36.87,Fill,V0-3,RD-23,,LAYER-1,,4,,,APPROVED AS NOTED,DONE,6,DR/ OMAR OSMAN,3,,,
675,Tue,01-09-26,78732,44,Al Motamayez,DPL,29-08-26,,,39.35,Fill,V0-3,VILLA 3,,LAYER-9,,3,,,APPROVED AS NOTED,DONE,4,DR/ OMAR OSMAN,3,,,
676,Mon,31-08-26,78733,44,Abnaa Hetler,DPL,29-08-26,,,46.4,Fill,V0-3,BH-11',,LAYER-6,,12,,,APPROVED AS NOTED,DONE,14,DR/ OMAR OSMAN,2,,,
677,Tue,01-09-26,78734,44,Al Farook,DPL,29-08-26,,,48.39,Fill,V0-3,VILLA 71,,LAYER-3,,3,,,APPROVED AS NOTED,DONE,5,DR/ OMAR OSMAN,3,,,
678,Tue,01-09-26,78735,44,HIgh Dam,PLATE LOAD,29-08-26,,,,Fill,V0-3,BH-13 C,,17.4,,1,,,APPROVED AS NOTED,DONE,3,HELIOPOLIS,3,,,
679,Tue,01-09-26,78736,44,HIgh Dam,PLATE LOAD,29-08-26,,,,Fill,V0-3,VILLA 64,,18.5,,1,,,APPROVED AS NOTED,DONE,3,HELIOPOLIS,3,,,
680,Tue,01-09-26,78737,44,HIgh Dam,PLATE LOAD,28-08-26,,,,Fill,V0-3,VILLA 62,,18.9,,1,,,APPROVED AS NOTED,DONE,3,GLOBAL LAB,4,,,
681,Tue,01-09-26,78738,44,HIgh Dam,PLATE LOAD,28-08-26,,,,Fill,V0-3,VILLA 61,,18.9,,1,,,APPROVED AS NOTED,DONE,3,GLOBAL LAB,4,,,
682,Tue,01-09-26,78739,44,HIgh Dam,PLATE LOAD,28-08-26,,,,Fill,V0-3,BH-13B,,17.2,,1,,,APPROVED AS NOTED,DONE,3,HELIOPOLIS,4,,,
683,Tue,01-09-26,78740,44,HIgh Dam,PLATE LOAD,28-08-26,,,,Fill,V0-3,BH-13A,,17.25,,1,,,APPROVED AS NOTED,DONE,3,HELIOPOLIS,4,,,
684,Tue,01-09-26,78741,44,HIgh Dam,PLATE LOAD,28-08-26,,,,Fill,V0-3,BH-12,,18.9,,1,,,APPROVED AS NOTED,DONE,3,HELIOPOLIS,4,,,
685,Tue,01-09-26,78742,44,HIgh Dam,PLATE LOAD,28-08-26,,,,Fill,V0-3,VILLA 63,,18.9,,1,,,APPROVED AS NOTED,DONE,3,HELIOPOLIS,4,,,
686,Tue,01-09-26,78743,44,HIgh Dam,SOIL,28-08-26,A-6,72.40%,,Natural Ground,V0-3,BH-13 C,,,,1,Sieve analysis,,APPROVED AS NOTED,DONE,3,CEL,4,,,
687,Tue,01-09-26,78744,44,HIgh Dam,SOIL,28-08-26,A-6,73.60%,,Natural Ground,V0-3,BH-13 C,,,,1,Sieve analysis,,APPROVED AS NOTED,DONE,3,CEL,4,,,
688,Thu,03-09-26,78745,44,Al Masria 1,SOIL,29-08-26,A-1-B,14.00%,,Stockpile,V0-3,,,,,1,Sieve + Proctoer ,,APPROVED AS NOTED,DONE,3,LOGIC,5,,,
689,Tue,01-09-26,78746,44,Arabco 2,SOIL,29-08-26,A-1-B,23.60%,,Stockpile,V0-3,,,,,1,Sieve + Proctoer ,,APPROVED AS NOTED,DONE,3,LOGIC,3,,,
690,Tue,01-09-26,78747,44,Al Qimam,SOIL,29-08-26,A-1-B,19.20%,,Stockpile,V0-3,,,,,1,Sieve + Proctoer ,,APPROVED AS NOTED,DONE,3,LOGIC,3,,,
691,Mon,31-08-26,78748,44,Abnaa Oraby,SOIL,29-08-26,A-1-B,16.00%,,Stockpile,V0-3,,,,,1,Sieve + Proctoer ,,APPROVED AS NOTED,DONE,3,LOGIC,2,,,
692,Mon,31-08-26,78749,44,Al Ehsan,PLATE LOAD,29-08-26,,,,Fill,V0-3,VILLA 38,,20.4,,1,,,APPROVED AS NOTED,DONE,3,GLOBAL LAB,2,,,
693,Mon,31-08-26,78750,44,Abnaa Oraby,DPL,29-08-26,,,41.79,Fill,V0-3,BH-9',,LAYER-2,,5,,,APPROVED AS NOTED,DONE,7,HELIOPOLIS,2,,,
694,Mon,31-08-26,78751,44,Abnaa Oraby,DPL,29-08-26,,,56.89,Fill,V0-3,VILLA 54,,LAYER-4,,2,,,APPROVED AS NOTED,DONE,4,HELIOPOLIS,2,,,
695,Mon,31-08-26,78752,44,Abnaa Oraby,DPL,29-08-26,,,55.67,Fill,V0-3,VILLA 55,,LAYER-4,,2,,,APPROVED AS NOTED,DONE,4,HELIOPOLIS,2,,,
696,Mon,31-08-26,78753,44,Abnaa Oraby,DPL,29-08-26,,,41.83,Fill,V0-3,VILLA 56,,LAYER-5,,2,,,APPROVED AS NOTED,DONE,4,HELIOPOLIS,2,,,
697,Tue,01-09-26,78754,44,Arabco 2,DPL,29-08-26,,,48.39,Fill,V0-3,BH-5,,LAYER-4,,5,,,APPROVED AS NOTED,DONE,7,HELIOPOLIS,3,,,
698,Tue,01-09-26,78755,44,Arabco 2,DPL,29-08-26,,,46.23,Fill,V0-3,VILLA 36,,LAYER-2,,2,,,APPROVED AS NOTED,DONE,4,HELIOPOLIS,3,,,
699,Tue,01-09-26,78756,44,Al Qimam,DPL,29-08-26,,,45.51,Fill,V0-3,BH-2,,LAYER-6,,6,,,APPROVED AS NOTED,DONE,8,HELIOPOLIS,3,,,
700,Tue,01-09-26,78757,44,Al Qimam,DPL,29-08-26,,,48.21,Fill,V0-3,VILLA 17,,LAYER-7,,2,,,APPROVED AS NOTED,DONE,4,HELIOPOLIS,3,,,
701,Tue,01-09-26,78758,44,Al Qimam,DPL,29-08-26,,,38.65,Fill,V0-3,VILLA 18,,LAYER-7,,3,,,APPROVED AS NOTED,DONE,5,HELIOPOLIS,3,,,
702,Tue,01-09-26,78759,44,Al Qimam,DPL,29-08-26,,,38,Fill,V0-3,VILLA 19,,LAYER-7,,3,,,APPROVED AS NOTED,DONE,5,HELIOPOLIS,3,,,
703,Tue,01-09-26,78760,44,Al Kifah,DPL,29-08-26,,,39.65,Fill,V0-3,VILLA 24,,LAYER-9,,2,,,APPROVED AS NOTED,DONE,4,HELIOPOLIS,3,,,
704,Tue,01-09-26,78761,44,Al Kifah,DPL,29-08-26,,,38.64,Fill,V0-3,VILLA 25,,LAYER-9,,2,,,APPROVED AS NOTED,DONE,4,HELIOPOLIS,3,,,
705,Tue,01-09-26,78762,44,Al Kifah,DPL,29-08-26,,,36.87,Fill,V0-3,VILLA 26,,LAYER-9,,2,,,APPROVED AS NOTED,DONE,4,HELIOPOLIS,3,,,
706,Tue,01-09-26,78763,44,Al Kifah,DPL,29-08-26,,,44.09,Fill,V0-3,RD-1,,LAYER-1,,3,,,APPROVED AS NOTED,DONE,5,HELIOPOLIS,3,,,
707,Thu,03-09-26,78764,44,Al Masria 1,DPL,29-08-26,,,40.21,Fill,V0-3,VILLA 101,,LAYER-1,,2,,,APPROVED AS NOTED,DONE,4,HELIOPOLIS,5,,,
708,Thu,03-09-26,78765,44,Al Masria 1,DPL,29-08-26,,,42.52,Fill,V0-3,VILLA 102,,LAYER-1,,2,,,APPROVED AS NOTED,DONE,4,HELIOPOLIS,5,,,
709,Thu,03-09-26,78766,44,Al Masria 2,DPL,29-08-26,,,40.33,Fill,V0-3,VILLA 103,,LAYER-1,,2,,,APPROVED AS NOTED,DONE,4,HELIOPOLIS,5,,,
710,Tue,01-09-26,78767,44,Hosny Mubarak,DPL,29-08-26,,,43.37,Fill,V0-3,BH-4,,LAYER-8,,6,,,APPROVED AS NOTED,DONE,8,HELIOPOLIS,3,,,
711,Tue,01-09-26,78768,44,Hosny Mubarak,DPL,29-08-26,,,46.47,Fill,V0-3,BH-4,,LAYER-9,,6,,,APPROVED AS NOTED,DONE,8,HELIOPOLIS,3,,,
712,Tue,01-09-26,78769,44,Rock,DPL,29-08-26,,,46.54,Fill,V0-3,VILLA 57,,LAYER-5,,2,,,APPROVED AS NOTED,DONE,4,HELIOPOLIS,3,,,
713,Tue,01-09-26,78770,44,Ghali Aziz,DPL,29-08-26,,,40.23,Fill,V0-3,VILLA 32,,LAYER-2,,2,,,APPROVED AS NOTED,DONE,4,HELIOPOLIS,3,,,
714,Tue,01-09-26,78771,44,HIgh Dam,DPL,26-08-26,,,43.25,Fill,V0-3,BH-12,,LAYER-3,,5,,,APPROVED AS NOTED,DONE,7,DR/ OMAR OSMAN,6,,,
715,Wed,02-09-26,79233,44,AL Alamiaa,SOIL,30-08-26,A-4,41.40%,,Natural Ground,V0-3,RD-17,,,,1,Sieve analysis,,APPROVED AS NOTED,,3,CEL,3,,,
716,Wed,02-09-26,79234,44,AL Alamiaa,SOIL,30-08-26,A-4,44.80%,,Natural Ground,V0-3,RD-17,,,,1,Sieve analysis,,APPROVED AS NOTED,,3,CEL,3,,,
717,Wed,02-09-26,79235,44,AL Alamiaa,SOIL,30-08-26,A-4,49.80%,,Natural Ground,V0-3,BH-17,,,,1,Sieve analysis,,APPROVED AS NOTED,,3,CEL,3,,,
718,Wed,02-09-26,79236,44,AL Alamiaa,SOIL,30-08-26,A-1-B,24.00%,,Natural Ground,V0-3,BH-17,,,,1,Sieve analysis,,APPROVED AS NOTED,,3,CEL,3,,,
719,Wed,02-09-26,79237,44,AL Alamiaa,SOIL,30-08-26,A-4,42.40%,,Natural Ground,V0-3,BH-17,,,,1,Sieve analysis,,APPROVED AS NOTED,,3,CEL,3,,,
720,Wed,02-09-26,79238,44,AL Alamiaa,SOIL,30-08-26,A-1-B,12.60%,,Natural Ground,V0-3,BH-17,,,,1,Sieve analysis,,APPROVED AS NOTED,,3,CEL,3,,,
721,Wed,02-09-26,79239,44,Al Farook,DPL,30-08-26,,,50.4,Fill,V0-3,VILLA 73,,LAYER-3,,2,,,APPROVED AS NOTED,DONE,4,DR/ OMAR OSMAN,3,,,
722,Wed,02-09-26,79240,44,Al Farook,DPL,30-08-26,,,41.5,Fill,V0-3,VILLA 74,,LAYER-2,,3,,,APPROVED AS NOTED,DONE,5,DR/ OMAR OSMAN,3,,,
723,Wed,02-09-26,79241,44,Hosny Mubarak,DPL,30-08-26,,,44,Fill,V0-3,VILLA 145,,LAYER-4,,3,,,APPROVED AS NOTED,DONE,5,DR/ OMAR OSMAN,3,,,
724,Wed,02-09-26,79242,44,Hosny Mubarak,DPL,30-08-26,,,42.1,Fill,V0-3,VILLA 148,,LAYER-1,,2,,,APPROVED AS NOTED,DONE,4,DR/ OMAR OSMAN,3,,,
725,Wed,02-09-26,79243,44,Hosny Mubarak,DPL,30-08-26,,,45.6,Fill,V0-3,BH-23,,LAYER-2,,4,,,APPROVED AS NOTED,DONE,6,DR/ OMAR OSMAN,3,,,
726,Wed,02-09-26,79244,44,Target,DPL,30-08-26,,,53.2,Fill,V0-3,VILLA 84,,LAYER-2,,4,,,APPROVED AS NOTED,DONE,6,DR/ OMAR OSMAN,3,,,
727,Wed,02-09-26,79245,44,Target,DPL,30-08-26,,,50.6,Fill,V0-3,VILLA 82,,LAYER-2,,2,,,APPROVED AS NOTED,DONE,4,DR/ OMAR OSMAN,3,,,
728,Wed,02-09-26,79246,44,Target,DPL,30-08-26,,,49.1,Fill,V0-3,VILLA 85,,LAYER-1,,2,,,APPROVED AS NOTED,DONE,4,DR/ OMAR OSMAN,3,,,
729,Wed,02-09-26,79247,44,Target,DPL,30-08-26,,,65.2,Fill,V0-3,VILLA 86,,LAYER-1,,2,,,APPROVED AS NOTED,DONE,4,DR/ OMAR OSMAN,3,,,
730,Wed,02-09-26,79248,44,Abnaa Hetler,DPL,30-08-26,,,50.1,Fill,V0-3,BH-11,,LAYER-6,,13,,,APPROVED AS NOTED,DONE,15,DR/ OMAR OSMAN,3,,,
731,Wed,02-09-26,79249,44,Abnaa Hetler,DPL,30-08-26,,,48.5,Fill,V0-3,BH-11',,LAYER-7,,13,,,APPROVED AS NOTED,,15,DR/ OMAR OSMAN,3,,,
732,Wed,02-09-26,79250,44,Al Alamiaa,DPL,30-08-26,,,42.4,Fill,V0-3,VILLA 93,,LAYER-1,,2,,,APPROVED AS NOTED,DONE,4,DR/ OMAR OSMAN,3,,,
733,Wed,02-09-26,79251,44,Al Alamiaa,DPL,30-08-26,,,40.8,Fill,V0-3,VILLA 94,,LAYER-3,,2,,,APPROVED AS NOTED,DONE,4,DR/ OMAR OSMAN,3,,,
734,Wed,02-09-26,79252,44,Al Alamiaa,DPL,30-08-26,,,65.3,Fill,V0-3,VILLA 95,,LAYER-3,,2,,,APPROVED AS NOTED,DONE,4,DR/ OMAR OSMAN,3,,,
735,Wed,02-09-26,79253,44,Al Alamiaa,DPL,30-08-26,,,54.4,Fill,V0-3,VILLA 96,,LAYER-1,,2,,,APPROVED AS NOTED,DONE,4,DR/ OMAR OSMAN,3,,,
736,Wed,02-09-26,79254,44,Al Farook,DPL,30-08-26,,,58.4,Fill,V0-3,VILLA 72,,LAYER-2,,3,,,APPROVED AS NOTED,DONE,5,DR/ OMAR OSMAN,3,,,
737,Wed,02-09-26,79255,44,Target,DPL,30-08-26,,,48.4,Fill,V0-3,VILLA 82,,LAYER-1,,4,,,APPROVED AS NOTED,DONE,6,DR/ OMAR OSMAN,3,,,
738,Wed,02-09-26,79256,44,HIgh Dam,DPL,30-08-26,,,49.4,Fill,V0-3,BH-13 C,,LAYER-1,,6,,,APPROVED AS NOTED,,8,DR/ OMAR OSMAN,3,,,
739,Wed,02-09-26,79257,44,Samy Asaad,SOIL,30-08-26,A-1-B,29.20%,,Stockpile,V0-3,,,,,1,Sieve + Proctoer ,,APPROVED AS NOTED,,3,LOGIC,3,,,
740,Wed,02-09-26,79258,44,Rock,SOIL,30-08-26,A-1-B,19.40%,,Stockpile,V0-3,,,,,1,Sieve + Proctoer ,,APPROVED AS NOTED,DONE,3,LOGIC,3,,,
741,Wed,02-09-26,79259,44,Al Masria 1,SOIL,30-08-26,A-4,72.00%,,Bottom of excavation,V0-3,"RD-19""",,,,1,Sieve analysis,,APPROVED AS NOTED,DONE,2,LOGIC,3,,,
742,Wed,02-09-26,79260,44,Al Masria 2,SOIL,30-08-26,A-4,44.20%,,Bottom of excavation,V0-3,RD-19,,,,1,Sieve analysis,,APPROVED AS NOTED,DONE,2,LOGIC,3,,,
743,Wed,02-09-26,79261,44,Abnaa Oraby,PLATE LOAD,30-08-26,,,,Fill,V0-3,VILLA 56,,19.6,,1,,993,APPROVED AS NOTED,DONE,3,HELIOPOLIS,3,,,
744,Wed,02-09-26,79262,44,Al Ehsan,PLATE LOAD,30-08-26,,,,Fill,V0-3,VILLA 40,,20.9,,1,,500,APPROVED AS NOTED,DONE,3,HELIOPOLIS,3,,,
745,Wed,02-09-26,79263,44,Al Qimam,PLATE LOAD,30-08-26,,,,Fill,V0-3,RD-2,,23.1,,1,,600,APPROVED AS NOTED,,3,HELIOPOLIS,3,,,
746,Wed,02-09-26,79264,44,Al Kifah,PLATE LOAD,30-08-26,,,,Fill,V0-3,VILLA 26,,23.5,,1,,842,APPROVED AS NOTED,DONE,3,GLOBAL LAB,3,,,
747,Wed,02-09-26,79265,44,Al Kifah,PLATE LOAD,30-08-26,,,,Fill,V0-3,VILLA 24,,23.5,,1,,664,APPROVED AS NOTED,DONE,3,GLOBAL LAB,3,,,
748,Wed,02-09-26,79266,44,Al Kifah,PLATE LOAD,30-08-26,,,,Fill,V0-3,VILLA 23,,23.5,,1,,492,APPROVED AS NOTED,DONE,3,HELIOPOLIS,3,,,
749,Wed,02-09-26,79267,44,Al Kifah,PLATE LOAD,30-08-26,,,,Fill,V0-3,VILLA 25,,21.15,,1,,699,APPROVED AS NOTED,DONE,3,GLOBAL LAB,3,,,
750,Wed,02-09-26,79268,44,Samy Asaad,SOIL,30-08-26,A-4,51.40%,,Bottom of excavation,V0-3,RD-20,,,,1,Sieve analysis,,APPROVED AS NOTED,DONE,2,LOGIC,3,,,
751,Wed,02-09-26,79269,44,Samy Asaad,SOIL,30-08-26,A-4,45.60%,,Bottom of excavation,V0-3,VILLA 111,,,,1,Sieve analysis,,APPROVED AS NOTED,DONE,2,LOGIC,3,,,
752,Wed,02-09-26,79270,44,Samy Asaad,SOIL,30-08-26,A-4,82.20%,,Bottom of excavation,V0-3,VILLA 110,,,,1,Sieve analysis,,APPROVED AS NOTED,DONE,2,LOGIC,3,,,
753,Wed,02-09-26,79271,44,Samy Asaad,SOIL,30-08-26,A-4,78.00%,,Bottom of excavation,V0-3,VILLA 109,,,,1,Sieve analysis,,APPROVED AS NOTED,DONE,2,LOGIC,3,,,
754,Wed,02-09-26,79272,44,Ghali Aziz,SOIL,30-08-26,A-4,44.20%,,Bottom of excavation,V0-3,VILLA 29,,,,1,Sieve analysis,,APPROVED AS NOTED,DONE,2,LOGIC,3,,,
755,Wed,02-09-26,79273,44,Ghali Aziz,SOIL,30-08-26,A-4,37.60%,,Bottom of excavation,V0-3,VILLA 29,,,,1,Sieve analysis,,APPROVED AS NOTED,DONE,2,LOGIC,3,,,
756,Tue,01-09-26,79274,44,Al Farook,DPL,26-08-26,,,44.2,Fill,V0-3,VILLA 71,,LAYER-2,,3,,,APPROVED AS NOTED,DONE,5,DR/ OMAR OSMAN,6,,,
757,Tue,01-09-26,79275,44,Al Motamayez,DPL,26-08-26,,,56.4,Fill,V0-3,VILLA 3,,LAYER-8,,3,,,APPROVED AS NOTED,DONE,5,DR/ OMAR OSMAN,6,,,
758,Wed,02-09-26,79276,44,Al Farook,SOIL,31-08-26,A-4,54.80%,,Natural Ground,V0-3,RD-13,,,,1,Sieve analysis,,APPROVED AS NOTED,DONE,3,CEL,2,,,
759,Wed,02-09-26,79277,44,Al Farook,SOIL,31-08-26,A-2-4,26.20%,,Natural Ground,V0-3,BH-13,,,,1,Sieve analysis,,APPROVED AS NOTED,,3,CEL,2,,,
760,Wed,02-09-26,79278,44,Al Farook,SOIL,31-08-26,A-1-B,22.60%,,Natural Ground,V0-3,BH-13,,,,1,Sieve analysis,,APPROVED AS NOTED,,3,CEL,2,,,
761,Wed,02-09-26,79279,44,Hosny Mubarak,PLATE LOAD,31-08-26,,,,Fill,V0-3,VILLA 145,,21,,1,,,APPROVED AS NOTED,,3,CEL,2,,,
762,Wed,02-09-26,79280,44,Hosny Mubarak,PLATE LOAD,31-08-26,,,,Fill,V0-3,VILLA 146,,21,,1,,,APPROVED AS NOTED,,3,CEL,2,,,
763,Wed,02-09-26,79281,44,Arabco 2,DPL,30-08-26,,,43.2,Fill,V0-3,VILLA 36,,LAYER-3,,3,,,APPROVED AS NOTED,DONE,5,HELIOPOLIS,3,,,
764,Wed,02-09-26,79282,44,Arabco 2,DPL,30-08-26,,,48.6,Fill,V0-3,VILLA 35,,LAYER-5,,3,,,APPROVED AS NOTED,DONE,5,HELIOPOLIS,3,,,
765,Wed,02-09-26,79283,44,Al Ehsan,DPL,30-08-26,,,57,Fill,V0-3,VILLA 39,,LAYER-5,,2,,,APPROVED AS NOTED,DONE,4,HELIOPOLIS,3,,,
766,Wed,02-09-26,79284,44,Al Ehsan,DPL,30-08-26,,,57,Fill,V0-3,VILLA 40,,LAYER-5,,2,,,APPROVED AS NOTED,DONE,4,HELIOPOLIS,3,,,
767,Wed,02-09-26,79285,44,Al Ehsan,DPL,30-08-26,,,44.3,Fill,V0-3,VILLA 42,,LAYER-5,,2,,,APPROVED AS NOTED,DONE,4,HELIOPOLIS,3,,,
768,Wed,02-09-26,79286,44,Al Qimam,DPL,30-08-26,,,50.9,Fill,V0-3,VILLA 14,,LAYER-7,,2,,,APPROVED AS NOTED,DONE,4,HELIOPOLIS,3,,,
769,Wed,02-09-26,79287,44,Al Qimam,DPL,30-08-26,,,47.1,Fill,V0-3,VILLA 15,,LAYER-7,,2,,,APPROVED AS NOTED,DONE,4,HELIOPOLIS,3,,,
770,Wed,02-09-26,79288,44,Al Qimam,DPL,30-08-26,,,50.9,Fill,V0-3,VILLA 16,,LAYER-7,,2,,,APPROVED AS NOTED,DONE,4,HELIOPOLIS,3,,,
771,Wed,02-09-26,79289,44,Al Qimam,DPL,30-08-26,,,42.8,Fill,V0-3,RD-2,,LAYER-5,,2,,,APPROVED AS NOTED,,4,HELIOPOLIS,3,,,
772,Wed,02-09-26,79290,44,Al Kifah,DPL,30-08-26,,,41.4,Fill,V0-3,BH-1,,LAYER-8,,5,,,APPROVED AS NOTED,DONE,7,HELIOPOLIS,3,,,
773,Wed,02-09-26,79291,44,Al Kifah,DPL,30-08-26,,,41.4,Fill,V0-3,VILLA 23,,LAYER-9,,3,,,APPROVED AS NOTED,DONE,5,HELIOPOLIS,3,,,
774,Wed,02-09-26,79292,44,Al Kifah,DPL,30-08-26,,,41.4,Fill,V0-3,VILLA 24,,LAYER-10,,3,,,APPROVED AS NOTED,DONE,5,HELIOPOLIS,3,,,
775,Wed,02-09-26,79293,44,Al Kifah,DPL,30-08-26,,,43.3,Fill,V0-3,VILLA 25,,LAYER-10,,2,,,APPROVED AS NOTED,DONE,4,HELIOPOLIS,3,,,
776,Wed,02-09-26,79294,44,Al Kifah,DPL,30-08-26,,,43.3,Fill,V0-3,VILLA 26,,LAYER-10,,2,,,APPROVED AS NOTED,DONE,4,HELIOPOLIS,3,,,
777,Wed,02-09-26,79297,44,Al Masria 2,DPL,30-08-26,,,54.4,Fill,V0-3,VILLA 102,,LAYER-1,,2,,,APPROVED AS NOTED,,4,HELIOPOLIS,3,,,
778,Wed,02-09-26,79298,44,Ghali Aziz,DPL,30-08-26,,,52,Fill,V0-3,BH-3,,LAYER-3,,11,,,APPROVED AS NOTED,,13,HELIOPOLIS,3,,,
779,Wed,02-09-26,79299,44,Al Wadi Stone,DPL,30-08-26,,,54.4,Fill,V0-3,VILLA 45,,LAYER-4,,2,,,APPROVED AS NOTED,DONE,4,HELIOPOLIS,3,,,
780,Wed,02-09-26,79307,44,HIgh Dam,DPL,31-08-26,,,45.74,Fill,V0-3,BH-12,,LAYER-5,,7,,,APPROVED AS NOTED,,9,DR/ OMAR OSMAN,2,,,
781,Wed,02-09-26,79308,44,Al Farook,DPL,31-08-26,,,42.68,Fill,V0-3,VILLA 71,,LAYER-4,,3,,,APPROVED AS NOTED,,5,DR/ OMAR OSMAN,2,,,
782,Wed,02-09-26,79309,44,Abnaa Hetler,DPL,31-08-26,,,46.68,Fill,V0-3,BH-11,,LAYER-7,,14,,,APPROVED AS NOTED,DONE,16,DR/ OMAR OSMAN,2,,,
783,Wed,02-09-26,79310,44,HIgh Dam,DPL,31-08-26,,,44.27,Fill,V0-3,RD-12,,LAYER-3,,2,,,APPROVED AS NOTED,,4,DR/ OMAR OSMAN,2,,,
784,Wed,02-09-26,79311,44,HIgh Dam,DPL,31-08-26,,,45.94,Fill,V0-3,VILLA 61,,LAYER-6,,2,,,APPROVED AS NOTED,,4,DR/ OMAR OSMAN,2,,,
785,Wed,02-09-26,79312,44,HIgh Dam,DPL,31-08-26,,,40.64,Fill,V0-3,VILLA 62,,LAYER-6,,2,,,APPROVED AS NOTED,,4,DR/ OMAR OSMAN,2,,,
786,Wed,02-09-26,79313,44,HIgh Dam,DPL,31-08-26,,,36.15,Fill,V0-3,VILLA 63,,LAYER-6,,2,,,APPROVED AS NOTED,,4,DR/ OMAR OSMAN,2,,,
787,Wed,02-09-26,79314,44,HIgh Dam,DPL,31-08-26,,,45.63,Fill,V0-3,VILLA 64,,LAYER-6,,2,,,APPROVED AS NOTED,,4,DR/ OMAR OSMAN,2,,,
788,Wed,02-09-26,79315,44,Hosny Mubarak,DPL,31-08-26,,,43.71,Fill,V0-3,BH-23,,LAYER-3,,6,,,APPROVED AS NOTED,,8,DR/ OMAR OSMAN,2,,,
789,Wed,02-09-26,79316,44,Hosny Mubarak,DPL,31-08-26,,,46.93,Fill,V0-3,RD-23,,LAYER-2,,2,,,APPROVED AS NOTED,DONE,4,DR/ OMAR OSMAN,2,,,
790,Wed,02-09-26,79317,44,Hosny Mubarak,DPL,31-08-26,,,37.04,Fill,V0-3,VILLA 145,,LAYER-5,,3,,,APPROVED AS NOTED,DONE,5,DR/ OMAR OSMAN,2,,,
791,Wed,02-09-26,79318,44,Hosny Mubarak,DPL,31-08-26,,,42.27,Fill,V0-3,VILLA 146,,LAYER-5,,3,,,APPROVED AS NOTED,DONE,5,DR/ OMAR OSMAN,2,,,
792,Wed,02-09-26,79319,44,Hosny Mubarak,DPL,31-08-26,,,38.83,Fill,V0-3,VILLA 147,,LAYER-2,,2,,,APPROVED AS NOTED,DONE,4,DR/ OMAR OSMAN,2,,,
793,Wed,02-09-26,79320,44,Hosny Mubarak,DPL,31-08-26,,,49.95,Fill,V0-3,VILLA 148,,LAYER-2,,2,,,APPROVED AS NOTED,DONE,4,DR/ OMAR OSMAN,2,,,
794,Wed,02-09-26,79321,44,Target,DPL,31-08-26,,,46.92,Fill,V0-3,VILLA 81,,LAYER-3,,3,,,APPROVED AS NOTED,DONE,5,DR/ OMAR OSMAN,2,,,
795,Wed,02-09-26,79322,44,Target,DPL,31-08-26,,,49.65,Fill,V0-3,VILLA 82,,LAYER-2,,3,,,APPROVED AS NOTED,DONE,5,DR/ OMAR OSMAN,2,,,
796,Wed,02-09-26,79323,44,Target,DPL,31-08-26,,,42,Fill,V0-3,VILLA 85,,LAYER-2,,2,,,APPROVED AS NOTED,DONE,4,DR/ OMAR OSMAN,2,,,
797,Wed,02-09-26,79324,44,Target,DPL,31-08-26,,,46.78,Fill,V0-3,VILLA 86,,LAYER-2,,4,,,APPROVED AS NOTED,DONE,6,DR/ OMAR OSMAN,2,,,
798,Wed,02-09-26,79325,44,Al Ehsan,PLATE LOAD,31-08-26,,,,Fill,V0-3,VILLA 41,,20.9,,1,,500,APPROVED AS NOTED,DONE,3,HELIOPOLIS,2,,,
799,Wed,02-09-26,79326,44,Arabco ,PLATE LOAD,31-08-26,,,,Fill,V0-3,VILLA 35,,20.5,,1,,1490,APPROVED AS NOTED,DONE,3,HELIOPOLIS,2,,,
800,Wed,02-09-26,79327,44,Arabco ,PLATE LOAD,31-08-26,,,,Fill,V0-3,BH-5,,21.65,,2,,2300,APPROVED AS NOTED,DONE,5,HELIOPOLIS,2,,,
801,Wed,02-09-26,79328,44,Al Kifah,SOIL,31-08-26,A-1-B,19.00%,,Stockpile,V0-3,,,,,1,Sieve + Proctoer ,,APPROVED AS NOTED,,3,LOGIC,2,,,
802,Wed,02-09-26,79329,44,Al Kifah,SOIL,31-08-26,A-1-B,19.40%,,Stockpile,V0-3,,,,,1,Sieve + Proctoer ,,APPROVED AS NOTED,DONE,3,LOGIC,2,,,
803,Wed,02-09-26,79330,44,ARABCO,DPL,30-08-26,,,40.47,Fill,V0-3,VILLA 36,,LAYER-4,,3,,,APPROVED AS NOTED,DONE,5,HELIOPOLIS,3,,,
804,Wed,02-09-26,79331,44,ARABCO,DPL,31-08-26,,,39.7,Fill,V0-3,BH-6,,LAYER-6,,5,,,APPROVED AS NOTED,DONE,8,HELIOPOLIS,2,,,
805,Wed,02-09-26,79332,44,Arabco 2,DPL,31-08-26,,,44.18,Fill,V0-3,BH-5,,LAYER-5,,5,,,APPROVED AS NOTED,DONE,8,HELIOPOLIS,2,,,
806,Wed,02-09-26,79333,44,Al Ehsan,DPL,31-08-26,,,46.9,Fill,V0-3,VILLA 41,,LAYER-5,,2,,,APPROVED AS NOTED,DONE,4,HELIOPOLIS,2,,,
807,Wed,02-09-26,79334,44,Al Ehsan,DPL,31-08-26,,,42.68,Fill,V0-3,VILLA 43,,LAYER-5,,2,,,APPROVED AS NOTED,DONE,4,HELIOPOLIS,2,,,
808,Wed,02-09-26,79335,44,Al Ehsan,DPL,31-08-26,,,41.94,Fill,V0-3,VILLA 44,,LAYER-5,,2,,,APPROVED AS NOTED,DONE,4,HELIOPOLIS,2,,,
809,Wed,02-09-26,79336,44,Al Ehsan,DPL,31-08-26,,,45.36,Fill,V0-3,RD-10,,LAYER-2,,5,,,APPROVED AS NOTED,DONE,7,HELIOPOLIS,2,,,
810,Wed,02-09-26,79337,44,Al Kifah,DPL,31-08-26,,,53.82,Fill,V0-3,VILLA 20,,LAYER-8,,3,,,APPROVED AS NOTED,DONE,5,HELIOPOLIS,2,,,
811,Wed,02-09-26,79338,44,Al Kifah,DPL,31-08-26,,,44,Fill,V0-3,VILLA 21,,LAYER-8,,2,,,APPROVED AS NOTED,DONE,4,HELIOPOLIS,2,,,
812,Wed,02-09-26,79339,44,Al Kifah,DPL,31-08-26,,,40.2,Fill,V0-3,VILLA 22,,LAYER-8,,2,,,APPROVED AS NOTED,DONE,4,HELIOPOLIS,2,,,
813,Wed,02-09-26,79340,44,Al Masria 1,DPL,31-08-26,,,43.17,Fill,V0-3,VILLA 101,,LAYER-2,,2,,,APPROVED AS NOTED,,4,HELIOPOLIS,2,,,
814,Wed,02-09-26,79341,44,Al Masria 2,DPL,31-08-26,,,42.31,Fill,V0-3,VILLA 103,,LAYER-2,,2,,,APPROVED AS NOTED,,4,HELIOPOLIS,2,,,
815,Wed,02-09-26,79342,44,Al Masria 2,DPL,31-08-26,,,47.65,Fill,V0-3,VILLA 104,,LAYER-1,,2,,,APPROVED AS NOTED,DONE,4,HELIOPOLIS,2,,,
816,Wed,02-09-26,79343,44,Abnaa Oraby,DPL,31-08-26,,,49.73,Fill,V0-3,VILLA 52,,LAYER-5,,2,,,APPROVED AS NOTED,DONE,4,HELIOPOLIS,2,,,
817,Wed,02-09-26,79344,44,Hosny Mubarak,DPL,31-08-26,,,45.04,Fill,V0-3,BH-4,,LAYER-10,,6,,,APPROVED AS NOTED,DONE,8,HELIOPOLIS,2,,,
818,Wed,02-09-26,79345,44,Ghali Aziz,DPL,31-08-26,,,40.09,Fill,V0-3,VILLA 31,,LAYER-2,,2,,,APPROVED AS NOTED,,4,HELIOPOLIS,2,,,
819,Wed,02-09-26,79346,44,Ghali Aziz,DPL,31-08-26,,,51.75,Fill,V0-3,VILLA 32,,LAYER-3,,2,,,APPROVED AS NOTED,,4,HELIOPOLIS,2,,,
820,Wed,02-09-26,79347,44,Ghali Aziz,DPL,31-08-26,,,50.8,Fill,V0-3,BH-3,,LAYER-4,,11,,,APPROVED AS NOTED,,13,HELIOPOLIS,2,,,
821,Wed,02-09-26,79348,44,Al Wadi Stone,DPL,31-08-26,,,42.3,Fill,V0-3,VILLA 46,,LAYER-4,,2,,,APPROVED AS NOTED,DONE,4,HELIOPOLIS,2,,,
822,Wed,02-09-26,79349,44,Hosny Mubarak,SOIL,01-09-26,A-1-B,18.80%,,Stockpile,V0-3,,,,,1,Sieve + Proctoer ,,APPROVED AS NOTED,DONE,4,CEL,1,,,
823,Wed,02-09-26,79350,44,AL Alamiaa,SOIL,01-09-26,A-1-B,4.80%,,Stockpile,V0-3,   ,,,,1,Sieve + Proctoer ,,APPROVED AS NOTED,DONE,4,CEL,1,,,
824,Wed,02-09-26,79351,44,Hosny Mubarak,SOIL,01-09-26,A-1-B,24.80%,,Stockpile,V0-3,,,,,1,Sieve + Proctoer ,,APPROVED AS NOTED,DONE,4,CEL,1,,,
825,Wed,02-09-26,79352,44,Al Farook,SAND CONE,01-09-26,,,,Fill,V0-3,VILLA 73,,LAYER-4,,2,,,APPROVED AS NOTED,,2,DR/ OMAR OSMAN,1,,,
826,Wed,02-09-26,79353,44,AL Alamiaa,SAND CONE,01-09-26,,,,Fill,V0-3,VILLA 94,,LAYER-3,,2,,,APPROVED AS NOTED,,2,DR/ OMAR OSMAN,1,,,
827,Wed,02-09-26,79354,44,AL Alamiaa,SAND CONE,01-09-26,,,,Fill,V0-3,VILLA 95,,LAYER-3,,2,,,APPROVED AS NOTED,,2,DR/ OMAR OSMAN,1,,,
828,Wed,02-09-26,79355,44,AL Alamiaa,SAND CONE,01-09-26,,,,Fill,V0-3,VILLA 96,,LAYER-2,,2,,,APPROVED AS NOTED,,2,DR/ OMAR OSMAN,1,,,
829,Wed,02-09-26,79356,44,AL Alamiaa,SAND CONE,01-09-26,,,,Fill,V0-3,VILLA 97,,LAYER-1,,2,,,APPROVED AS NOTED,,2,DR/ OMAR OSMAN,1,,,
830,Wed,02-09-26,79357,44,AL Alamiaa,SAND CONE,01-09-26,,,,Fill,V0-3,VILLA 98,,LAYER-1,,2,,,APPROVED AS NOTED,,2,DR/ OMAR OSMAN,1,,,
831,Wed,02-09-26,79358,44,AL Alamiaa,SAND CONE,01-09-26,,,,Fill,V0-3,VILLA 92,,LAYER-2,,2,,,APPROVED AS NOTED,,2,DR/ OMAR OSMAN,1,,,
832,Wed,02-09-26,79359,44,Abnaa Hetler,SAND CONE,01-09-26,,,,Fill,V0-3,BH-11',,LAYER-8,,25,,,APPROVED AS NOTED,,4,DR/ OMAR OSMAN,1,,,
833,Wed,02-09-26,79360,44,Abnaa Hetler,SAND CONE,01-09-26,,,,Fill,V0-3,BH-11,,LAYER-8,,25,,,APPROVED AS NOTED,,4,DR/ OMAR OSMAN,1,,,
834,Wed,02-09-26,79361,44,Al Motamayez,DPL,01-09-26,,,42.6,Fill,V0-3,VILLA 3,,LAYER-10,,3,,,APPROVED AS NOTED,DONE,5,DR/ OMAR OSMAN,1,,,
835,Wed,02-09-26,79362,44,Al Motamayez,DPL,01-09-26,,,46.3,Fill,V0-3,VILLA 5,,LAYER-10,,3,,,APPROVED AS NOTED,,5,DR/ OMAR OSMAN,1,,,
836,Wed,02-09-26,79363,44,HIgh Dam,DPL,01-09-26,,,58.6,Fill,V0-3,BH-13A,,LAYER-2,,3,,,APPROVED AS NOTED,,5,DR/ OMAR OSMAN,1,,,
837,Wed,02-09-26,79364,44,HIgh Dam,DPL,01-09-26,,,53.6,Fill,V0-3,BH-13B,,LAYER-2,,5,,,APPROVED AS NOTED,,7,DR/ OMAR OSMAN,1,,,
838,Wed,02-09-26,79365,44,Al Selme,SOIL,01-09-26,A-4,48.00%,,Bottom of excavation,V0-3,VILLA 112,,,,1,Sieve analysis,,APPROVED AS NOTED,,2,LOGIC,1,,,
839,Wed,02-09-26,79366,44,Al Selme,SOIL,01-09-26,A-4,38.00%,,Bottom of excavation,V0-3,VILLA 115,,,,1,Sieve analysis,,APPROVED AS NOTED,,2,LOGIC,1,,,
840,Wed,02-09-26,79367,44,Al Selme,SOIL,01-09-26,A-4,87.60%,,Bottom of excavation,V0-3,VILLA 113,,,,1,Sieve analysis,,APPROVED AS NOTED,,2,LOGIC,1,,,
841,Wed,02-09-26,79368,44,Al Masria 2,SOIL,01-09-26,A-4,62.20%,,Bottom of excavation,V0-3,VILLA 106,,,,1,Sieve analysis,,APPROVED AS NOTED,,2,LOGIC,1,,,
842,Wed,02-09-26,79369,44,Al Masria 2,SOIL,01-09-26,A-4,78.80%,,Bottom of excavation,V0-3,VILLA 107,,,,1,Sieve analysis,,APPROVED AS NOTED,,2,LOGIC,1,,,
843,Wed,02-09-26,79370,44,Arabco 2,PLATE LOAD,01-09-26,,,,Fill,V0-3,VILLA 36,,20.5,,1,,1100,APPROVED AS NOTED,DONE,3,HELIOPOLIS,1,,,
844,Wed,02-09-26,79371,44,Abnaa Oraby,PLATE LOAD,01-09-26,,,,Fill,V0-3,VILLA 55,,20.1,,1,,871,APPROVED AS NOTED,DONE,3,GLOBAL LAB,1,,,
845,Wed,02-09-26,79372,44,Rock,PLATE LOAD,01-09-26,,,,Fill,V0-3,VILLA 60,,19.45,,1,,892,APPROVED AS NOTED,,3,GLOBAL LAB,1,,,
846,Wed,02-09-26,79373,44,Rock,PLATE LOAD,01-09-26,,,,Fill,V0-3,VILLA 59,,20,,1,,673,APPROVED AS NOTED,,3,GLOBAL LAB,1,,,
847,Wed,02-09-26,79374,44,Rock,PLATE LOAD,01-09-26,,,,Fill,V0-3,VILLA 58,,20,,1,,687,APPROVED AS NOTED,,3,GLOBAL LAB,1,,,
848,Wed,02-09-26,79375,44,Rock,PLATE LOAD,01-09-26,,,,Fill,V0-3,VILLA 57,,20,,1,,816,APPROVED AS NOTED,,3,GLOBAL LAB,1,,,
849,Wed,02-09-26,79376,44,Abnaa Oraby,PLATE LOAD,01-09-26,,,,Fill,V0-3,VILLA 54,,20.1,,1,,736,APPROVED AS NOTED,DONE,3,HELIOPOLIS,1,,,
850,Wed,02-09-26,79377,44,Al Ehsan,PLATE LOAD,01-09-26,,,,Fill,V0-3,VILLA 39,,20.9,,1,,500,APPROVED AS NOTED,DONE,3,HELIOPOLIS,1,,,
851,Wed,02-09-26,79378,44,Al Ehsan,PLATE LOAD,01-09-26,,,,Fill,V0-3,VILLA 43,,20.9,,1,,500,APPROVED AS NOTED,DONE,3,HELIOPOLIS,1,,,
852,Wed,02-09-26,79379,44,Al Ehsan,PLATE LOAD,01-09-26,,,,Fill,V0-3,VILLA 42,,20.9,,1,,500,APPROVED AS NOTED,DONE,3,HELIOPOLIS,1,,,
853,Wed,02-09-26,79380,44,Al Ehsan,PLATE LOAD,01-09-26,,,,Fill,V0-3,VILLA 44,,20.9,,1,,500,APPROVED AS NOTED,DONE,3,HELIOPOLIS,1,,,
854,Wed,02-09-26,79381,44,Al Selme,SOIL,01-09-26,A-4,37.20%,,Bottom of excavation,V0-3,VILLA 114,,,,1,Sieve analysis,,APPROVED AS NOTED,,2,LOGIC,1,,,
855,Thu,03-09-26,79382,44,Hosny Mubarak,DPL,01-09-26,,,50.1,Fill,V0-3,BH-23,,LAYER-4,,6,,,APPROVED AS NOTED,DONE,8,DR/ OMAR OSMAN,2,,,
856,Thu,03-09-26,79383,44,Al Motamayez,DPL,01-09-26,,,41.1,Fill,V0-3,VILLA 4,,LAYER-10,,3,,,APPROVED AS NOTED,DONE,5,DR/ OMAR OSMAN,2,,,
857,Thu,03-09-26,79384,44,Al Farook,DPL,01-09-26,,,42.3,Fill,V0-3,VILLA 74,,LAYER-3,,2,,,APPROVED AS NOTED,DONE,4,DR/ OMAR OSMAN,2,,,
858,Thu,03-09-26,79385,44,Target,DPL,01-09-26,,,43.2,Fill,V0-3,VILLA 81,,LAYER-4,,2,,,APPROVED AS NOTED,DONE,4,DR/ OMAR OSMAN,2,,,
859,Thu,03-09-26,79386,44,Target,DPL,01-09-26,,,38.5,Fill,V0-3,VILLA 82,,LAYER-3,,2,,,APPROVED AS NOTED,DONE,4,DR/ OMAR OSMAN,2,,,
860,Thu,03-09-26,79387,44,Target,DPL,01-09-26,,,41.4,Fill,V0-3,VILLA 83,,LAYER-1,,2,,,APPROVED AS NOTED,DONE,4,DR/ OMAR OSMAN,2,,,
861,Thu,03-09-26,79388,44,Target,DPL,01-09-26,,,42.1,Fill,V0-3,VILLA 84,,LAYER-3,,2,,,APPROVED AS NOTED,DONE,4,DR/ OMAR OSMAN,2,,,
862,Thu,03-09-26,79389,44,Target,DPL,02-09-26,,,40.3,Fill,V0-3,VILLA 85,,LAYER-3,,2,,,APPROVED AS NOTED,DONE,4,DR/ OMAR OSMAN,1,,,
863,Thu,03-09-26,79390,44,Hosny Mubarak,DPL,02-09-26,,,52.6,Fill,V0-3,VILLA 147,,LAYER-3,,2,,,APPROVED AS NOTED,DONE,4,DR/ OMAR OSMAN,1,,,
864,Thu,03-09-26,79391,44,Hosny Mubarak,DPL,02-09-26,,,41,Fill,V0-3,VILLA 148,,LAYER-3,,2,,,APPROVED AS NOTED,DONE,4,DR/ OMAR OSMAN,1,,,
865,Thu,03-09-26,79392,44,Hosny Mubarak,DPL,02-09-26,,,44.3,Fill,V0-3,RD-23,,LAYER-3,,2,,,APPROVED AS NOTED,DONE,4,DR/ OMAR OSMAN,1,,,
866,Thu,03-09-26,79393,44,AL Alamiaa,DPL,02-09-26,,,43.4,Fill,V0-3,VILLA 90,,LAYER-2,,2,,,APPROVED AS NOTED,DONE,4,DR/ OMAR OSMAN,1,,,
867,Thu,03-09-26,79394,44,AL Alamiaa,DPL,02-09-26,,,36.2,Fill,V0-3,VILLA 91,,LAYER-2,,2,,,APPROVED AS NOTED,DONE,4,DR/ OMAR OSMAN,1,,,
868,Thu,03-09-26,79395,44,AL Alamiaa,DPL,02-09-26,,,66,Fill,V0-3,VILLA 92,,LAYER-3,,4,,,APPROVED AS NOTED,DONE,6,DR/ OMAR OSMAN,1,,,
869,Thu,03-09-26,79396,44,AL Alamiaa,DPL,01-09-26,,,52.8,Fill,V0-3,BH-17,,LAYER-1,,2,,,APPROVED AS NOTED,,4,DR/ OMAR OSMAN,2,,,
870,Thu,03-09-26,79397,44,Al Farook,DPL,01-09-26,,,49.3,Fill,V0-3,VILLA 72,,LAYER-3,,4,,,APPROVED AS NOTED,DONE,6,DR/ OMAR OSMAN,2,,,
871,Thu,03-09-26,79398,44,Al Motamayez,DPL,01-09-26,,,56.3,Fill,V0-3,BH-7,,LAYER-6,,4,,,APPROVED AS NOTED,,6,DR/ OMAR OSMAN,2,,,
872,Thu,03-09-26,79399,44,Al Farook,DPL,01-09-26,,,51.9,Natural Ground,V0-3,BH-13,,19,,10,,,APPROVED AS NOTED,DONE,12,DR/ OMAR OSMAN,2,,,
873,Thu,03-09-26,79400,44,Abnaa Hetler,SAND CONE,01-09-26,,,,Fill,V0-3,BH-11',,LAYER-9,,25,,,APPROVED AS NOTED,DONE,4,DR/ OMAR OSMAN,2,,,
874,Thu,03-09-26,79401,44,Al Masria 1,DPL,30-08-26,,,55.2,Fill,V0-3,VILLA 99,,LAYER-2,,2,,,APPROVED AS NOTED,DONE,4,HELIOPOLIS,4,,,
875,Thu,03-09-26,79402,44,Al Masria 1,DPL,30-08-26,,,62.8,Fill,V0-3,VILLA 100,,LAYER-2,,2,,,APPROVED AS NOTED,DONE,4,HELIOPOLIS,4,,,
876,Thu,03-09-26,79403,44,Al Masria 2,DPL,30-08-26,,,54.4,Fill,V0-3,VILLA 102,,LAYER-2,,2,,,APPROVED AS NOTED,,4,HELIOPOLIS,4,,,
877,Thu,03-09-26,79404,44,Arabco 2,DPL,01-09-26,,,46.8,Fill,V0-3,VILLA 36,,LAYER-5,,3,,,APPROVED AS NOTED,DONE,5,HELIOPOLIS,2,,,
878,Thu,03-09-26,79405,44,Arabco 2,DPL,01-09-26,,,59.1,Fill,V0-3,VILLA 33,,LAYER-6,,3,,,APPROVED AS NOTED,DONE,5,HELIOPOLIS,2,,,
879,Thu,03-09-26,79406,44,Arabco 2,DPL,01-09-26,,,65.3,Fill,V0-3,VILLA 34,,LAYER-7,,3,,,APPROVED AS NOTED,DONE,5,HELIOPOLIS,2,,,
880,Thu,03-09-26,79407,44,Arabco 2,DPL,01-09-26,,,45.5,Fill,V0-3,VILLA 35,,LAYER-6,,3,,,APPROVED AS NOTED,DONE,5,HELIOPOLIS,2,,,
881,Thu,03-09-26,79408,44,Al Ehsan,DPL,01-09-26,,,60.3,Fill,V0-3,VILLA 37,,LAYER-6,,2,,,APPROVED AS NOTED,DONE,4,HELIOPOLIS,2,,,
882,Thu,03-09-26,79409,44,Al Ehsan,DPL,01-09-26,,,49,Fill,V0-3,VILLA 38,,LAYER-6,,2,,,APPROVED AS NOTED,DONE,4,HELIOPOLIS,2,,,
883,Thu,03-09-26,79410,44,Al Ehsan,DPL,02-09-26,,,61.5,Fill,V0-3,VILLA 39,,LAYER-7,,2,,,APPROVED AS NOTED,DONE,4,HELIOPOLIS,1,,,
884,Thu,03-09-26,79411,44,Al Ehsan,DPL,01-09-26,,,59.7,Fill,V0-3,VILLA 40,,LAYER-6,,2,,,APPROVED AS NOTED,DONE,4,HELIOPOLIS,2,,,
885,Thu,03-09-26,79412,44,Al Ehsan,DPL,01-09-26,,,43.8,Fill,V0-3,VILLA 41,,LAYER-6,,2,,,APPROVED AS NOTED,DONE,4,HELIOPOLIS,2,,,
886,Thu,03-09-26,79413,44,Al Ehsan,DPL,01-09-26,,,43.5,Fill,V0-3,RD-10,,LAYER-3,,5,,,APPROVED AS NOTED,,7,HELIOPOLIS,2,,,
887,Thu,03-09-26,79414,44,Al Qimam,DPL,01-09-26,,,52.8,Fill,V0-3,BH-2,,LAYER-7,,7,,,APPROVED AS NOTED,DONE,9,HELIOPOLIS,2,,,
888,Thu,03-09-26,79415,44,Al Qimam,DPL,01-09-26,,,44.7,Fill,V0-3,VILLA 14,,LAYER-8,,2,,,APPROVED AS NOTED,DONE,4,HELIOPOLIS,2,,,
889,Thu,03-09-26,79416,44,Al Qimam,DPL,01-09-26,,,42.9,Fill,V0-3,VILLA 15,,LAYER-8,,2,,,APPROVED AS NOTED,DONE,4,HELIOPOLIS,2,,,
890,Thu,03-09-26,79417,44,Al Qimam,DPL,01-09-26,,,43,Fill,V0-3,VILLA 16,,LAYER-8,,2,,,APPROVED AS NOTED,DONE,4,HELIOPOLIS,2,,,
891,Thu,03-09-26,79418,44,Al Qimam,DPL,01-09-26,,,50.6,Fill,V0-3,VILLA 17,,LAYER-8,,2,,,APPROVED AS NOTED,DONE,4,HELIOPOLIS,2,,,
892,Thu,03-09-26,79419,44,Al Qimam,DPL,01-09-26,,,47.2,Fill,V0-3,VILLA 18,,LAYER-8,,3,,,APPROVED AS NOTED,DONE,5,HELIOPOLIS,2,,,
893,Thu,03-09-26,79420,44,Al Kifah,DPL,01-09-26,,,41.1,Fill,V0-3,BH-1,,LAYER-9,,5,,,APPROVED AS NOTED,DONE,7,HELIOPOLIS,2,,,
894,Thu,03-09-26,79421,44,Al Kifah,DPL,01-09-26,,,41.1,Fill,V0-3,BH-1,,LAYER-10,,5,,,APPROVED AS NOTED,DONE,7,HELIOPOLIS,2,,,
895,Thu,03-09-26,79422,44,Al Kifah,DPL,01-09-26,,,50.4,Fill,V0-3,RD-1,,LAYER-2,,18,,,APPROVED AS NOTED,,20,HELIOPOLIS,2,,,
896,Thu,03-09-26,79423,44,Al Masria 1,DPL,01-09-26,,,50.2,Fill,V0-3,VILLA 102,,LAYER-2,,2,,,APPROVED AS NOTED,,4,HELIOPOLIS,2,,,
897,Thu,03-09-26,79424,44,Al Masria 2,DPL,01-09-26,,,66.8,Fill,V0-3,VILLA 103,,LAYER-3,,2,,,APPROVED AS NOTED,,4,HELIOPOLIS,2,,,
898,Thu,03-09-26,79425,44,Al Masria 2,DPL,01-09-26,,,54.2,Fill,V0-3,VILLA 104,,LAYER-2,,2,,,APPROVED AS NOTED,DONE,4,HELIOPOLIS,2,,,
899,Thu,03-09-26,79426,44,Al Masria 2,DPL,01-09-26,,,58.1,Fill,V0-3,VILLA 105,,LAYER-1,,2,,,APPROVED AS NOTED,DONE,4,HELIOPOLIS,2,,,
900,Thu,03-09-26,79427,44,Abnaa Oraby,DPL,31-08-26,,,46.4,Fill,V0-3,VILLA 53,,LAYER-5,,2,,,APPROVED AS NOTED,DONE,4,HELIOPOLIS,3,,,
901,Thu,03-09-26,79428,44,Abnaa Oraby,DPL,01-09-26,,,60.8,Fill,V0-3,VILLA 54,,LAYER-5,,2,,,APPROVED AS NOTED,DONE,4,HELIOPOLIS,2,,,
902,Thu,03-09-26,79429,44,Abnaa Oraby,DPL,01-09-26,,,47.3,Fill,V0-3,VILLA 55,,LAYER-5,,2,,,APPROVED AS NOTED,DONE,4,HELIOPOLIS,2,,,
903,Thu,03-09-26,79430,44,Abnaa Oraby,DPL,01-09-26,,,44.7,Fill,V0-3,RD-9,,LAYER-3,,2,,,APPROVED AS NOTED,,4,HELIOPOLIS,2,,,
904,Thu,03-09-26,79431,44,Abnaa Oraby,DPL,01-09-26,,,64.6,Fill,V0-3,VILLA 56,,LAYER-6,,2,,,APPROVED AS NOTED,DONE,4,HELIOPOLIS,2,,,
905,Thu,03-09-26,79432,44,Abnaa Oraby,DPL,01-09-26,,,47.3,Fill,V0-3,BH-9',,LAYER-3,,5,,,APPROVED AS NOTED,DONE,7,HELIOPOLIS,2,,,
906,Thu,03-09-26,79433,44,Hosny Mubarak,DPL,01-09-26,,,50,Fill,V0-3,BH-4,,LAYER-11,,8,,,APPROVED AS NOTED,DONE,10,HELIOPOLIS,2,,,
907,Thu,03-09-26,79434,44,Hosny Mubarak,DPL,01-09-26,,,44.9,Fill,V0-3,VILLA 9,,LAYER-10,,3,,,APPROVED AS NOTED,DONE,5,HELIOPOLIS,2,,,
908,Thu,03-09-26,79435,44,Hosny Mubarak,DPL,01-09-26,,,38.5,Fill,V0-3,VILLA 10,,LAYER-10,,2,,,APPROVED AS NOTED,DONE,4,HELIOPOLIS,2,,,
909,Thu,03-09-26,79436,44,Hosny Mubarak,DPL,01-09-26,,,41.5,Fill,V0-3,VILLA 11,,LAYER-10,,2,,,APPROVED AS NOTED,DONE,4,HELIOPOLIS,2,,,
910,Thu,03-09-26,79437,44,Rock,DPL,01-09-26,,,46.8,Fill,V0-3,VILLA 57,,LAYER-6,,2,,,APPROVED AS NOTED,,4,HELIOPOLIS,2,,,
911,Thu,03-09-26,79438,44,Rock,DPL,01-09-26,,,44.3,Fill,V0-3,VILLA 58,,LAYER-6,,2,,,APPROVED AS NOTED,,4,HELIOPOLIS,2,,,
912,Thu,03-09-26,79439,44,Rock,DPL,01-09-26,,,44.7,Fill,V0-3,VILLA 59,,LAYER-6,,2,,,APPROVED AS NOTED,,4,HELIOPOLIS,2,,,
913,Thu,03-09-26,79440,44,Rock,DPL,01-09-26,,,69.4,Fill,V0-3,VILLA 60,,LAYER-5,,2,,,APPROVED AS NOTED,,4,HELIOPOLIS,2,,,
914,Thu,03-09-26,79441,44,Samy Asaad,DPL,01-09-26,,,36,Fill,V0-3,VILLA 109,,LAYER-1,,3,,,APPROVED AS NOTED,DONE,5,HELIOPOLIS,2,,,
915,Thu,03-09-26,79442,44,Samy Asaad,DPL,01-09-26,,,39.9,Fill,V0-3,VILLA 110,,LAYER-1,,3,,,APPROVED AS NOTED,DONE,5,HELIOPOLIS,2,,,
916,Thu,03-09-26,79443,44,Samy Asaad,DPL,01-09-26,,,48.6,Fill,V0-3,RD-20,,LAYER-1,,7,,,APPROVED AS NOTED,DONE,9,HELIOPOLIS,2,,,
917,Thu,03-09-26,79444,44,Ghali Aziz,DPL,01-09-26,,,39.3,Fill,V0-3,VILLA 30,,LAYER-1,,2,,,APPROVED AS NOTED,,4,HELIOPOLIS,2,,,
918,Thu,03-09-26,79445,44,Al Wadi Stone,DPL,01-09-26,,,47.3,Fill,V0-3,VILLA 47,,LAYER-4,,2,,,APPROVED AS NOTED,DONE,4,HELIOPOLIS,2,,,
919,Thu,03-09-26,79446,44,Al Wadi Stone,DPL,01-09-26,,,66.4,Fill,V0-3,VILLA 48,,LAYER-5,,3,,,APPROVED AS NOTED,DONE,5,HELIOPOLIS,2,,,
920,Thu,03-09-26,79447,44,Al Masria 1,SOIL,02-09-26,A-4,58.80%,,Bottom of excavation,V0-3,BH-19,,,,1,Sieve analysis,,APPROVED AS NOTED,DONE,2,LOGIC,1,,,
921,Thu,03-09-26,79448,44,Al Wadi Stone,PLATE LOAD,02-09-26,,,,Fill,V0-3,VILLA 49,,20.25,,1,,,APPROVED AS NOTED,,3,HELIOPOLIS,1,,,
922,Thu,03-09-26,79449,44,Hosny Mubarak,PLATE LOAD,02-09-26,,,,Fill,V0-3,VILLA 9,,23.2,,1,,,APPROVED AS NOTED,DONE,3,GLOBAL LAB,1,,,
923,Thu,03-09-26,79450,44,Hosny Mubarak,PLATE LOAD,02-09-26,,,,Fill,V0-3,VILLA 10,,23.2,,1,,,APPROVED AS NOTED,DONE,3,GLOBAL LAB,1,,,
924,Thu,03-09-26,79451,44,Hosny Mubarak,PLATE LOAD,02-09-26,,,,Fill,V0-3,VILLA 11,,23.2,,1,,,APPROVED AS NOTED,DONE,3,GLOBAL LAB,1,,,
925,Thu,03-09-26,79452,44,Abnaa Oraby,PLATE LOAD,02-09-26,,,,Fill,V0-3,VILLA 52,,20.1,,1,,,APPROVED AS NOTED,DONE,3,GLOBAL LAB,1,,,
926,Thu,03-09-26,79453,44,Abnaa Oraby,PLATE LOAD,02-09-26,,,,Fill,V0-3,VILLA 53,,20.1,,1,,,APPROVED AS NOTED,DONE,3,GLOBAL LAB,1,,,
927,Thu,03-09-26,79454,44,Al Qimam,PLATE LOAD,02-09-26,,,,Fill,V0-3,BH-2,,22.35,,1,,,APPROVED AS NOTED,DONE,3,GLOBAL LAB,1,,,
928,Thu,03-09-26,79455,44,Al Hamd,SOIL,02-09-26,A-4,66.20%,,Bottom of excavation,V0-3,VILLA 126,,,,1,Sieve analysis,,APPROVED AS NOTED,DONE,2,LOGIC,1,,,
929,Thu,03-09-26,79456,44,Al Hamd,SOIL,02-09-26,A-4,45.80%,,Bottom of excavation,V0-3,VILLA 124,,,,1,Sieve analysis,,APPROVED AS NOTED,DONE,2,LOGIC,1,,,
930,Thu,03-09-26,79457,44,Al Hamd,SOIL,02-09-26,A-4,42.60%,,Bottom of excavation,V0-3,VILLA 122,,,,1,Sieve analysis,,APPROVED AS NOTED,DONE,2,LOGIC,1,,,
931,Thu,03-09-26,79458,44,Al Hamd,SOIL,02-09-26,A-4,43.40%,,Bottom of excavation,V0-3,VILLA 125,,,,1,Sieve analysis,,APPROVED AS NOTED,DONE,2,LOGIC,1,,,
932,Thu,03-09-26,79459,44,Al Hamd,SOIL,02-09-26,A-4,78.40%,,Bottom of excavation,V0-3,VILLA 127,,,,1,Sieve analysis,,APPROVED AS NOTED,DONE,2,LOGIC,1,,,
933,Thu,03-09-26,79460,44,Al Hamd,SOIL,02-09-26,A-4,39.80%,,Bottom of excavation,V0-3,VILLA 123,,,,1,Sieve analysis,,APPROVED AS NOTED,DONE,2,LOGIC,1,,,
934,Thu,03-09-26,79461,44,Al Masria 2,SOIL,02-09-26,A-4,65.60%,,Bottom of excavation,V0-3,BH-19',,,,1,Sieve analysis,,APPROVED AS NOTED,DONE,2,LOGIC,1,,,
935,Thu,03-09-26,79462,44,Samy Asaad,SOIL,02-09-26,A-1-B,2.60%,,Stockpile,V0-3,,,,,1,Sieve + Proctoer ,,APPROVED AS NOTED,,3,LOGIC,1,,,
936,Thu,03-09-26,79463,44,Al Masria 1,SOIL,02-09-26,A-1-B,28.60%,,Stockpile,V0-3,,,,,1,Sieve + Proctoer ,,APPROVED AS NOTED,DONE,3,LOGIC,1,,,
937,Tue,08-09-26,79467,44,Arabco 2,DPL,02-09-26,,,42.6,Fill,V0-3,VILLA 33,,LAYER-7,,3,,,APPROVED AS NOTED,DONE,5,HELIOPOLIS,6,,,
938,Tue,08-09-26,79468,44,Arabco 2,DPL,02-09-26,,,37.8,Fill,V0-3,VILLA 35,,LAYER-7,,3,,,APPROVED AS NOTED,DONE,5,HELIOPOLIS,6,,,
939,Tue,08-09-26,79469,44,Arabco 2,DPL,02-09-26,,,42.5,Fill,V0-3,VILLA 36,,LAYER-6,,3,,,APPROVED AS NOTED,DONE,5,HELIOPOLIS,6,,,
940,Tue,08-09-26,79470,44,Arabco 2,DPL,02-09-26,,,47.6,Fill,V0-3,BH-6,,LAYER-7,,6,,,APPROVED AS NOTED,DONE,8,HELIOPOLIS,6,,,
941,Tue,08-09-26,79471,44,Al Ehsan,DPL,02-09-26,,,45.6,Fill,V0-3,VILLA 37,,LAYER-7,,2,,,APPROVED AS NOTED,DONE,4,HELIOPOLIS,6,,,
942,Tue,08-09-26,79472,44,Al Ehsan,DPL,02-09-26,,,45.6,Fill,V0-3,VILLA 38,,LAYER-7,,2,,,APPROVED AS NOTED,DONE,4,HELIOPOLIS,6,,,
943,Tue,08-09-26,79473,44,Al Ehsan,DPL,02-09-26,,,45.5,Fill,V0-3,VILLA 39,,LAYER-6,,2,,,APPROVED AS NOTED,DONE,4,HELIOPOLIS,6,,,
944,Tue,08-09-26,79474,44,Al Ehsan,DPL,02-09-26,,,39.9,Fill,V0-3,VILLA 42,,LAYER-6,,2,,,APPROVED AS NOTED,DONE,4,HELIOPOLIS,6,,,
945,Tue,08-09-26,79475,44,Al Ehsan,DPL,02-09-26,,,43.35,Fill,V0-3,VILLA 43,,LAYER-6,,2,,,APPROVED AS NOTED,DONE,4,HELIOPOLIS,6,,,
946,Tue,08-09-26,79476,44,Al Ehsan,DPL,02-09-26,,,42.8,Fill,V0-3,VILLA 44,,LAYER-6,,2,,,APPROVED AS NOTED,DONE,4,HELIOPOLIS,6,,,
947,Tue,08-09-26,79477,44,Al Ehsan,SAND CONE,02-09-26,,,,Fill,V0-3,BH-10,,LAYER-4,,13,,,APPROVED AS NOTED,DONE,3,HELIOPOLIS,6,,,
948,Tue,08-09-26,79478,44,Hosny Mubarak,DPL,02-09-26,,,46.5,Fill,V0-3,VILLA 12,,LAYER-9,,2,,,APPROVED AS NOTED,DONE,4,HELIOPOLIS,6,,,
949,Tue,08-09-26,79479,44,Al Qimam,DPL,02-09-26,,,43.7,Fill,V0-3,VILLA 19,,LAYER-8,,3,,,APPROVED AS NOTED,DONE,5,HELIOPOLIS,6,,,
950,Tue,08-09-26,79480,44,Al Kifah,DPL,02-09-26,,,40.95,Fill,V0-3,VILLA 23,,LAYER-10,,2,,,APPROVED AS NOTED,DONE,4,HELIOPOLIS,6,,,
951,Tue,08-09-26,79481,44,Al Kifah,DPL,02-09-26,,,40.95,Fill,V0-3,VILLA 22,,LAYER-11,,2,,,APPROVED AS NOTED,DONE,4,HELIOPOLIS,6,,,
952,Tue,08-09-26,79482,44,Al Kifah,DPL,02-09-26,,,40.95,Fill,V0-3,VILLA 25,,LAYER-11,,2,,,APPROVED AS NOTED,DONE,4,HELIOPOLIS,6,,,
953,Tue,08-09-26,79483,44,Al Kifah,DPL,02-09-26,,,45.6,Fill,V0-3,VILLA 26,,LAYER-11,,2,,,APPROVED AS NOTED,DONE,4,HELIOPOLIS,6,,,
954,Tue,08-09-26,79484,44,Al Masria 1,SAND CONE,02-09-26,,,,Fill,V0-3,VILLA 99,,LAYER-3,,8,,,APPROVED AS NOTED,DONE,2,HELIOPOLIS,6,,,
955,Tue,08-09-26,79485,44,Al Masria 1,SAND CONE,02-09-26,,,,Fill,V0-3,VILLA 101,,LAYER-3,,8,,,APPROVED AS NOTED,DONE,2,HELIOPOLIS,6,,,
956,Tue,08-09-26,79486,44,Hosny Mubarak,DPL,02-09-26,,,43,Fill,V0-3,BH-4,,LAYER-12,,8,,,APPROVED AS NOTED,DONE,10,HELIOPOLIS,6,,,
957,Tue,08-09-26,79487,44,Ghali Aziz,SAND CONE,02-09-26,,,,Fill,V0-3,VILLA 31,,LAYER-3,,8,,,APPROVED AS NOTED,DONE,2,HELIOPOLIS,6,,,
958,Tue,08-09-26,79488,44,Ghali Aziz,SAND CONE,02-09-26,,,,Fill,V0-3,VILLA 32,,LAYER-4,,8,,,APPROVED AS NOTED,DONE,2,HELIOPOLIS,6,,,
959,Tue,08-09-26,79489,44,Al Wadi Stone,DPL,02-09-26,,,46.5,Fill,V0-3,VILLA 51,,LAYER-5,,2,,,APPROVED AS NOTED,DONE,4,HELIOPOLIS,6,,,
960,Tue,08-09-26,79490,44,Al Wadi Stone,DPL,02-09-26,,,46.5,Fill,V0-3,VILLA 50,,LAYER-5,,2,,,APPROVED AS NOTED,DONE,4,HELIOPOLIS,6,,,
961,Tue,08-09-26,79491,44,Al Masria 1,SAND CONE,02-09-26,,,,Fill,V0-3,VILLA 100,,LAYER-3,,8,,,APPROVED AS NOTED,DONE,2,HELIOPOLIS,6,,,
962,Tue,08-09-26,79492,44,Al Kifah,DPL,02-09-26,,,52.82,Fill,V0-3,BH-1,,LAYER-11,,5,,,APPROVED AS NOTED,DONE,7,CEL,6,,,
963,Tue,08-09-26,79493,44,Al Kifah,DPL,02-09-26,,,85.3,Fill,V0-3,VILLA 21,,LAYER-9,,2,,,APPROVED AS NOTED,DONE,4,CEL,6,,,
964,Tue,08-09-26,79494,44,Al Kifah,DPL,02-09-26,,,39.4,Fill,V0-3,VILLA 22,,LAYER-9,,2,,,APPROVED AS NOTED,DONE,4,CEL,6,,,
965,Tue,08-09-26,79495,44,Al Kifah,DPL,02-09-26,,,38.7,Fill,V0-3,VILLA 20,,LAYER-9,,3,,,APPROVED AS NOTED,DONE,5,CEL,6,,,
966,Tue,08-09-26,79496,44,Al Farook,PLATE LOAD,02-09-26,,,,Fill,V0-3,BH-13,,19,,2,,5800,APPROVED AS NOTED,DONE,5,GLOBAL LAB,6,,,
967,Tue,08-09-26,79497,44,Abnaa Hetler,SOIL,02-09-26,A-1-B,19.40%,,Stockpile,V0-3,,,,,1,Sieve + Proctoer ,,APPROVED AS NOTED,DONE,4,CEL,6,,,
968,Tue,08-09-26,79498,44,Abnaa Hetler,SOIL,02-09-26,A-1-B,13.20%,,Stockpile,V0-3,,,,,1,Sieve + Proctoer ,,APPROVED AS NOTED,DONE,4,CEL,6,,,
969,Tue,08-09-26,79499,44,Al Farook,SOIL,02-09-26,A-1-B,11.00%,,Stockpile,V0-3,,,,,1,Sieve + Proctoer ,,APPROVED AS NOTED,DONE,4,CEL,6,,,
970,Tue,08-09-26,79500,44,Al Motamayez,SOIL,02-09-26,A-1-B,21.60%,,Stockpile,V0-3,,,,,1,Sieve + Proctoer ,,APPROVED AS NOTED,DONE,4,CEL,6,,,
971,Tue,08-09-26,79501,44,Hosny Mubarak,PLATE LOAD,02-09-26,,,,Fill,V0-3,BH-23,,20.9,,1,,2930,APPROVED AS NOTED,DONE,3,GLOBAL LAB,6,,,
972,Tue,08-09-26,79502,44,Al Motamayez,PLATE LOAD,02-09-26,,,,Fill,V0-3,VILLA 5,,22.5,,1,,1200,APPROVED AS NOTED,DONE,3,HELIOPOLIS,6,,,
973,Tue,08-09-26,79503,44,Al Motamayez,PLATE LOAD,02-09-26,,,,Fill,V0-3,VILLA 4,,22.5,,1,,1200,APPROVED AS NOTED,DONE,3,HELIOPOLIS,6,,,
974,Tue,08-09-26,79504,44,Al Motamayez,PLATE LOAD,02-09-26,,,,Fill,V0-3,VILLA 3,,22.5,,1,,1200,APPROVED AS NOTED,DONE,3,HELIOPOLIS,6,,,
975,Tue,08-09-26,79505,44,Al Motamayez,PLATE LOAD,02-09-26,,,,Fill,V0-3,RD-7(EX V 4),,22.5,,1,,1200,APPROVED AS NOTED,DONE,3,HELIOPOLIS,6,,,
976,Tue,08-09-26,79506,44,Al Qimam,DPL,02-09-26,,,39.1,Fill,V0-3,RD-2,,LAYER-6,,2,,,APPROVED AS NOTED,DONE,4,CEL,6,,,
977,Tue,08-09-26,79507,44,Abnaa Hetler,DPL,03-09-26,,,45.25,Fill,V0-3,VILLA 2,,LAYER-11,,3,,,APPROVED AS NOTED,DONE,5,DR/ OMAR OSMAN,5,,,
978,Tue,08-09-26,79508,44,Abnaa Hetler,DPL,03-09-26,,,36.17,Fill,V0-3,VILLA 1,,LAYER-11,,4,,,APPROVED AS NOTED,DONE,6,CEL,5,,,
979,Tue,08-09-26,79509,44,Al Motamayez,DPL,03-09-26,,,41.86,Fill,V0-3,BH-7,,LAYER-7,,5,,,APPROVED AS NOTED,DONE,7,CEL,5,,,
980,Tue,08-09-26,79510,44,Al Farook,DPL,03-09-26,,,39.1,Fill,V0-3,RD-13,,LAYER-1,,3,,,APPROVED AS NOTED,DONE,5,CEL,5,,,
981,Tue,08-09-26,79511,44,Hosny Mubarak,DPL,03-09-26,,,44.2,Fill,V0-3,BH-23,,LAYER-5,,7,,,APPROVED AS NOTED,DONE,9,CEL,5,,,
982,Tue,08-09-26,79512,44,Abnaa Hetler,DPL,03-09-26,,,43.5,Fill,V0-3,BH-11,,LAYER-9,,12,,,APPROVED AS NOTED,DONE,14,CEL,5,,,
983,Tue,08-09-26,79513,44,Abnaa Hetler,DPL,03-09-26,,,40.53,Fill,V0-3,BH-11',,LAYER-10,,12,,,APPROVED AS NOTED,DONE,14,CEL,5,,,
984,Tue,08-09-26,79514,44,AL Alamiaa,DPL,03-09-26,,,39.55,Fill,V0-3,VILLA 93,,LAYER-2,,2,,,APPROVED AS NOTED,DONE,4,CEL,5,,,
985,Tue,08-09-26,79515,44,Al Ayed,SOIL,03-09-26,A-6,80.20%,,Natural Ground,V0-3,VILLA 157,,,,1,Sieve analysis,,APPROVED AS NOTED,DONE,3,CEL,5,,,
986,Tuesday,09-09-26,79762,44,Al Ayed,DPL,07-09-26,,,60.1,Fill,V0-3,VILLA 157,,LAYER-1,,2,,,APPROVED AS NOTED,DONE,4,DR/ OMAR OSMAN,2,,,
987,Thursday,10-09-26,79900,44,Al Ayed,DPL,09-09-26,,,47.4,Fill,V0-3,VILLA 157,,LAYER-2,18.65,3,,,APPROVED AS NOTED,DONE,5,DR/ OMAR OSMAN,1,,,
988,Friday,11-09-26,79982,44,Al Ayed,DPL,10-09-26,,,45.23,Fill,V0-3,VILLA 157,,LAYER-3,19.15,2,,,APPROVED AS NOTED,DONE,4,DR/ OMAR OSMAN,1,,,
989,Tue,08-09-26,79519,44,HIgh Dam,SOIL,03-09-26,A-1-B,18.80%,,Stockpile,V0-3,,,,,1,Sieve + Proctoer ,,APPROVED AS NOTED,DONE,4,CEL,5,,,
990,Tue,08-09-26,79520,44,HIgh Dam,SOIL,03-09-26,A-1-B,18.00%,,Stockpile,V0-3,,,,,1,Sieve + Proctoer ,,APPROVED AS NOTED,DONE,4,CEL,5,,,
991,Tue,08-09-26,79521,44,Rock,SOIL,03-09-26,A-4,86.60%,,Bottom of excavation,V0-3,RD-8,,,,1,Sieve analysis,,APPROVED AS NOTED,DONE,2,LOGIC,5,,,
992,Tue,08-09-26,79522,44,Hosny Mubarak,PLATE LOAD,03-09-26,,,,Fill,V0-3,BH-4,,,,2,,,APPROVED AS NOTED,DONE,5,HELIOPOLIS,5,,,
993,Tue,08-09-26,79523,44,Al Selme,SOIL,03-09-26,A-4,79.60%,,Bottom of excavation,V0-3,VILLA 116,,,,1,Sieve analysis,,APPROVED AS NOTED,DONE,2,LOGIC,5,,,
994,Tue,08-09-26,79524,44,Ghali Aziz,SOIL,03-09-26,A-1-B,18.00%,,Stockpile,V0-3,,,,,1,Sieve + Proctoer ,,APPROVED AS NOTED,DONE,3,LOGIC,5,,,
995,Tue,08-09-26,79525,44,Al Qimam,SOIL,03-09-26,A-1-B,16.00%,,Stockpile,V0-3,,,,,1,Sieve + Proctoer ,,APPROVED AS NOTED,DONE,3,LOGIC,5,,,
996,Tue,08-09-26,79526,44,Ghali Aziz,SOIL,03-09-26,A-1-B,22.80%,,Stockpile,V0-3,,,,,1,Sieve + Proctoer ,,APPROVED AS NOTED,DONE,3,LOGIC,5,,,
997,Tue,08-09-26,79527,44,Al Qimam,SOIL,03-09-26,A-1-B,14.80%,,Stockpile,V0-3,,,,,1,Sieve + Proctoer ,,APPROVED AS NOTED,DONE,3,LOGIC,5,,,
998,Tue,08-09-26,79528,44,Al Wadi Stone,SOIL,03-09-26,A-1-B,10.20%,,Stockpile,V0-3,,,,,1,Sieve + Proctoer ,,APPROVED AS NOTED,DONE,3,LOGIC,5,,,
999,Tue,08-09-26,79529,44,Al Kifah,SOIL,03-09-26,A-1-B,23.40%,,Stockpile,V0-3,,,,,1,Sieve + Proctoer ,,APPROVED AS NOTED,DONE,3,LOGIC,5,,,
1000,Tue,08-09-26,79530,44,Al Kifah,SOIL,03-09-26,A-1-B,29.20%,,Stockpile,V0-3,,,,,1,Sieve + Proctoer ,,APPROVED AS NOTED,DONE,3,LOGIC,5,,,
1001,Tue,08-09-26,79531,44,Al Ehsan,SOIL,03-09-26,A-1-B,13.00%,,Stockpile,V0-3,,,,,1,Sieve + Proctoer ,,APPROVED AS NOTED,DONE,3,LOGIC,5,,,
1002,Tue,08-09-26,79532,44,Al Ehsan,SOIL,03-09-26,A-1-B,22.80%,,Stockpile,V0-3,,,,,1,Sieve + Proctoer ,,APPROVED AS NOTED,DONE,3,LOGIC,5,,,
1003,Tue,08-09-26,79533,44,Samy Asaad,DPL,03-09-26,,,39.14,Fill,V0-3,RD-20,,LAYER-2,,6,,,APPROVED AS NOTED,DONE,8,HELIOPOLIS,5,,,
1004,Tue,08-09-26,79534,44,Samy Asaad,DPL,03-09-26,,,39.55,Fill,V0-3,VILLA 109,,LAYER-2,,3,,,APPROVED AS NOTED,DONE,5,HELIOPOLIS,5,,,
1005,Tue,08-09-26,79535,44,Samy Asaad,DPL,03-09-26,,,38,Fill,V0-3,VILLA 110,,LAYER-2,,3,,,APPROVED AS NOTED,DONE,5,HELIOPOLIS,5,,,
1006,Tue,08-09-26,79536,44,Samy Asaad,DPL,03-09-26,,,38,Fill,V0-3,VILLA 111,,LAYER-1,,3,,,APPROVED AS NOTED,DONE,5,HELIOPOLIS,5,,,
1007,Tue,08-09-26,79537,44,Al Masria 1,DPL,03-09-26,,,41.2,Fill,V0-3,RD-19,,LAYER-1,,2,,,APPROVED AS NOTED,DONE,4,HELIOPOLIS,5,,,
1008,Tue,08-09-26,79538,44,Al Masria 1,DPL,03-09-26,,,74.23,Fill,V0-3,RD-19',,LAYER-1,,4,,,APPROVED AS NOTED,DONE,6,HELIOPOLIS,5,,,
1009,Tue,08-09-26,79539,44,Ghali Aziz,DPL,03-09-26,,,59.7,Fill,V0-3,VILLA 28,,LAYER-3,,2,,,APPROVED AS NOTED,DONE,4,HELIOPOLIS,5,,,
1010,Tue,08-09-26,79540,44,Ghali Aziz,DPL,03-09-26,,,63.1,Fill,V0-3,VILLA 27,,LAYER-3,,2,,,APPROVED AS NOTED,DONE,4,HELIOPOLIS,5,,,
1011,Tue,08-09-26,79541,44,Ghali Aziz,DPL,03-09-26,,,40.2,Fill,V0-3,BH-3,,LAYER-5,,11,,,APPROVED AS NOTED,DONE,13,HELIOPOLIS,5,,,
1012,Tue,08-09-26,79542,44,Rock,DPL,03-09-26,,,46.3,Fill,V0-3,VILLA 57,,LAYER-7,,2,,,APPROVED AS NOTED,DONE,4,HELIOPOLIS,5,,,
1013,Tue,08-09-26,79543,44,Rock,DPL,03-09-26,,,54.67,Fill,V0-3,VILLA 58,,LAYER-7,,2,,,APPROVED AS NOTED,DONE,4,HELIOPOLIS,5,,,
1014,Tue,08-09-26,79544,44,Al Wadi Stone,DPL,03-09-26,,,46.14,Fill,V0-3,BH-9,,LAYER-3,,5,,,APPROVED AS NOTED,DONE,7,HELIOPOLIS,5,,,
1015,Tue,08-09-26,79545,44,Al Qimam,DPL,03-09-26,,,56.4,Fill,V0-3,VILLA 14,,LAYER-9,,2,,,APPROVED AS NOTED,DONE,4,HELIOPOLIS,5,,,
1016,Tue,08-09-26,79546,44,Al Qimam,DPL,03-09-26,,,52.5,Fill,V0-3,VILLA 15,,LAYER-9,,2,,,APPROVED AS NOTED,DONE,4,HELIOPOLIS,5,,,
1017,Tue,08-09-26,79547,44,Al Qimam,DPL,03-09-26,,,50.2,Fill,V0-3,VILLA 16,,LAYER-9,,2,,,APPROVED AS NOTED,DONE,4,HELIOPOLIS,5,,,
1018,Tue,08-09-26,79548,44,Al Qimam,DPL,03-09-26,,,55.7,Fill,V0-3,VILLA 17,,LAYER-9,,2,,,APPROVED AS NOTED,DONE,4,HELIOPOLIS,5,,,
1019,Tue,08-09-26,79549,44,Al Qimam,DPL,03-09-26,,,51,Fill,V0-3,VILLA 18,,LAYER-9,,2,,,APPROVED AS NOTED,DONE,4,HELIOPOLIS,5,,,
1020,Tue,08-09-26,79550,44,Al Qimam,DPL,03-09-26,,,69.5,Fill,V0-3,RD-2,,LAYER-7,,2,,,APPROVED AS NOTED,DONE,4,HELIOPOLIS,5,,,
1021,Tue,08-09-26,79551,44,Al Kifah,DPL,03-09-26,,,38,Fill,V0-3,BH-1,,LAYER-12,,5,,,APPROVED AS NOTED,DONE,7,HELIOPOLIS,5,,,
1022,Tue,08-09-26,79552,44,Rock,DPL,03-09-26,,,43,Fill,V0-3,VILLA 59,,LAYER-7,,2,,,APPROVED AS NOTED,DONE,4,HELIOPOLIS,5,,,
1023,Tue,08-09-26,79553,44,Rock,DPL,02-09-26,,,42.8,Fill,V0-3,VILLA 60,,LAYER-6,,2,,,APPROVED AS NOTED,DONE,4,HELIOPOLIS,6,,,
1024,Tue,08-09-26,79554,44,Hosny Mubarak,DPL,02-09-26,,,47.28,Fill,V0-3,VILLA 11,,LAYER-11,,2,,,APPROVED AS NOTED,DONE,4,HELIOPOLIS,6,,,
1025,Tue,08-09-26,79555,44,Hosny Mubarak,DPL,02-09-26,,,35.4,Fill,V0-3,VILLA 10,,LAYER-11,,2,,,APPROVED AS NOTED,DONE,4,HELIOPOLIS,6,,,
1026,Tue,08-09-26,79556,44,Hosny Mubarak,DPL,02-09-26,,,34.9,Fill,V0-3,VILLA 9,,LAYER-11,,2,,,APPROVED AS NOTED,DONE,4,HELIOPOLIS,6,,,
1027,Tue,08-09-26,79557,44,Arabco 2,DPL,03-09-26,,,37.46,Fill,V0-3,VILLA 33,,LAYER-8,,3,,,APPROVED AS NOTED,DONE,5,CEL,5,,,
1028,Tue,08-09-26,79558,44,Arabco 2,DPL,03-09-26,,,43.5,Fill,V0-3,VILLA 34,,LAYER-8,,3,,,APPROVED AS NOTED,DONE,5,CEL,5,,,
1029,Tue,08-09-26,79559,44,Abnaa Oraby,DPL,02-09-26,,,41,Fill,V0-3,VILLA 55,,LAYER-6,,3,,,APPROVED AS NOTED,DONE,5,HELIOPOLIS,6,,,
1030,Tue,08-09-26,79560,44,Hosny Mubarak,DPL,03-09-26,,,42.65,Fill,V0-3,RD-4(EX V 10),,LAYER-1,,2,,,APPROVED AS NOTED,DONE,4,HELIOPOLIS,5,,,
1031,Tue,08-09-26,79561,44,Hosny Mubarak,DPL,03-09-26,,,42.65,Fill,V0-3,RD-4(EX V 9),,LAYER-1,,2,,,APPROVED AS NOTED,DONE,4,HELIOPOLIS,5,,,
1032,Tue,08-09-26,79562,44,Al Ehsan,DPL,02-09-26,,,40.95,Fill,V0-3,VILLA 40,,LAYER-7,,2,,,APPROVED AS NOTED,DONE,4,HELIOPOLIS,6,,,
1033,Tue,08-09-26,79563,44,Al Ehsan,DPL,02-09-26,,,45.8,Fill,V0-3,VILLA 41,,LAYER-7,,2,,,APPROVED AS NOTED,DONE,4,HELIOPOLIS,6,,,
1034,Tue,08-09-26,79564,44,Abnaa Oraby,DPL,02-09-26,,,42,Fill,V0-3,VILLA 56,,LAYER-7,,3,,,APPROVED AS NOTED,DONE,5,HELIOPOLIS,6,,,
1035,Tue,08-09-26,79565,44,Al Qimam,DPL,02-09-26,,,45.13,Fill,V0-3,BH-2,,LAYER-8,,7,,,APPROVED AS NOTED,DONE,9,HELIOPOLIS,6,,,
1036,Tue,08-09-26,79566,44,Hosny Mubarak,DPL,02-09-26,,,65.84,Fill,V0-3,VILLA 12,,LAYER-10,,3,,,APPROVED AS NOTED,DONE,5,HELIOPOLIS,6,,,
1037,Tue,08-09-26,79567,44,Al Kifah,DPL,02-09-26,,,56.44,Fill,V0-3,RD-1,,LAYER-3,,17,,,APPROVED AS NOTED,DONE,19,HELIOPOLIS,6,,,
1038,Tue,08-09-26,79568,44,Al Ehsan,DPL,02-09-26,,,47.46,Fill,V0-3,RD-10,,LAYER-4,,5,,,APPROVED AS NOTED,DONE,7,HELIOPOLIS,6,,,
1039,Tue,08-09-26,79569,44,Arabco,DPL,02-09-26,,,40.1,Fill,V0-3,BH-6,,LAYER-8,,5,,,APPROVED AS NOTED,DONE,7,HELIOPOLIS,6,,,
1040,Tue,08-09-26,79570,44,Arabco 2,DPL,02-09-26,,,41.2,Fill,V0-3,VILLA 36,,LAYER-7,,3,,,APPROVED AS NOTED,DONE,5,HELIOPOLIS,6,,,
1041,Tue,08-09-26,79571,44,Ghali Aziz,DPL,02-09-26,,,45.22,Fill,V0-3,VILLA 29,,LAYER-1,,3,,,APPROVED AS NOTED,DONE,5,HELIOPOLIS,6,,,
1042,Tue,08-09-26,79572,44,Ghali Aziz,DPL,03-09-26,,,38.2,Fill,V0-3,VILLA 30,,LAYER-2,,2,,,APPROVED AS NOTED,DONE,4,HELIOPOLIS,5,,,
1043,Tue,08-09-26,79573,44,Samy Asaad,DPL,03-09-26,,,38,Fill,V0-3,VILLA 109,,LAYER-3,,3,,,APPROVED AS NOTED,DONE,5,HELIOPOLIS,5,,,
1044,Tue,08-09-26,79574,44,Samy Asaad,DPL,03-09-26,,,40.24,Fill,V0-3,VILLA 110,,LAYER-3,,3,,,APPROVED AS NOTED,DONE,5,HELIOPOLIS,5,,,
1045,Tue,08-09-26,79575,44,Samy Asaad,DPL,03-09-26,,,39.55,Fill,V0-3,VILLA 111,,LAYER-2,,4,,,APPROVED AS NOTED,DONE,6,HELIOPOLIS,5,,,
1046,Tue,08-09-26,79576,44,Samy Asaad,DPL,03-09-26,,,43.95,Fill,V0-3,RD-20,,LAYER-3,,7,,,APPROVED AS NOTED,DONE,9,HELIOPOLIS,5,,,
1047,Tue,08-09-26,79577,44,Abnaa Oraby,DPL,04-09-26,,,41.35,Fill,V0-3,VILLA 52,,LAYER-6,,2,,,APPROVED AS NOTED,DONE,4,HELIOPOLIS,4,,,
1048,Tue,08-09-26,79578,44,Abnaa Oraby,DPL,04-09-26,,,39.27,Fill,V0-3,VILLA 53,,LAYER-6,,2,,,APPROVED AS NOTED,DONE,4,HELIOPOLIS,4,,,
1049,Tue,08-09-26,79579,44,Abnaa Oraby,DPL,04-09-26,,,44.55,Fill,V0-3,VILLA 54,,LAYER-6,,2,,,APPROVED AS NOTED,DONE,4,HELIOPOLIS,4,,,
1050,Tue,08-09-26,79580,44,Abnaa Oraby,DPL,04-09-26,,,37.41,Fill,V0-3,RD-9,,LAYER-7,,2,,,APPROVED AS NOTED,DONE,4,HELIOPOLIS,4,,,
1051,Tue,08-09-26,79581,44,Al Qimam,DPL,04-09-26,,,43.1,Fill,V0-3,VILLA 19,,LAYER-9,,3,,,APPROVED AS NOTED,DONE,5,HELIOPOLIS,4,,,
1052,Tue,08-09-26,79582,44,Al Kifah,DPL,04-09-26,,,43.9,Fill,V0-3,VILLA 21,,LAYER-10,,3,,,APPROVED AS NOTED,DONE,5,HELIOPOLIS,4,,,
1053,Tue,08-09-26,79583,44,Al Kifah,DPL,04-09-26,,,39.8,Fill,V0-3,VILLA 22,,LAYER-10,,2,,,APPROVED AS NOTED,DONE,4,HELIOPOLIS,4,,,
1054,Tue,08-09-26,79584,44,Al Wadi Stone,DPL,04-09-26,,,40.33,Fill,V0-3,RD-9',,LAYER-1,,3,,,APPROVED AS NOTED,DONE,5,HELIOPOLIS,4,,,
1055,Tue,08-09-26,79585,44,Hosny Mubarak,DPL,04-09-26,,,41.13,Fill,V0-3,VILLA 13,,LAYER-9,,3,,,APPROVED AS NOTED,DONE,5,HELIOPOLIS,4,,,
1056,Tue,08-09-26,79586,44,Hosny Mubarak,DPL,04-09-26,,,45.2,Fill,V0-3,BH-4,,LAYER-13,,9,,,APPROVED AS NOTED,DONE,11,HELIOPOLIS,4,,,
1057,Tue,08-09-26,79587,44,Al Selme,SOIL,04-09-26,A-2-4,33.00%,,Bottom of excavation,V0-3,RD-21,,,,1,Sieve analysis,,APPROVED AS NOTED,DONE,2,LOGIC,4,,,
1058,Tue,08-09-26,79588,44,ARABCO,SOIL,04-09-26,A-1-B,26.20%,,Stockpile,V0-3,,,,,1,Sieve + Proctoer ,,APPROVED AS NOTED,DONE,3,LOGIC,4,,,
1059,Tue,08-09-26,79589,44,Al Kifah,SOIL,04-09-26,A-1-B,20.40%,,Stockpile,V0-3,,,,,1,Sieve + Proctoer ,,APPROVED AS NOTED,DONE,3,LOGIC,4,,,
1060,Tue,08-09-26,79590,44,Arabco 2,SOIL,04-09-26,A-1-B,24.00%,,Stockpile,V0-3,,,,,1,Sieve + Proctoer ,,APPROVED AS NOTED,DONE,3,LOGIC,4,,,
1061,Tue,08-09-26,79591,44,Al Wadi Stone,PLATE LOAD,04-09-26,,,,Fill,V0-3,VILLA 50,,20.25,,1,,500,APPROVED AS NOTED,DONE,3,GLOBAL LAB,4,,,
1062,Tue,08-09-26,79592,44,Al Wadi Stone,PLATE LOAD,04-09-26,,,,Fill,V0-3,VILLA 51,,20.25,,1,,500,APPROVED AS NOTED,DONE,3,GLOBAL LAB,4,,,
1063,Tue,08-09-26,79593,44,Al Farook,PLATE LOAD,04-09-26,,,,Fill,V0-3,VILLA 71,,19.4,,1,,1200,APPROVED AS NOTED,DONE,3,HELIOPOLIS,4,,,
1064,Tue,08-09-26,79594,44,AL Alamiaa,PLATE LOAD,04-09-26,,,,Fill,V0-3,BH-17,,18.3,,3,,6850,APPROVED AS NOTED,DONE,7,GLOBAL LAB,4,,,
1065,Tue,08-09-26,79595,44,Hosny Mubarak,DPL,04-09-26,,,39.1,Fill,V0-3,VILLA 145,,LAYER-6,,2,,,APPROVED AS NOTED,DONE,4,CEL,4,,,
1066,Tue,08-09-26,79596,44,Hosny Mubarak,DPL,04-09-26,,,39.4,Fill,V0-3,VILLA 146,,LAYER-6,,2,,,APPROVED AS NOTED,DONE,4,CEL,4,,,
1067,Tue,08-09-26,79597,44,Al Farook,DPL,04-09-26,,,41.14,Fill,V0-3,VILLA 71,,LAYER-5,,3,,,APPROVED AS NOTED,DONE,5,DR/ OMAR OSMAN,4,,,
1068,Tue,08-09-26,79598,44,AL Alamiaa,DPL,04-09-26,,,36.7,Fill,V0-3,VILLA 94,,LAYER-4,,2,,,APPROVED AS NOTED,DONE,4,DR/ OMAR OSMAN,4,,,
1069,Tue,08-09-26,79599,44,AL Alamiaa,DPL,04-09-26,,,43,Fill,V0-3,VILLA 95,,LAYER-4,,2,,,APPROVED AS NOTED,DONE,4,DR/ OMAR OSMAN,4,,,
1070,Tue,08-09-26,79600,44,AL Alamiaa,DPL,04-09-26,,,43.75,Fill,V0-3,VILLA 96,,LAYER-3,,2,,,APPROVED AS NOTED,DONE,4,DR/ OMAR OSMAN,4,,,
1071,Tue,08-09-26,79601,44,AL Alamiaa,DPL,04-09-26,,,42.23,Fill,V0-3,VILLA 97,,LAYER-2,,2,,,APPROVED AS NOTED,DONE,4,DR/ OMAR OSMAN,4,,,
1072,Tue,08-09-26,79602,44,AL Alamiaa,DPL,04-09-26,,,37.2,Fill,V0-3,VILLA 98,,LAYER-2,,2,,,APPROVED AS NOTED,DONE,4,DR/ OMAR OSMAN,4,,,
1073,Tue,08-09-26,79603,44,Abnaa Hetler,DPL,04-09-26,,,40.95,Fill,V0-3,BH-11,,LAYER-10,,12,,,APPROVED AS NOTED,DONE,14,DR/ OMAR OSMAN,4,,,
1074,Tue,08-09-26,79604,44,Hosny Mubarak,PLATE LOAD,04-09-26,,,,Fill,V0-3,VILLA 12,,23.9,,1,,900,APPROVED AS NOTED,DONE,3,HELIOPOLIS,4,,,
1075,Tue,08-09-26,79605,44,Al Kifah,SAND CONE,05-09-26,,,,Fill,V0-3,BH-1,,LAYER-13,,10,,,APPROVED AS NOTED,DONE,2,HELIOPOLIS,3,,,
1076,Tue,08-09-26,79606,44,Al Wadi Stone,SAND CONE,05-09-26,,,,Fill,V0-3,VILLA 46,,LAYER-5,,3,,,APPROVED AS NOTED,DONE,2,HELIOPOLIS,3,,,
1077,Tuesday,08-09-26,79607,44,Al Wadi Stone,SAND CONE,05-09-26,,,,Fill,V0-3,VILLA 45,,LAYER-5,,3,,,APPROVED AS NOTED,DONE,2,HELIOPOLIS,3,,,
1078,Tuesday,08-09-26,79608,44,Al Masria 2,SAND CONE,05-09-26,,,,Fill,V0-3,VILLA 104,,LAYER-3,,6,,,APPROVED AS NOTED,DONE,2,HELIOPOLIS,3,,,
1079,Tuesday,08-09-26,79609,44,Al Masria 2,SAND CONE,05-09-26,,,,Fill,V0-3,VILLA 103,,LAYER-4,,4,,,APPROVED AS NOTED,DONE,2,HELIOPOLIS,3,,,
1080,Tuesday,08-09-26,79610,44,Al Masria 2,SAND CONE,05-09-26,,,,Fill,V0-3,VILLA 102,,LAYER-4,,6,,,APPROVED AS NOTED,DONE,2,HELIOPOLIS,3,,,
1081,Tuesday,08-09-26,79611,44,ARABCO,SAND CONE,05-09-26,,,,Fill,V0-3,BH-6,,LAYER-9,,10,,,APPROVED AS NOTED,DONE,2,HELIOPOLIS,3,,,
1082,Tuesday,08-09-26,79612,44,Al Ehsan,SAND CONE,05-09-26,,,,Fill,V0-3,BH-10,,LAYER-5,,10,,,APPROVED AS NOTED,DONE,2,HELIOPOLIS,3,,,
1083,Tuesday,08-09-26,79613,44,Al Qimam,SAND CONE,05-09-26,,,,Fill,V0-3,BH-2,,LAYER-9,,10,,,APPROVED AS NOTED,DONE,2,HELIOPOLIS,3,,,
1084,Tuesday,08-09-26,79614,44,ARABCO,SAND CONE,05-09-26,,,,Fill,V0-3,VILLA 8,,LAYER-12,,6,,,APPROVED AS NOTED,DONE,2,HELIOPOLIS,3,,,
1085,Tuesday,08-09-26,79615,44,ARABCO,SAND CONE,05-09-26,,,,Fill,V0-3,VILLA 7,,LAYER-12,,6,,,APPROVED AS NOTED,DONE,2,HELIOPOLIS,3,,,
1086,Tuesday,08-09-26,79616,44,ARABCO,SAND CONE,05-09-26,,,,Fill,V0-3,VILLA 6,,LAYER-12,,6,,,APPROVED AS NOTED,DONE,2,HELIOPOLIS,3,,,
1087,Tuesday,08-09-26,79617,44,Al Kifah,SAND CONE,05-09-26,,,,Fill,V0-3,VILLA 23,,LAYER-11,,2,,,APPROVED AS NOTED,DONE,2,HELIOPOLIS,3,,,
1088,Tuesday,08-09-26,79618,44,Al Kifah,SAND CONE,05-09-26,,,,Fill,V0-3,VILLA 20,,LAYER-10,,2,,,APPROVED AS NOTED,DONE,2,HELIOPOLIS,3,,,
1089,Tuesday,08-09-26,79619,44,Arabco 2,SAND CONE,05-09-26,,,,Fill,V0-3,VILLA 35,,LAYER-8,,6,,,APPROVED AS NOTED,DONE,2,HELIOPOLIS,3,,,
1090,Wednesday,09-09-26,79620,44,AL MOSTKBL,SOIL,05-09-26,A-6,82.00%,,Natural Ground,V0-3,VILLA 65,,,,1,Sieve analysis,,APPROVED AS NOTED,DONE,3,CEL,4,,,
1091,Wednesday,09-09-26,79621,44,AL MOSTKBL,SOIL,05-09-26,A-1-B,17.40%,,Stockpile,V0-3,,,,,1,Sieve + Proctoer ,,APPROVED AS NOTED,DONE,4,CEL,4,,,
1092,Wednesday,09-09-26,79622,44,Al Motamayez,SOIL,05-09-26,A-1-B,18.40%,,Stockpile,V0-3,,,,,1,Sieve + Proctoer ,,APPROVED AS NOTED,DONE,4,CEL,4,,,
1093,Wednesday,09-09-26,79623,44,Abnaa Hetler,SOIL,05-09-26,A-1-B,5.80%,,Stockpile,V0-3,,,,,1,Sieve + Proctoer ,,APPROVED AS NOTED,DONE,4,CEL,4,,,
1094,Wednesday,09-09-26,79624,44,EICO,SOIL,05-09-26,A-6,72.80%,,Natural Ground,V0-3,BH-15,,,,1,Sieve analysis,,APPROVED AS NOTED,DONE,3,CEL,4,,,
1095,Wednesday,09-09-26,79625,44,Hosny Mubarak,SOIL,05-09-26,A-1-B,12.60%,,Stockpile,V0-3,,,,,1,Sieve + Proctoer ,,APPROVED AS NOTED,DONE,4,CEL,4,,,
1096,Wednesday,09-09-26,79626,44,Abnaa Oraby,SOIL,05-09-26,A-1-B,14.80%,,Stockpile,V0-3,,,,,1,Sieve + Proctoer ,,APPROVED AS NOTED,DONE,3,LOGIC,4,,,
1097,Wednesday,09-09-26,79627,44,Abnaa Oraby,SOIL,05-09-26,A-1-B,24.20%,,Stockpile,V0-3,,,,,1,Sieve + Proctoer ,,APPROVED AS NOTED,DONE,3,LOGIC,4,,,
1098,Wednesday,09-09-26,79628,44,Hosny Mubarak,SOIL,05-09-26,A-1-B,14.60%,,Stockpile,V0-3,,,,,1,Sieve + Proctoer ,,APPROVED AS NOTED,DONE,3,LOGIC,4,,,
1099,Wednesday,09-09-26,79629,44,Samy Asaad,SOIL,05-09-26,A-1-B,21.80%,,Stockpile,V0-3,,,,,1,Sieve + Proctoer ,,APPROVED AS NOTED,DONE,3,LOGIC,4,,,
1100,Wednesday,09-09-26,79630,44,Al Qimam,SOIL,05-09-26,A-1-B,11.80%,,Stockpile,V0-3,,,,,1,Sieve + Proctoer ,,APPROVED AS NOTED,DONE,3,LOGIC,4,,,
1101,Wednesday,09-09-26,79631,44,Arabco 2,SOIL,05-09-26,A-1-B,21.00%,,Stockpile,V0-3,,,,,1,Sieve + Proctoer ,,APPROVED AS NOTED,DONE,3,LOGIC,4,,,
1102,Wednesday,09-09-26,79632,44,Arabco,SOIL,05-09-26,A-1-B,20.00%,,Stockpile,V0-3,,,,,1,Sieve + Proctoer ,,APPROVED AS NOTED,DONE,3,LOGIC,4,,,
1103,Wednesday,09-09-26,79633,44,Al Selme,SOIL,05-09-26,A-1-B,24.60%,,Stockpile,V0-3,,,,,1,Sieve + Proctoer ,,APPROVED AS NOTED,DONE,3,LOGIC,4,,,
1104,Wednesday,09-09-26,79634,44,Al Anoud,SOIL,05-09-26,A-2-4,26.60%,,Bottom of excavation,V0-3,BH-16,,,,1,Sieve analysis,,APPROVED AS NOTED,DONE,2,LOGIC,4,,,
1105,Wednesday,09-09-26,79635,44,Al Ehsan,PLATE LOAD,05-09-26,,,,Fill,V0-3,BH-10,,21.4,,1,,2950,APPROVED AS NOTED,DONE,3,GLOBAL LAB,4,,,
1106,Wednesday,09-09-26,79636,44,Ghali Aziz,PLATE LOAD,05-09-26,,,,Fill,V0-3,BH-3,,20.65,,1,,5331,APPROVED AS NOTED,DONE,3,HELIOPOLIS,4,,,
1107,Wednesday,09-09-26,79637,44,Al Kifah,PLATE LOAD,05-09-26,,,,Fill,V0-3,VILLA 20,,24.5,,1,,1339,APPROVED AS NOTED,DONE,3,HELIOPOLIS,4,,,
1108,Wednesday,09-09-26,79638,44,Al Kifah,PLATE LOAD,05-09-26,,,,Fill,V0-3,VILLA 22,,24.5,,1,,566,APPROVED AS NOTED,DONE,3,HELIOPOLIS,4,,,
1109,Wednesday,09-09-26,79639,44,Al Wadi Stone,PLATE LOAD,05-09-26,,,,Fill,V0-3,VILLA 48,,20.25,,1,,500,APPROVED AS NOTED,DONE,3,GLOBAL LAB,4,,,
1110,#REF!,09-09-26,79640,44,Al Masria 1,PLATE LOAD,05-09-26,,,,Fill,V0-3,VILLA 102,,20.35,,1,,891,APPROVED AS NOTED,DONE,3,HELIOPOLIS,4,,,
1111,Wednesday,09-09-26,79641,44,Al Masria 2,PLATE LOAD,05-09-26,,,,Fill,V0-3,VILLA 103,,20.35,,1,,961,APPROVED AS NOTED,DONE,3,HELIOPOLIS,4,,,
1112,Wednesday,09-09-26,79642,44,HIgh Dam,DPL,05-09-26,,,57.37,Fill,V0-3,RD-12,,LAYER-4,,2,,,APPROVED AS NOTED,DONE,4,DR/ OMAR OSMAN,4,,,
1113,Wednesday,09-09-26,79643,44,Hosny Mubarak,DPL,05-09-26,,,41.88,Fill,V0-3,BH-23,,LAYER-6,,6,,,APPROVED AS NOTED,DONE,8,CEL,4,,,
1114,Wednesday,09-09-26,79644,44,Hosny Mubarak,DPL,05-09-26,,,41.3,Fill,V0-3,VILLA 147,,LAYER-4,,2,,,APPROVED AS NOTED,DONE,4,CEL,4,,,
1115,Wednesday,09-09-26,79645,44,Hosny Mubarak,DPL,05-09-26,,,38,Fill,V0-3,VILLA 148,,LAYER-4,,2,,,APPROVED AS NOTED,DONE,4,CEL,4,,,
1116,Wednesday,09-09-26,79646,44,Hosny Mubarak,DPL,05-09-26,,,40.2,Fill,V0-3,RD-23,,LAYER-4,,2,,,APPROVED AS NOTED,DONE,4,CEL,4,,,
1117,Wednesday,09-09-26,79647,44,HIgh Dam,DPL,05-09-26,,,58.4,Fill,V0-3,VILLA 61,,LAYER-7,,2,,,APPROVED AS NOTED,DONE,4,DR/ OMAR OSMAN,4,,,
1118,Wednesday,09-09-26,79648,44,HIgh Dam,DPL,05-09-26,,,62.25,Fill,V0-3,VILLA 62,,LAYER-7,,3,,,APPROVED AS NOTED,DONE,5,DR/ OMAR OSMAN,4,,,
1119,Wednesday,09-09-26,79649,44,HIgh Dam,DPL,05-09-26,,,48,Fill,V0-3,VILLA 63,,LAYER-7,,2,,,APPROVED AS NOTED,DONE,4,DR/ OMAR OSMAN,4,,,
1120,Wednesday,09-09-26,79650,44,HIgh Dam,DPL,05-09-26,,,50.74,Fill,V0-3,VILLA 64,,LAYER-7,,2,,,APPROVED AS NOTED,DONE,4,DR/ OMAR OSMAN,4,,,
1121,Wednesday,09-09-26,79651,44,Al Farook,DPL,05-09-26,,,47.02,Fill,V0-3,VILLA 73,,LAYER-5,,2,,,APPROVED AS NOTED,DONE,4,DR/ OMAR OSMAN,4,,,
1122,Wednesday,09-09-26,79652,44,Al Farook,DPL,05-09-26,,,40.16,Fill,V0-3,VILLA 74,,LAYER-4,,2,,,APPROVED AS NOTED,DONE,4,DR/ OMAR OSMAN,4,,,
1123,Wednesday,09-09-26,79653,44,Al Motamayez,DPL,05-09-26,,,40,Fill,V0-3,BH-7,,LAYER-8,,4,,,APPROVED AS NOTED,DONE,6,DR/ OMAR OSMAN,4,,,
1124,Wednesday,09-09-26,79654,44,Target,DPL,05-09-26,,,37.04,Fill,V0-3,VILLA 81,,LAYER-5,,2,,,APPROVED AS NOTED,DONE,4,DR/ OMAR OSMAN,4,,,
1125,Wednesday,09-09-26,79655,44,Target,DPL,05-09-26,,,40.07,Fill,V0-3,VILLA 82,,LAYER-4,,2,,,APPROVED AS NOTED,DONE,4,DR/ OMAR OSMAN,4,,,
1126,Wednesday,09-09-26,79656,44,Target,DPL,05-09-26,,,41.2,Fill,V0-3,VILLA 83,,LAYER-2,,2,,,APPROVED AS NOTED,DONE,4,DR/ OMAR OSMAN,4,,,
1127,Wednesday,09-09-26,79657,44,Target,DPL,05-09-26,,,41.29,Fill,V0-3,VILLA 84,,LAYER-4,,2,,,APPROVED AS NOTED,DONE,4,DR/ OMAR OSMAN,4,,,
1128,Wednesday,09-09-26,79658,44,Target,DPL,05-09-26,,,37.2,Fill,V0-3,VILLA 85,,LAYER-4,,2,,,APPROVED AS NOTED,DONE,4,DR/ OMAR OSMAN,4,,,
1129,Wednesday,09-09-26,79659,44,Target,DPL,05-09-26,,,50.74,Fill,V0-3,VILLA 86,,LAYER-4,,2,,,APPROVED AS NOTED,DONE,4,DR/ OMAR OSMAN,4,,,
1130,Wednesday,09-09-26,79660,44,AL ALamiaa,DPL,05-09-26,,,45.67,Fill,V0-3,VILLA 90,,LAYER-3,,2,,,APPROVED AS NOTED,DONE,4,DR/ OMAR OSMAN,4,,,
1131,Wednesday,09-09-26,79661,44,AL ALamiaa,DPL,05-09-26,,,44.6,Fill,V0-3,VILLA 91,,LAYER-3,,2,,,APPROVED AS NOTED,DONE,4,DR/ OMAR OSMAN,4,,,
1132,Wednesday,09-09-26,79662,44,AL ALamiaa,DPL,05-09-26,,,38.6,Fill,V0-3,VILLA 92,,LAYER-4,,3,,,APPROVED AS NOTED,DONE,5,DR/ OMAR OSMAN,4,,,
1133,Wednesday,09-09-26,79663,44,Al Farook,PLATE LOAD,06-09-26,,,,Fill,V0-3,VILLA 73,,18.65,,1,,400,APPROVED AS NOTED,DONE,3,GLOBAL LAB,3,,,
1134,Wednesday,09-09-26,79664,44,Target,SOIL,06-09-26,A-1-B,24.20%,,Natural Ground,V0-3,RD-16,,,,1,Sieve analysis,,APPROVED AS NOTED,DONE,3,CEL,3,,,
1135,Wednesday,09-09-26,79665,44,Target,SOIL,06-09-26,A-6,60.00%,,Natural Ground,V0-3,VILLA 87,,,,1,Sieve analysis,,APPROVED AS NOTED,DONE,3,CEL,3,,,
1136,Wednesday,09-09-26,79666,44,Target,SOIL,06-09-26,A-4,43.80%,,Natural Ground,V0-3,VILLA 88,,,,1,Sieve analysis,,APPROVED AS NOTED,DONE,3,CEL,3,,,
1137,Wednesday,09-09-26,79667,44,Target,SOIL,06-09-26,A-4,50.80%,,Natural Ground,V0-3,BH-16,,,,1,Sieve analysis,,APPROVED AS NOTED,DONE,3,CEL,3,,,
1138,Tue,08-09-26,79516,44,Al Ayed,SOIL,03-09-26,A-6,75.40%,,Natural Ground,V0-3,VILLA 158,,,,1,Sieve analysis,,APPROVED AS NOTED,DONE,3,CEL,5,,,
1139,Wednesday,09-09-26,79669,44,Samy Asaad,DPL,06-09-26,,,37.3,Fill,V0-3,VILLA 109,,LAYER-4,,3,,,APPROVED AS NOTED,DONE,5,CEL,3,,,
1140,Wednesday,09-09-26,79670,44,Al Kifah,DPL,06-09-26,,,44.35,Fill,V0-3,VILLA 24,,LAYER-12,,2,,,APPROVED AS NOTED,DONE,4,CEL,3,,,
1141,Wednesday,09-09-26,79671,44,Al Kifah,DPL,06-09-26,,,39.25,Fill,V0-3,VILLA 25,,LAYER-12,,2,,,APPROVED AS NOTED,DONE,4,CEL,3,,,
1142,Wednesday,09-09-26,79672,44,Al Kifah,DPL,06-09-26,,,35.65,Fill,V0-3,VILLA 26,,LAYER-12,,2,,,APPROVED AS NOTED,DONE,4,CEL,3,,,
1143,Wednesday,09-09-26,79673,44,Al Qimam,DPL,06-09-26,,,39.45,Fill,V0-3,VILLA 17,,LAYER-10,,2,,,APPROVED AS NOTED,DONE,4,CEL,3,,,
1144,Wednesday,09-09-26,79674,44,Al Qimam,DPL,06-09-26,,,40.3,Fill,V0-3,VILLA 18,,LAYER-10,,3,,,APPROVED AS NOTED,DONE,5,CEL,3,,,
1145,Wednesday,09-09-26,79675,44,Al Qimam,DPL,06-09-26,,,37.75,Fill,V0-3,RD-2(EX V 19),,LAYER-1,,2,,,APPROVED AS NOTED,DONE,4,CEL,3,,,
1146,Wednesday,09-09-26,79676,44,Al Qimam,DPL,06-09-26,,,43.8,Fill,V0-3,RD-2(EX V 17),,LAYER-1,,2,,,APPROVED AS NOTED,DONE,4,CEL,3,,,
1147,Wednesday,09-09-26,79677,44,Al Qimam,DPL,06-09-26,,,38.95,Fill,V0-3,VILLA 19,,LAYER-10,,2,,,APPROVED AS NOTED,DONE,4,CEL,3,,,
1148,Wednesday,09-09-26,79678,44,Al Qimam,DPL,06-09-26,,,35.5,Fill,V0-3,RD-2-EX(V 18),,LAYER-1,,2,,,APPROVED AS NOTED,DONE,4,CEL,3,,,
1149,Wednesday,09-09-26,79679,44,Hosny Mubarak,DPL,06-09-26,,,38.65,Fill,V0-3,VILLA 11,,LAYER-12,,2,,,APPROVED AS NOTED,DONE,4,CEL,3,,,
1150,Wednesday,09-09-26,79680,44,Arabco 2,DPL,06-09-26,,,37.4,Fill,V0-3,VILLA 36,,LAYER-8,,3,,,APPROVED AS NOTED,DONE,5,HELIOPOLIS,3,,,
1151,Wednesday,09-09-26,79681,44,Al Masria 2,DPL,06-09-26,,,41.45,Fill,V0-3,VILLA 105,,LAYER-2,,2,,,APPROVED AS NOTED,DONE,4,HELIOPOLIS,3,,,
1152,Wednesday,09-09-26,79682,44,Al Qimam,DPL,06-09-26,,,36.4,Fill,V0-3,VILLA 16,,LAYER-10,,2,,,APPROVED AS NOTED,DONE,4,HELIOPOLIS,3,,,
1153,Wednesday,09-09-26,79683,44,Hosny Mubarak,DPL,06-09-26,,,39.75,Fill,V0-3,BH-4,,LAYER-14,,8,,,APPROVED AS NOTED,DONE,10,HELIOPOLIS,3,,,
1154,Wednesday,09-09-26,79684,44,Samy Asaad,DPL,06-09-26,,,36.25,Fill,V0-3,VILLA 110,,LAYER-4,,3,,,APPROVED AS NOTED,DONE,5,HELIOPOLIS,3,,,
1155,Wednesday,09-09-26,79685,44,Samy Asaad,DPL,06-09-26,,,36.25,Fill,V0-3,VILLA 111,,LAYER-3,,4,,,APPROVED AS NOTED,DONE,6,HELIOPOLIS,3,,,
1156,Wednesday,09-09-26,79686,44,ROCK,DPL,06-09-26,,,38.4,Fill,V0-3,VILLA 57,,LAYER-8,,3,,,APPROVED AS NOTED,DONE,5,HELIOPOLIS,3,,,
1157,Wednesday,09-09-26,79687,44,ROCK,DPL,06-09-26,,,38.4,Fill,V0-3,VILLA 58,,LAYER-8,,3,,,APPROVED AS NOTED,DONE,5,HELIOPOLIS,3,,,
1158,Wednesday,09-09-26,79688,44,ROCK,DPL,06-09-26,,,38.4,Fill,V0-3,VILLA 59,,LAYER-8,,3,,,APPROVED AS NOTED,DONE,5,HELIOPOLIS,3,,,
1159,Wednesday,09-09-26,79689,44,ROCK,DPL,06-09-26,,,38.4,Fill,V0-3,VILLA 60,,LAYER-7,,3,,,APPROVED AS NOTED,DONE,5,HELIOPOLIS,3,,,
1160,Wednesday,09-09-26,79690,44,Al Ehsan,DPL,06-09-26,,,42.5,Fill,V0-3,VILLA 37,,LAYER-8,,3,,,APPROVED AS NOTED,DONE,5,HELIOPOLIS,3,,,
1161,Wednesday,09-09-26,79691,44,Al Ehsan,DPL,06-09-26,,,42.5,Fill,V0-3,VILLA 38,,LAYER-8,,3,,,APPROVED AS NOTED,DONE,5,HELIOPOLIS,3,,,
1162,Wednesday,09-09-26,79692,44,Al Ehsan,DPL,06-09-26,,,42.5,Fill,V0-3,VILLA 39,,LAYER-8,,3,,,APPROVED AS NOTED,DONE,5,HELIOPOLIS,3,,,
1163,Wednesday,09-09-26,79693,44,Hosny Mubarak,DPL,06-09-26,,,38.1,Fill,V0-3,VILLA 9,,LAYER-12,,3,,,APPROVED AS NOTED,DONE,5,HELIOPOLIS,3,,,
1164,Wednesday,09-09-26,79694,44,Hosny Mubarak,DPL,06-09-26,,,38.1,Fill,V0-3,VILLA 10,,LAYER-12,,3,,,APPROVED AS NOTED,DONE,5,HELIOPOLIS,3,,,
1165,Wednesday,09-09-26,79695,44,Arabco 2,DPL,06-09-26,,,40.9,Fill,V0-3,VILLA 34,,LAYER-9,,3,,,APPROVED AS NOTED,DONE,5,HELIOPOLIS,3,,,
1166,Wednesday,09-09-26,79696,44,Arabco 2,DPL,06-09-26,,,40.9,Fill,V0-3,VILLA 35,,LAYER-9,,3,,,APPROVED AS NOTED,DONE,5,HELIOPOLIS,3,,,
1167,Wednesday,09-09-26,79697,44,Arabco 2,DPL,06-09-26,,,40.9,Fill,V0-3,VILLA 36,,LAYER-9,,3,,,APPROVED AS NOTED,DONE,5,HELIOPOLIS,3,,,
1168,Wednesday,09-09-26,79698,44,Arabco,DPL,06-09-26,,,40.9,Fill,V0-3,BH-6,,LAYER-10,,5,,,APPROVED AS NOTED,DONE,7,HELIOPOLIS,3,,,
1169,Wednesday,09-09-26,79699,44,Hosny Mubarak,DPL,06-09-26,,,40.9,Fill,V0-3,RD-4(EX V 9),,LAYER-2,,2,,,APPROVED AS NOTED,DONE,4,HELIOPOLIS,3,,,
1170,Wednesday,09-09-26,79700,44,Hosny Mubarak,DPL,06-09-26,,,40.9,Fill,V0-3,RD-4(EX V 10),,LAYER-2,,2,,,APPROVED AS NOTED,DONE,4,HELIOPOLIS,3,,,
1171,Wednesday,09-09-26,79701,44,Hosny Mubarak,DPL,06-09-26,,,40.9,Fill,V0-3,VILLA 13,,LAYER-10,,3,,,APPROVED AS NOTED,DONE,5,HELIOPOLIS,3,,,
1172,Wednesday,09-09-26,79702,44,Samy Asaad,SOIL,06-09-26,A-1-B,21.00%,,Stockpile,V0-3,,,,,1,Sieve + Proctoer ,,APPROVED AS NOTED,DONE,3,LOGIC,3,,,
1173,Wednesday,09-09-26,79703,44,Al Qimam,SOIL,06-09-26,A-1-B,25.80%,,Stockpile,V0-3,,,,,1,Sieve + Proctoer ,,APPROVED AS NOTED,DONE,3,LOGIC,3,,,
1174,Wednesday,09-09-26,79704,44,Ghali Aziz,PLATE LOAD,06-09-26,,,,Fill,V0-3,BH-3,,20.65,,1,,5331,APPROVED AS NOTED,DONE,3,HELIOPOLIS,3,,,
1175,Wednesday,09-09-26,79705,44,Al Masria 2,PLATE LOAD,06-09-26,,,,Fill,V0-3,VILLA 104,,20.35,,1,,935,APPROVED AS NOTED,DONE,3,GLOBAL LAB,3,,,
1176,Wednesday,09-09-26,79706,44,Al Wadi Stone,PLATE LOAD,06-09-26,,,,Fill,V0-3,VILLA 45,,20.75,,1,,500,APPROVED AS NOTED,DONE,3,HELIOPOLIS,3,,,
1177,Wednesday,09-09-26,79707,44,Al Wadi Stone,PLATE LOAD,06-09-26,,,,Fill,V0-3,VILLA 46,,20.75,,1,,500,APPROVED AS NOTED,DONE,3,HELIOPOLIS,3,,,
1178,Wednesday,09-09-26,79708,44,Al Farook,DPL,06-09-26,,,58,Fill,V0-3,VILLA 72,,LAYER-4,,3,,,APPROVED AS NOTED,DONE,5,DR/ OMAR OSMAN,3,,,
1179,Wednesday,09-09-26,79709,44,Al Farook,DPL,06-09-26,,,47,Fill,V0-3,BH-13,,LAYER-1,,2,,,APPROVED AS NOTED,DONE,4,DR/ OMAR OSMAN,3,,,
1180,Wednesday,09-09-26,79710,44,AL ALamiaa,DPL,06-09-26,,,38.6,Fill,V0-3,VILLA 93,,LAYER-3,,3,,,APPROVED AS NOTED,DONE,5,DR/ OMAR OSMAN,3,,,
1181,Wednesday,09-09-26,79711,44,AL MOSTKBL,DPL,06-09-26,,,76.99,Fill,V0-3,VILLA 67,,LAYER-1,,2,,,APPROVED AS NOTED,DONE,4,DR/ OMAR OSMAN,3,,,
1182,Wednesday,09-09-26,79712,44,AL MOSTKBL,DPL,06-09-26,,,49.7,Fill,V0-3,VILLA 68,,LAYER-1,,2,,,APPROVED AS NOTED,DONE,4,DR/ OMAR OSMAN,3,,,
1183,Wednesday,09-09-26,79713,44,AL MOSTKBL,DPL,06-09-26,,,58,Fill,V0-3,VILLA 69,,LAYER-1,,2,,,APPROVED AS NOTED,DONE,4,DR/ OMAR OSMAN,3,,,
1184,Wednesday,09-09-26,79714,44,Abnaa Hetler,DPL,06-09-26,,,55.35,Fill,V0-3,VILLA 1,,LAYER-12,,3,,,APPROVED AS NOTED,DONE,5,DR/ OMAR OSMAN,3,,,
1185,Wednesday,09-09-26,79715,44,Abnaa Hetler,DPL,06-09-26,,,50.4,Fill,V0-3,VILLA 2,,LAYER-12,,3,,,APPROVED AS NOTED,DONE,5,DR/ OMAR OSMAN,3,,,
1186,Wednesday,09-09-26,79716,44,HIgh Dam,DPL,06-09-26,,,64.8,Fill,V0-3,VILLA 61,,LAYER-8,,2,,,APPROVED AS NOTED,DONE,4,DR/ OMAR OSMAN,3,,,
1187,Wednesday,09-09-26,79717,44,HIgh Dam,DPL,06-09-26,,,55.2,Fill,V0-3,VILLA 62,,LAYER-8,,3,,,APPROVED AS NOTED,DONE,5,DR/ OMAR OSMAN,3,,,
1188,Wednesday,09-09-26,79718,44,HIgh Dam,DPL,06-09-26,,,55.2,Fill,V0-3,VILLA 63,,LAYER-8,,3,,,APPROVED AS NOTED,DONE,5,DR/ OMAR OSMAN,3,,,
1189,Wednesday,09-09-26,79719,44,HIgh Dam,DPL,06-09-26,,,38.6,Fill,V0-3,VILLA 64,,LAYER-8,,2,,,APPROVED AS NOTED,DONE,4,DR/ OMAR OSMAN,3,,,
1190,Wednesday,09-09-26,79720,44,HIgh Dam,DPL,06-09-26,,,53.4,Fill,V0-3,RD-12,,LAYER-5,,2,,,APPROVED AS NOTED,DONE,4,DR/ OMAR OSMAN,3,,,
1191,Wednesday,09-09-26,79721,44,HIgh Dam,DPL,06-09-26,,,44.5,Fill,V0-3,BH-13 A,,LAYER-3,,4,,,APPROVED AS NOTED,DONE,6,DR/ OMAR OSMAN,3,,,
1192,Wednesday,09-09-26,79722,44,HIgh Dam,DPL,06-09-26,,,48.2,Fill,V0-3,BH-13 B,,LAYER-3,,4,,,APPROVED AS NOTED,DONE,6,DR/ OMAR OSMAN,3,,,
1193,Wednesday,09-09-26,79723,44,AL ALamiaa,DPL,06-09-26,,,43.2,Fill,V0-3,VILLA 90,,LAYER-4,,2,,,APPROVED AS NOTED,DONE,4,DR/ OMAR OSMAN,3,,,
1194,Wednesday,09-09-26,79724,44,AL ALamiaa,DPL,06-09-26,,,47.2,Fill,V0-3,VILLA 91,,LAYER-4,,2,,,APPROVED AS NOTED,DONE,4,DR/ OMAR OSMAN,3,,,
1195,Wednesday,09-09-26,79725,44,AL ALamiaa,DPL,06-09-26,,,46.3,Fill,V0-3,VILLA 92,,LAYER-5,,3,,,APPROVED AS NOTED,DONE,5,DR/ OMAR OSMAN,3,,,
1196,Wednesday,09-09-26,79726,44,AL ALamiaa,DPL,06-09-26,,,46.8,Fill,V0-3,BH-17,,LAYER-2,,6,,,APPROVED AS NOTED,DONE,8,DR/ OMAR OSMAN,3,,,
1197,Wednesday,09-09-26,79727,44,AL ALamiaa,DPL,06-09-26,,,46.2,Fill,V0-3,RD-17,,LAYER-1,,2,,,APPROVED AS NOTED,DONE,4,DR/ OMAR OSMAN,3,,,
1198,Wednesday,09-09-26,79728,44,Abnaa Hetler,DPL,06-09-26,,,47,Fill,V0-3,BH-11,,LAYER-11,,13,,,APPROVED AS NOTED,DONE,15,DR/ OMAR OSMAN,3,,,
1199,Wednesday,09-09-26,79729,44,Al Kifah,SAND CONE,07-09-26,,,,Fill,V0-3,RD-1,,LAYER-4,,35,,,APPROVED AS NOTED,DONE,4,HELIOPOLIS,2,,,
1200,Wednesday,09-09-26,79730,44,Al Ehsan,DPL,07-09-26,,,35.7,Fill,V0-3,VILLA 44,,LAYER-7,,2,,,APPROVED AS NOTED,DONE,4,HELIOPOLIS,2,,,
1201,Wednesday,09-09-26,79731,44,ROCK,DPL,07-09-26,,,91.7,Fill,V0-3,BH-8,,LAYER-4,,12,,,APPROVED AS NOTED,DONE,14,HELIOPOLIS,2,,,
1202,Wednesday,09-09-26,79732,44,Al Wadi Stone,DPL,07-09-26,,,38.8,Fill,V0-3,BH-9,,LAYER-4,,4,,,APPROVED AS NOTED,DONE,6,HELIOPOLIS,2,,,
1203,Wednesday,09-09-26,79733,44,Al Qimam,DPL,07-09-26,,,38.56,Fill,V0-3,VILLA 15,,LAYER-10,,2,,,APPROVED AS NOTED,DONE,4,CEL,2,,,
1204,Wednesday,09-09-26,79734,44,Al Qimam,DPL,07-09-26,,,41.3,Fill,V0-3,RD-2(EX V 15),,LAYER-1,,2,,,APPROVED AS NOTED,DONE,4,CEL,2,,,
1205,Wednesday,09-09-26,79735,44,Abnaa Oraby,DPL,07-09-26,,,38.34,Fill,V0-3,BH-9',,LAYER-4,,5,,,APPROVED AS NOTED,DONE,7,CEL,2,,,
1206,Wednesday,09-09-26,79736,44,Al Masria ,DPL,07-09-26,,,37.2,Fill,V0-3,RD-19,,LAYER-2,,2,,,APPROVED AS NOTED,DONE,4,CEL,2,,,
1207,Wednesday,09-09-26,79737,44,Al Ehsan,DPL,07-09-26,,,40,Fill,V0-3,VILLA 42,,LAYER-7,,2,,,APPROVED AS NOTED,DONE,4,CEL,2,,,
1208,Wednesday,09-09-26,79738,44,Al Ehsan,DPL,07-09-26,,,45,Fill,V0-3,VILLA 43,,LAYER-7,,2,,,APPROVED AS NOTED,DONE,4,CEL,2,,,
1209,Wednesday,09-09-26,79739,44,Al Selme,DPL,07-09-26,,,47.5,Fill,V0-3,VILLA 112,,LAYER-1,,3,,,APPROVED AS NOTED,DONE,5,CEL,2,,,
1210,Wednesday,09-09-26,79740,44,Al Selme,DPL,07-09-26,,,39.9,Fill,V0-3,VILLA 116,,LAYER-1,,3,,,APPROVED AS NOTED,DONE,5,CEL,2,,,
1211,Wednesday,09-09-26,79741,44,Samy Asaad,DPL,07-09-26,,,41.57,Fill,V0-3,RD-20,,LAYER-4,,7,,,APPROVED AS NOTED,DONE,9,CEL,2,,,
1212,Wednesday,09-09-26,79742,44,Abnaa Oraby,DPL,07-09-26,,,36.8,Fill,V0-3,VILLA 53,,LAYER-7,,2,,,APPROVED AS NOTED,DONE,4,CEL,2,,,
1213,Wednesday,09-09-26,79743,44,Abnaa Oraby,DPL,07-09-26,,,37.75,Fill,V0-3,VILLA 54,,LAYER-7,,2,,,APPROVED AS NOTED,DONE,4,CEL,2,,,
1214,Wednesday,09-09-26,79744,44,Abnaa Oraby,DPL,07-09-26,,,53,Fill,V0-3,VILLA 55,,LAYER-7,,2,,,APPROVED AS NOTED,DONE,4,CEL,2,,,
1215,Wednesday,09-09-26,79745,44,Abnaa Oraby,DPL,07-09-26,,,47.2,Fill,V0-3,VILLA 56,,LAYER-8,,2,,,APPROVED AS NOTED,DONE,4,CEL,2,,,
1216,Wednesday,09-09-26,79746,44,ARABCO,DPL,07-09-26,,,40.9,Fill,V0-3,BH-5,,LAYER-6,,5,,,APPROVED AS NOTED,DONE,7,CEL,2,,,
1217,Wednesday,09-09-26,79747,44,ARABCO,DPL,07-09-26,,,37.54,Fill,V0-3,BH-6,,LAYER-11,,5,,,APPROVED AS NOTED,DONE,7,CEL,2,,,
1218,Wednesday,09-09-26,79748,44,ARABCO,DPL,07-09-26,,,38.33,Fill,V0-3,VILLA 6,,LAYER-13,,3,,,APPROVED AS NOTED,DONE,5,CEL,2,,,
1219,Wednesday,09-09-26,79749,44,Al Masria ,DPL,07-09-26,,,43.2,Fill,V0-3,RD-19',,LAYER-2,,4,,,APPROVED AS NOTED,DONE,6,CEL,2,,,
1220,Wednesday,09-09-26,79750,44,Abnaa Hetler,DPL,07-09-26,,,41.55,Fill,V0-3,VILLA 2,,LAYER-13,,3,,,APPROVED AS NOTED,DONE,5,DR/ OMAR OSMAN,2,,,
1221,Wednesday,09-09-26,79751,44,Hosny Mubarak,DPL,07-09-26,,,47.35,Fill,V0-3,VILLA 148,,LAYER-5,,3,,,APPROVED AS NOTED,DONE,5,DR/ OMAR OSMAN,2,,,
1222,Friday,09-09-26,79761,44,Al Ayed,DPL,07-09-26,,,55.5,Fill,V0-3,VILLA 158,,LAYER-1,,2,,,APPROVED AS NOTED,DONE,4,DR/ OMAR OSMAN,2,,,
1223,Wednesday,09-09-26,79753,44,Hosny Mubarak,DPL,07-09-26,,,38.2,Fill,V0-3,VILLA 147,,LAYER-5,,3,,,APPROVED AS NOTED,DONE,5,DR/ OMAR OSMAN,2,,,
1224,Wednesday,09-09-26,79754,44,Hosny Mubarak,DPL,07-09-26,,,38.1,Fill,V0-3,VILLA 145,,LAYER-7,,3,,,APPROVED AS NOTED,DONE,5,DR/ OMAR OSMAN,2,,,
1225,Wednesday,09-09-26,79755,44,AL ALamiaa,DPL,07-09-26,,,44.2,Fill,V0-3,VILLA 98,,LAYER-3,,2,,,APPROVED AS NOTED,DONE,4,DR/ OMAR OSMAN,2,,,
1226,Wednesday,09-09-26,79756,44,AL ALamiaa,DPL,07-09-26,,,59.07,Fill,V0-3,VILLA 97,,LAYER-3,,2,,,APPROVED AS NOTED,DONE,4,DR/ OMAR OSMAN,2,,,
1227,Wednesday,09-09-26,79757,44,AL ALamiaa,DPL,07-09-26,,,53.23,Fill,V0-3,VILLA 96,,LAYER-4,,2,,,APPROVED AS NOTED,DONE,4,DR/ OMAR OSMAN,2,,,
1228,Wednesday,09-09-26,79758,44,Abnaa Hetler,DPL,07-09-26,,,53.75,Fill,V0-3,VILLA 1,,LAYER-13,,4,,,APPROVED AS NOTED,DONE,6,DR/ OMAR OSMAN,2,,,
1229,Tuesday,09-09-26,79809,44,Al Ayed,DPL,08-09-26,,,41,Fill,V0-3,VILLA 158,,LAYER-2,18.65,2,,,APPROVED AS NOTED,DONE,4,DR/ OMAR OSMAN,1,,,
1230,Wednesday,09-09-26,79760,44,AL MOSTKBL,DPL,07-09-26,,,46.3,Fill,V0-3,VILLA 66,,LAYER-1,,2,,,APPROVED AS NOTED,DONE,4,DR/ OMAR OSMAN,2,,,
1231,Monday,11-09-26,79983,44,Al Ayed,DPL,10-09-26,,,42.74,Fill,V0-3,VILLA 158,,LAYER-3,19.15,2,,,APPROVED AS NOTED,DONE,4,DR/ OMAR OSMAN,1,,,
1232,Tue,08-09-26,79517,44,Al Ayed,SOIL,03-09-26,A-6,76.20%,,Natural Ground,V0-3,VILLA 159,,,,1,Sieve analysis,,APPROVED AS NOTED,DONE,3,CEL,5,,,
1233,Wednesday,09-09-26,79763,44,Hosny Mubarak,DPL,07-09-26,,,59,Fill,V0-3,VILLA 146,,LAYER-7,,2,,,APPROVED AS NOTED,DONE,4,DR/ OMAR OSMAN,2,,,
1234,Wednesday,09-09-26,79764,44,Hosny Mubarak,DPL,07-09-26,,,45.65,Fill,V0-3,RD-23,,LAYER-5,,2,,,APPROVED AS NOTED,DONE,4,DR/ OMAR OSMAN,2,,,
1235,Wednesday,09-09-26,79765,44,AL ALamiaa,DPL,07-09-26,,,46.3,Fill,V0-3,BH-17,,LAYER-3,,8,,,APPROVED AS NOTED,DONE,10,DR/ OMAR OSMAN,2,,,
1236,Wednesday,09-09-26,79766,44,HIgh Dam,DPL,07-09-26,,,44.9,Fill,V0-3,BH-13 C,,LAYER-2,,4,,,APPROVED AS NOTED,DONE,6,DR/ OMAR OSMAN,2,,,
1237,Wednesday,09-09-26,79767,44,HIgh Dam,DPL,07-09-26,,,41,Fill,V0-3,BH-13 B,,LAYER-4,,5,,,APPROVED AS NOTED,DONE,7,DR/ OMAR OSMAN,2,,,
1238,Wednesday,09-09-26,79768,44,HIgh Dam,DPL,07-09-26,,,40.65,Fill,V0-3,BH-13 A,,LAYER-4,,5,,,APPROVED AS NOTED,DONE,7,DR/ OMAR OSMAN,2,,,
1239,Wednesday,09-09-26,79769,44,HIgh Dam,DPL,07-09-26,,,71.4,Fill,V0-3,BH-12,,LAYER-6,,5,,,APPROVED AS NOTED,DONE,7,DR/ OMAR OSMAN,2,,,
1240,Wednesday,09-09-26,79770,44,Hosny Mubarak,DPL,07-09-26,,,48.42,Fill,V0-3,BH-23,,LAYER-7,,6,,,APPROVED AS NOTED,DONE,8,DR/ OMAR OSMAN,2,,,
1241,Wednesday,09-09-26,79771,44,AL MOSTKBL,DPL,07-09-26,,,42.25,Fill,V0-3,VILLA 70,,LAYER-1,,2,,,APPROVED AS NOTED,DONE,4,DR/ OMAR OSMAN,2,,,
1242,Wednesday,09-09-26,79772,44,Al Farook,DPL,07-09-26,,,40.34,Fill,V0-3,RD-13,,LAYER-2,,2,,,APPROVED AS NOTED,DONE,4,DR/ OMAR OSMAN,2,,,
1243,Wednesday,09-09-26,79773,44,Al Farook,DPL,07-09-26,,,40.9,Fill,V0-3,BH-13,,LAYER-2,,2,,,APPROVED AS NOTED,DONE,4,DR/ OMAR OSMAN,2,,,
1244,Wednesday,09-09-26,79774,44,AL ALamiaa,DPL,07-09-26,,,40.9,Fill,V0-3,VILLA 93,,LAYER-4,,2,,,APPROVED AS NOTED,DONE,4,DR/ OMAR OSMAN,2,,,
1245,Wednesday,09-09-26,79775,44,AL ALamiaa,DPL,07-09-26,,,44.6,Fill,V0-3,VILLA 94,,LAYER-5,,2,,,APPROVED AS NOTED,DONE,4,DR/ OMAR OSMAN,2,,,
1246,Wednesday,09-09-26,79776,44,AL ALamiaa,DPL,07-09-26,,,54.1,Fill,V0-3,VILLA 95,,LAYER-5,,2,,,APPROVED AS NOTED,DONE,4,DR/ OMAR OSMAN,2,,,
1247,Wednesday,09-09-26,79777,44,Hosny Mubarak,PLATE LOAD,07-09-26,,,,Fill,V0-3,VILLA 148,,22.3,,1,,1000,APPROVED AS NOTED,DONE,3,GLOBAL LAB,2,,,
1248,Wednesday,09-09-26,79778,44,Hosny Mubarak,PLATE LOAD,07-09-26,,,,Fill,V0-3,VILLA 23,,22.3,,1,,150,APPROVED AS NOTED,DONE,3,GLOBAL LAB,2,,,
1249,Wednesday,09-09-26,79779,44,Target,PLATE LOAD,07-09-26,,,,Fill,V0-3,VILLA 81,,20,,1,,380,APPROVED AS NOTED,DONE,3,GLOBAL LAB,2,,,
1250,Wednesday,09-09-26,79780,44,Target,PLATE LOAD,07-09-26,,,,Fill,V0-3,BH-16,,19.5,,1,,1400,APPROVED AS NOTED,DONE,3,HELIOPOLIS,2,,,
1251,Wednesday,09-09-26,79781,44,Abnaa Hetler,PLATE LOAD,07-09-26,,,,Fill,V0-3,BH-11,,22.15,,2,,6241,APPROVED AS NOTED,DONE,5,GLOBAL LAB,2,,,
1252,Wednesday,09-09-26,79782,44,AL ALamiaa,PLATE LOAD,07-09-26,,,,Fill,V0-3,VILLA 92,,19,,1,,1587,APPROVED AS NOTED,DONE,3,HELIOPOLIS,2,,,
1253,Wednesday,09-09-26,79783,44,AL ALamiaa,PLATE LOAD,07-09-26,,,,Fill,V0-3,VILLA 94,,20,,1,,607,APPROVED AS NOTED,DONE,3,GLOBAL LAB,2,,,
1254,Wednesday,09-09-26,79784,44,AL ALamiaa,PLATE LOAD,07-09-26,,,,Fill,V0-3,VILLA 95,,20,,1,,635,APPROVED AS NOTED,DONE,3,HELIOPOLIS,2,,,
1255,Wednesday,09-09-26,79785,44,Target,PLATE LOAD,07-09-26,,,,Fill,V0-3,VILLA 82,,20,,1,,367,APPROVED AS NOTED,DONE,3,GLOBAL LAB,2,,,
1256,Wednesday,09-09-26,79786,44,Target,PLATE LOAD,07-09-26,,,,Fill,V0-3,VILLA 83,,20,,1,,401,APPROVED AS NOTED,DONE,3,HELIOPOLIS,2,,,
1257,Wednesday,09-09-26,79787,44,Target,PLATE LOAD,07-09-26,,,,Fill,V0-3,VILLA 84,,20,,1,,442,APPROVED AS NOTED,DONE,3,GLOBAL LAB,2,,,
1258,Wednesday,09-09-26,79788,44,Target,PLATE LOAD,07-09-26,,,,Fill,V0-3,VILLA 86,,20,,1,,486,APPROVED AS NOTED,DONE,3,GLOBAL LAB,2,,,
1259,Wednesday,09-09-26,79789,44,Hosny Mubarak,PLATE LOAD,07-09-26,,,,Fill,V0-3,VILLA 147,,22.3,,1,,1000,APPROVED AS NOTED,DONE,3,HELIOPOLIS,2,,,
1260,Wednesday,09-09-26,79790,44,HIgh Dam,PLATE LOAD,07-09-26,,,,Fill,V0-3,RD-12,,20.4,,1,,300,APPROVED AS NOTED,DONE,3,HELIOPOLIS,2,,,
1261,Wednesday,09-09-26,79791,44,Abnaa Hetler,SOIL,07-09-26,A-1-B,12.00%,,Stockpile,V0-3,,,,,1,Sieve + Proctoer ,,APPROVED AS NOTED,DONE,4,CEL,2,,,
1262,Wednesday,09-09-26,79752,44,Al Ayed,DPL,07-09-26,,,43.3,Fill,V0-3,VILLA 159,,LAYER-1,,2,,,APPROVED AS NOTED,DONE,4,DR/ OMAR OSMAN,2,,,
1263,Thursday,10-09-26,79898,44,Al Ayed,DPL,09-09-26,,,50.83,Fill,V0-3,VILLA 159,,LAYER-2,19.15,2,,,APPROVED AS NOTED,DONE,4,DR/ OMAR OSMAN,1,,,
1264,Wednesday,09-09-26,79794,44,HIgh Dam,SOIL,07-09-26,A-1-B,21.20%,,Stockpile,V0-3,,,,,1,Sieve + Proctoer ,,APPROVED AS NOTED,DONE,4,CEL,2,,,
1265,Wednesday,09-09-26,79795,44,Abnaa Hetler,SOIL,07-09-26,A-2-4,26.40%,,Stockpile,V0-3,,,,,1,Sieve + Proctoer ,,APPROVED AS NOTED,DONE,4,CEL,2,,,
1266,Wednesday,09-09-26,79796,44,Al Motamayez,DPL,08-09-26,,,48.83,Fill,V0-3,RD-7(EX V 4),,LAYER-11,,2,,,APPROVED AS NOTED,DONE,4,DR/ OMAR OSMAN,1,,,
1267,Wednesday,09-09-26,79797,44,Al Motamayez,DPL,08-09-26,,,58.5,Fill,V0-3,RD-7 (EX V 3),,LAYER-11,,2,,,APPROVED AS NOTED,DONE,4,DR/ OMAR OSMAN,1,,,
1268,Wednesday,09-09-26,79798,44,Al Farook,DPL,08-09-26,,,46.25,Fill,V0-3,VILLA 73,,LAYER-6,,2,,,APPROVED AS NOTED,DONE,4,DR/ OMAR OSMAN,1,,,
1269,Wednesday,09-09-26,79799,44,Al Farook,DPL,08-09-26,,,47.4,Fill,V0-3,VILLA 74,,LAYER-5,,2,,,APPROVED AS NOTED,DONE,4,DR/ OMAR OSMAN,1,,,
1270,Wednesday,09-09-26,79800,44,Target,DPL,08-09-26,,,40.9,Fill,V0-3,RD-16,,LAYER-1,,2,,,APPROVED AS NOTED,DONE,4,DR/ OMAR OSMAN,1,,,
1271,Wednesday,09-09-26,79801,44,Target,DPL,08-09-26,,,39.3,Fill,V0-3,VILLA 87,,LAYER-1,,2,,,APPROVED AS NOTED,DONE,4,DR/ OMAR OSMAN,1,,,
1272,Wednesday,09-09-26,79802,44,Target,DPL,08-09-26,,,43.19,Fill,V0-3,VILLA 88,,LAYER-1,18.5,2,,,APPROVED AS NOTED,DONE,4,DR/ OMAR OSMAN,1,,,
1273,Wednesday,09-09-26,79803,44,Target,DPL,08-09-26,,,48.4,Fill,V0-3,BH-16,,LAYER-1,20,5,,,APPROVED AS NOTED,DONE,7,DR/ OMAR OSMAN,1,,,
1274,Wednesday,09-09-26,79804,44,Al Motamayez,DPL,08-09-26,,,50.9,Fill,V0-3,BH-7,,LAYER-9,22.25,4,,,APPROVED AS NOTED,DONE,6,DR/ OMAR OSMAN,1,,,
1275,Wednesday,09-09-26,79805,44,Al Motamayez,DPL,08-09-26,,,55,Fill,V0-3,VILLA 3,,LAYER-11,23,2,,,APPROVED AS NOTED,DONE,4,DR/ OMAR OSMAN,1,,,
1276,Wednesday,09-09-26,79806,44,Al Motamayez,DPL,08-09-26,,,40.3,Fill,V0-3,VILLA 4,,LAYER-11,23,2,,,APPROVED AS NOTED,DONE,4,DR/ OMAR OSMAN,1,,,
1277,Wednesday,09-09-26,79807,44,Abnaa Hetler,DPL,08-09-26,,,46,Fill,V0-3,BH-11',,LAYER-11,22.15,12,,,APPROVED AS NOTED,DONE,14,DR/ OMAR OSMAN,1,,,
1278,Wednesday,09-09-26,79808,44,Al Farook,DPL,08-09-26,,,46.3,Fill,V0-3,VILLA 71,,LAYER-6,19.9,2,,,APPROVED AS NOTED,DONE,4,DR/ OMAR OSMAN,1,,,
1279,Tue,08-09-26,79518,44,Al Ayed,SOIL,03-09-26,A-6,66.80%,,Natural Ground,V0-3,VILLA 160,,,,1,Sieve analysis,,APPROVED AS NOTED,DONE,3,CEL,5,,,
1280,Wednesday,09-09-26,79810,44,HIgh Dam,DPL,08-09-26,,,39.43,Fill,V0-3,BH-13 A,,LAYER-5,19.4,4,,,APPROVED AS NOTED,DONE,6,DR/ OMAR OSMAN,1,,,
1281,Wednesday,09-09-26,79811,44,HIgh Dam,DPL,08-09-26,,,37.4,Fill,V0-3,BH-13 B,,LAYER-5,19.4,4,,,APPROVED AS NOTED,DONE,6,DR/ OMAR OSMAN,1,,,
1282,Wednesday,09-09-26,79812,44,AL ALamiaa,DPL,08-09-26,,,40.4,Fill,V0-3,VILLA 90,,LAYER-5,19.5,2,,,APPROVED AS NOTED,DONE,4,DR/ OMAR OSMAN,1,,,
1283,Wednesday,09-09-26,79813,44,AL ALamiaa,DPL,08-09-26,,,45.89,Fill,V0-3,VILLA 91,,LAYER-5,19.5,2,,,APPROVED AS NOTED,DONE,4,DR/ OMAR OSMAN,1,,,
1284,Wednesday,09-09-26,79814,44,AL ALamiaa,DPL,08-09-26,,,41.3,Fill,V0-3,VILLA 92,,LAYER-6,19.5,2,,,APPROVED AS NOTED,DONE,4,DR/ OMAR OSMAN,1,,,
1285,Wednesday,09-09-26,79815,44,AL ALamiaa,DPL,08-09-26,,,41.5,Fill,V0-3,BH-17,,LAYER-4,19,7,,,APPROVED AS NOTED,DONE,9,DR/ OMAR OSMAN,1,,,
1286,Wednesday,09-09-26,79817,44,Al Qimam,PLATE LOAD,08-09-26,,,,Fill,V0-3,VILLA 17,,24.6,,1,,600,APPROVED AS NOTED,DONE,3,HELIOPOLIS,1,,,
1287,Wednesday,09-09-26,79818,44,Al Qimam,PLATE LOAD,08-09-26,,,,Fill,V0-3,VILLA 16,,24.6,,1,,1380,APPROVED AS NOTED,DONE,3,GLOBAL LAB,1,,,
1288,Wednesday,09-09-26,79819,44,Al Qimam,PLATE LOAD,08-09-26,,,,Fill,V0-3,VILLA 15,,24.6,,1,,763,APPROVED AS NOTED,DONE,3,HELIOPOLIS,1,,,
1289,Wednesday,09-09-26,79820,44,Hosny Mubarak,PLATE LOAD,08-09-26,,,,Fill,V0-3,VILLA 13,,24.4,,1,,1200,APPROVED AS NOTED,DONE,3,GLOBAL LAB,1,,,
1290,Wednesday,09-09-26,79821,44,Al Anoud,PLATE LOAD,08-09-26,,,,Natural Ground,V0-3,BH-18,,19.5,,1,,6100,APPROVED AS NOTED,DONE,3,GLOBAL LAB,1,,,
1291,Wednesday,09-09-26,79822,44,Abnaa Hetler,SOIL,08-09-26,A-1-B,6.40%,,Stockpile,V0-3,,,,,1,Sieve + Proctoer ,,APPROVED AS NOTED,DONE,4,CEL,1,,,
1292,Wednesday,09-09-26,79823,44,Abnaa Hetler,SOIL,08-09-26,A-1-B,7.80%,,Stockpile,V0-3,,,,,1,Sieve + Proctoer ,,APPROVED AS NOTED,DONE,4,CEL,1,,,
1293,Wednesday,09-09-26,79824,44,AL ALamiaa,SOIL,08-09-26,A-1-B,12.00%,,Stockpile,V0-3,,,,,1,Sieve + Proctoer ,,APPROVED AS NOTED,DONE,4,CEL,1,,,
1294,Wednesday,09-09-26,79825,44,AL ALamiaa,SOIL,08-09-26,A-1-B,12.20%,,Stockpile,V0-3,,,,,1,Sieve + Proctoer ,,APPROVED AS NOTED,DONE,4,CEL,1,,,
1295,Wednesday,09-09-26,79826,44,HIgh Dam,PLATE LOAD,08-09-26,,,,Fill,V0-3,BH-13 B,,19.4,,1,,2400,APPROVED AS NOTED,DONE,3,HELIOPOLIS,1,,,
1296,Wednesday,09-09-26,79827,44,HIgh Dam,PLATE LOAD,08-09-26,,,,Fill,V0-3,BH-13 A,,19.4,,1,,2400,APPROVED AS NOTED,DONE,3,HELIOPOLIS,1,,,
1297,Wednesday,09-09-26,79828,44,Abnaa Hetler,PLATE LOAD,08-09-26,,,,Fill,V0-3,BH-11',,22.15,,2,,6271,APPROVED AS NOTED,DONE,5,HELIOPOLIS,1,,,
1298,Wednesday,09-09-26,79829,44,EICO,PLATE LOAD,08-09-26,,,,Fill,V0-3,BH-15,,19.9,,1,,2650,APPROVED AS NOTED,DONE,3,GLOBAL LAB,1,,,
1299,Wednesday,09-09-26,79830,44,Al Farook,PLATE LOAD,08-09-26,,,,Fill,V0-3,VILLA 74,,19.1,,1,,1000,APPROVED AS NOTED,DONE,3,GLOBAL LAB,1,,,
1300,Wednesday,09-09-26,79831,44,Al Qimam,PLATE LOAD,08-09-26,,,,Fill,V0-3,VILLA 18,,24.6,,1,,1300,APPROVED AS NOTED,DONE,3,HELIOPOLIS,1,,,
1301,Wednesday,09-09-26,79832,44,Samy Asaad,PLATE LOAD,08-09-26,,,,Fill,V0-3,VILLA 109,,22.25,,1,,1372,APPROVED AS NOTED,DONE,3,GLOBAL LAB,1,,,
1302,Wednesday,09-09-26,79833,44,Samy Asaad,PLATE LOAD,08-09-26,,,,Fill,V0-3,VILLA 110,,22.55,,1,,1310,APPROVED AS NOTED,DONE,3,GLOBAL LAB,1,,,
1303,Wednesday,09-09-26,79834,44,Al Kifah,SOIL,08-09-26,A-1-B,16.00%,,Stockpile,V0-3,,,,,1,Sieve + Proctoer ,,APPROVED AS NOTED,DONE,3,LOGIC,1,,,
1304,Wednesday,09-09-26,79835,44,Al Kifah,SOIL,08-09-26,A-1-B,15.40%,,Stockpile,V0-3,,,,,1,Sieve + Proctoer ,,APPROVED AS NOTED,DONE,3,LOGIC,1,,,
1305,Wednesday,09-09-26,79836,44,Samy Asaad,SOIL,08-09-26,A-1-B,13.60%,,Stockpile,V0-3,,,,,1,Sieve + Proctoer ,,APPROVED AS NOTED,DONE,3,LOGIC,1,,,
1306,Wednesday,09-09-26,79837,44,Al Hamd,SOIL,08-09-26,A-1-B,21.80%,,Stockpile,V0-3,,,,,1,Sieve + Proctoer ,,APPROVED AS NOTED,DONE,3,LOGIC,1,,,
1307,Wednesday,09-09-26,79838,44,Al Hamd,SOIL,08-09-26,A-1-B,28.60%,,Stockpile,V0-3,,,,,1,Sieve + Proctoer ,,APPROVED AS NOTED,DONE,3,LOGIC,1,,,
1308,Wednesday,09-09-26,79839,44,Al Hamd,SOIL,08-09-26,A-2-4,25.20%,,Bottom of excavation,V0-3,VILLA 121,,,,1,Sieve analysis,,APPROVED AS NOTED,DONE,2,LOGIC,1,,,
1309,Wednesday,09-09-26,79840,44,Al Hamd,SOIL,08-09-26,A-1-B,24.00%,,Bottom of excavation,V0-3,RD 21,,,,1,Sieve analysis,,APPROVED AS NOTED,DONE,2,LOGIC,1,,,
1310,Wednesday,09-09-26,79841,44,Al Hamd,SOIL,08-09-26,A-4,47.00%,,Bottom of excavation,V0-3,VILLA 118,,,,1,Sieve analysis,,APPROVED AS NOTED,DONE,2,LOGIC,1,,,
1311,Wednesday,09-09-26,79842,44,Al Hamd,SOIL,08-09-26,A-4,44.00%,,Bottom of excavation,V0-3,BH-21' A,,,,1,Sieve analysis,,APPROVED AS NOTED,DONE,2,LOGIC,1,,,
1312,Wednesday,09-09-26,79843,44,Al Hamd,SOIL,08-09-26,A-4,37.20%,,Bottom of excavation,V0-3,VILLA 117,,,,1,Sieve analysis,,APPROVED AS NOTED,DONE,2,LOGIC,1,,,
1313,Wednesday,09-09-26,79844,44,Al Hamd,SOIL,08-09-26,A-4,46.40%,,Bottom of excavation,V0-3,BH-21' B,,,,1,Sieve analysis,,APPROVED AS NOTED,DONE,2,LOGIC,1,,,
1314,Thursday,10-09-26,79845,44, ARABCO,DPL,08-09-26,,,38.1,Fill,V0-3,VILLA 7,,LAYER-13,23.95,3,,,APPROVED AS NOTED,DONE,5,CEL,2,,,
1315,Thursday,10-09-26,79846,44,Al Qimam,DPL,08-09-26,,,38.6,Fill,V0-3,RD-2,,LAYER-8,24.6,2,,,APPROVED AS NOTED,DONE,4,CEL,2,,,
1316,Thursday,10-09-26,79847,44,Hosny Mubarak,DPL,08-09-26,,,39.2,Fill,V0-3,BH-4,,LAYER-15,24.15,8,,,APPROVED AS NOTED,DONE,10,CEL,2,,,
1317,Thursday,10-09-26,79848,44,Hosny Mubarak,DPL,08-09-26,,,37.6,Fill,V0-3,VILLA 9,,LAYER-13,24.7,2,,,APPROVED AS NOTED,DONE,4,CEL,2,,,
1318,Thursday,10-09-26,79849,44,Hosny Mubarak,DPL,08-09-26,,,37.2,Fill,V0-3,VILLA 10,,LAYER-13,24.7,2,,,APPROVED AS NOTED,DONE,4,CEL,2,,,
1319,Thursday,10-09-26,79850,44,Hosny Mubarak,DPL,08-09-26,,,36.5,Fill,V0-3,VILLA 11,,LAYER-13,24.7,2,,,APPROVED AS NOTED,DONE,4,CEL,2,,,
1320,Thursday,10-09-26,79851,44,Hosny Mubarak,DPL,08-09-26,,,42.2,Fill,V0-3,RD-4(EX V 9),,LAYER-3,24.7,2,,,APPROVED AS NOTED,DONE,4,CEL,2,,,
1321,Thursday,10-09-26,79852,44,Hosny Mubarak,DPL,08-09-26,,,41.8,Fill,V0-3,RD-4(EX V 10),,LAYER-3,24.7,2,,,APPROVED AS NOTED,DONE,4,CEL,2,,,
1322,Thursday,10-09-26,79853,44,ARABCO,DPL,08-09-26,,,40.13,Fill,V0-3,VILLA 8,,LAYER-13,23.95,3,,,APPROVED AS NOTED,DONE,5,CEL,2,,,
1323,Thursday,10-09-26,79854,44,Al Kifah,DPL,08-09-26,,,38.33,Fill,V0-3,VILLA 20,,LAYER-11,25,3,,,APPROVED AS NOTED,DONE,5,CEL,2,,,
1324,Thursday,10-09-26,79855,44,Al Kifah,DPL,08-09-26,,,35.7,Fill,V0-3,VILLA 21,,LAYER-11,25,3,,,APPROVED AS NOTED,DONE,5,CEL,2,,,
1325,Thursday,10-09-26,79856,44,Al Kifah,DPL,08-09-26,,,48.75,Fill,V0-3,VILLA 22,,LAYER-11,25,3,,,APPROVED AS NOTED,DONE,5,CEL,2,,,
1326,Thursday,10-09-26,79857,44,Al Kifah,DPL,08-09-26,,,51.35,Fill,V0-3,VILLA 23,,LAYER-12,25,3,,,APPROVED AS NOTED,DONE,5,CEL,2,,,
1327,Thursday,10-09-26,79858,44,Al Kifah,DPL,08-09-26,,,42.95,Fill,V0-3,VILLA 24,,LAYER-13,25,2,,,APPROVED AS NOTED,DONE,4,CEL,2,,,
1328,Thursday,10-09-26,79859,44,Al Kifah,DPL,08-09-26,,,40.75,Fill,V0-3,VILLA 25,,LAYER-13,25,2,,,APPROVED AS NOTED,DONE,4,CEL,2,,,
1329,Thursday,10-09-26,79860,44,Al Kifah,DPL,08-09-26,,,43.15,Fill,V0-3,VILLA 26,,LAYER-13,25,2,,,APPROVED AS NOTED,DONE,4,CEL,2,,,
1330,Thursday,10-09-26,79861,44,Al Kifah,DPL,08-09-26,,,37.1,Fill,V0-3,RD-2-EX(V 20),,LAYER-1,25,2,,,APPROVED AS NOTED,DONE,4,CEL,2,,,
1331,Thursday,10-09-26,79862,44,Al Kifah,DPL,08-09-26,,,38.8,Fill,V0-3,RD-2-EX(V 21),,LAYER-1,25,2,,,APPROVED AS NOTED,DONE,4,CEL,2,,,
1332,Thursday,10-09-26,79863,44,Al Kifah,DPL,08-09-26,,,36.7,Fill,V0-3,RD-2-EX(V 22),,LAYER-1,25,2,,,APPROVED AS NOTED,DONE,4,CEL,2,,,
1333,Thursday,10-09-26,79864,44,Al Kifah,DPL,08-09-26,,,44.45,Fill,V0-3,RD-1-EX(V 23),,LAYER-1,25,2,,,APPROVED AS NOTED,DONE,4,CEL,2,,,
1334,Thursday,10-09-26,79865,44,Al Masria 1,DPL,08-09-26,,,40.1,Fill,V0-3,VILLA 99,,LAYER-4,20.35,2,,,APPROVED AS NOTED,DONE,4,CEL,2,,,
1335,Thursday,10-09-26,79866,44,Samy Asaad,DPL,08-09-26,,,38.06,Fill,V0-3,VILLA 109,,LAYER-5,22.55,3,,,APPROVED AS NOTED,DONE,5,CEL,2,,,
1336,Thursday,10-09-26,79867,44,Samy Asaad,DPL,08-09-26,,,56.2,Fill,V0-3,VILLA 110,,LAYER-5,22.55,2,,,APPROVED AS NOTED,DONE,4,CEL,2,,,
1337,Thursday,10-09-26,79868,44,Samy Asaad,DPL,08-09-26,,,58.17,Fill,V0-3,VILLA 111,,LAYER-4,22.55,4,,,APPROVED AS NOTED,DONE,6,CEL,2,,,
1338,Thursday,10-09-26,79869,44,ROCK,DPL,08-09-26,,,53.25,Fill,V0-3,VILLA 57,,LAYER-9,21.5,2,,,APPROVED AS NOTED,DONE,4,CEL,2,,,
1339,Thursday,10-09-26,79870,44,ROCK,DPL,08-09-26,,,49.3,Fill,V0-3,VILLA 58,,LAYER-9,21.5,2,,,APPROVED AS NOTED,DONE,4,CEL,2,,,
1340,Thursday,10-09-26,79871,44,ROCK,DPL,08-09-26,,,44.8,Fill,V0-3,VILLA 59,,LAYER-9,21.5,2,,,APPROVED AS NOTED,DONE,4,CEL,2,,,
1341,Thursday,10-09-26,79872,44,ROCK,DPL,08-09-26,,,45.85,Fill,V0-3,VILLA 60,,LAYER-8,20.95,2,,,APPROVED AS NOTED,DONE,4,CEL,2,,,
1342,Thursday,10-09-26,79873,44,ROCK,DPL,08-09-26,,,40,Fill,V0-3,RD-8,,LAYER-1,19.05,2,,,APPROVED AS NOTED,DONE,4,CEL,2,,,
1343,Thursday,10-09-26,79874,44,Al Wadi Stone,DPL,08-09-26,,,41.5,Fill,V0-3,RD-9,,LAYER-2,20.5,3,,,APPROVED AS NOTED,DONE,5,CEL,2,,,
1344,Thursday,10-09-26,79875,44,Al Ehsan,DPL,08-09-26,,,38.11,Fill,V0-3,BH-10,,LAYER-6,21.65,6,,,APPROVED AS NOTED,DONE,8,CEL,2,,,
1345,Thursday,10-09-26,79876,44,Al Ehsan,DPL,08-09-26,,,37.15,Fill,V0-3,VILLA 40,,LAYER-8,22.4,2,,,APPROVED AS NOTED,DONE,4,CEL,2,,,
1346,Saturday,10-09-26,79877,44,Al Qimam,DPL,08-09-26,,,45.86,Fill,V0-3,BH-2,,LAYER-10,23.1,6,,,APPROVED AS NOTED,DONE,8,CEL,2,,,
1347,Saturday,12-09-26,79878,44,Al Hamd,DPL,11-09-26,,,38.5,Fill,V0-3,VILLA 126,,LAYER-2,20.05,2,,,APPROVED AS NOTED,DONE,4,CEL,1,,,
1348,Thursday,10-09-26,79879,44,Al Selme,DPL,08-09-26,,,39.3,Fill,V0-3,VILLA 114,,LAYER-1,22.2,2,,,APPROVED AS NOTED,DONE,4,CEL,2,,,
1349,Thursday,10-09-26,79880,44,Ghali Aziz,DPL,08-09-26,,,38.9,Fill,V0-3,VILLA 31,,LAYER-4,21.2,2,,,APPROVED AS NOTED,DONE,4,HELIOPOLIS,2,,,
1350,Thursday,10-09-26,79881,44,Ghali Aziz,DPL,08-09-26,,,38.9,Fill,V0-3,VILLA 32,,LAYER-5,21.15,2,,,APPROVED AS NOTED,DONE,4,HELIOPOLIS,2,,,
1351,Thursday,10-09-26,79882,44,Al Masria 1,DPL,08-09-26,,,46,Fill,V0-3,BH-19,,LAYER-1,19.6,2,,,APPROVED AS NOTED,DONE,4,HELIOPOLIS,2,,,
1352,Thursday,10-09-26,79883,44,Arabco 2,DPL,09-09-26,,,42.46,Fill,V0-3,VILLA 33,,LAYER-9,23,3,,,APPROVED AS NOTED,DONE,5,CEL,1,,,
1353,Thursday,10-09-26,79884,44,Arabco 2,DPL,09-09-26,,,50.13,Fill,V0-3,VILLA 34,,LAYER-10,23,3,,,APPROVED AS NOTED,DONE,5,CEL,1,,,
1354,Thursday,10-09-26,79885,44,Target,SOIL,24-08-26,A-4,48.00%,,Natural Ground,V0-3,VILLA 83,,,,1,Sieve analysis,,APPROVED AS NOTED,DONE,3,CEL,17,,,
1355,Thursday,10-09-26,79886,44,Al Motamayez,DPL,26-08-26,,,42.6,Fill,V0-3,BH-7,,LAYER-5,21,4,,,APPROVED AS NOTED,DONE,6,DR/ OMAR OSMAN,15,,,
1356,Thursday,10-09-26,79887,44,AL ALamiaa,DPL,01-09-26,,,42.1,Fill,V0-3,VILLA 90,,LAYER-1,17.5,2,,,APPROVED AS NOTED,DONE,4,DR/ OMAR OSMAN,9,,,
1357,Thursday,10-09-26,79888,44,AL ALamiaa,DPL,01-09-26,,,61.5,Fill,V0-3,VILLA 91,,LAYER-1,17.5,2,,,APPROVED AS NOTED,DONE,4,DR/ OMAR OSMAN,9,,,
1358,Thursday,10-09-26,79889,44,Al Motamayez,DPL,26-08-26,,,42.9,Fill,V0-3,VILLA 5,,LAYER-9,22,3,,,APPROVED AS NOTED,DONE,5,DR/ OMAR OSMAN,15,,,
1359,Thursday,10-09-26,79890,44,Al Farook,DPL,09-09-26,,,37.9,Fill,V0-3,VILLA 72,,LAYER-5,19.7,3,,,APPROVED AS NOTED,DONE,5,DR/ OMAR OSMAN,1,,,
1360,Thursday,10-09-26,79891,44,Hosny Mubarak,DPL,09-09-26,,,37.2,Fill,V0-3,VILLA 147,,LAYER-6,22.8,2,,,APPROVED AS NOTED,DONE,4,DR/ OMAR OSMAN,1,,,
1361,Thursday,10-09-26,79892,44,Hosny Mubarak,DPL,09-09-26,,,41,Fill,V0-3,VILLA 148,,LAYER-6,22.8,2,,,APPROVED AS NOTED,DONE,4,DR/ OMAR OSMAN,1,,,
1362,Thursday,10-09-26,79893,44,Hosny Mubarak,DPL,09-09-26,,,42.85,Fill,V0-3,RD-23,,LAYER-6,22.8,3,,,APPROVED AS NOTED,DONE,5,DR/ OMAR OSMAN,1,,,
1363,Thursday,10-09-26,79894,44,Abnaa Hetler,DPL,09-09-26,,,41.6,Fill,V0-3,BH-11,,LAYER-12,22.4,13,,,APPROVED AS NOTED,DONE,15,DR/ OMAR OSMAN,1,,,
1364,Thursday,10-09-26,79895,44,Abnaa Hetler,DPL,09-09-26,,,39.1,Fill,V0-3,BH-11',,LAYER-12,22.4,12,,,APPROVED AS NOTED,DONE,14,DR/ OMAR OSMAN,1,,,
1365,Thursday,10-09-26,79896,44,Abnaa Hetler,DPL,09-09-26,,,38.7,Fill,V0-3,VILLA 1,,LAYER-14,24.2,4,,,APPROVED AS NOTED,DONE,6,DR/ OMAR OSMAN,1,,,
1366,Thursday,10-09-26,79897,44,Abnaa Hetler,DPL,09-09-26,,,37.8,Fill,V0-3,VILLA 2,,LAYER-14,24.2,3,,,APPROVED AS NOTED,DONE,5,DR/ OMAR OSMAN,1,,,
1367,Wednesday,09-09-26,79759,44,Al Ayed,DPL,07-09-26,,,47.06,Fill,V0-3,VILLA 160,,LAYER-1,,2,,,APPROVED AS NOTED,DONE,4,DR/ OMAR OSMAN,2,,,
1368,Wednesday,10-09-26,79899,44,Al Ayed,DPL,09-09-26,,,45.88,Fill,V0-3,VILLA 160,,LAYER-2,19.15,2,,,APPROVED AS NOTED,DONE,4,DR/ OMAR OSMAN,1,,,
1369,Wednesday,09-09-26,79792,44,Al Ayed,SOIL,07-09-26,A-2-4,35.00%,,Natural Ground,V0-3,VILLA 161,,,,1,Sieve analysis,,APPROVED AS NOTED,DONE,3,CEL,2,,,
1370,Wednesday,10-09-26,79901,44,Hosny Mubarak,DPL,09-09-26,,,43,Fill,V0-3,VILLA 145,,LAYER-8,22.5,2,,,APPROVED AS NOTED,DONE,4,DR/ OMAR OSMAN,1,,,
1371,Thursday,10-09-26,79902,44,Hosny Mubarak,DPL,09-09-26,,,46.56,Fill,V0-3,VILLA 146,,LAYER-8,22.5,2,,,APPROVED AS NOTED,DONE,4,DR/ OMAR OSMAN,1,,,
1372,Thursday,10-09-26,79903,44,AL ALamiaa,DPL,09-09-26,,,44.17,Fill,V0-3,VILLA 93,,LAYER-5,20.5,2,,,APPROVED AS NOTED,DONE,4,DR/ OMAR OSMAN,1,,,
1373,Thursday,10-09-26,79904,44,AL ALamiaa,DPL,09-09-26,,,41.65,Fill,V0-3,VILLA 94,,LAYER-6,20.5,2,,,APPROVED AS NOTED,DONE,4,DR/ OMAR OSMAN,1,,,
1374,Thursday,10-09-26,79905,44,AL ALamiaa,DPL,09-09-26,,,41.46,Fill,V0-3,VILLA 95,,LAYER-6,20.5,2,,,APPROVED AS NOTED,DONE,4,DR/ OMAR OSMAN,1,,,
1375,Thursday,10-09-26,79906,44,AL ALamiaa,DPL,09-09-26,,,44.8,Fill,V0-3,VILLA 98,,LAYER-4,20.5,3,,,APPROVED AS NOTED,DONE,5,DR/ OMAR OSMAN,1,,,
1376,Thursday,10-09-26,79907,44,Target,DPL,09-09-26,,,42.5,Fill,V0-3,VILLA 81,,LAYER-6,20.5,2,,,APPROVED AS NOTED,DONE,4,DR/ OMAR OSMAN,1,,,
1377,Thursday,10-09-26,79908,44,Target,DPL,09-09-26,,,36.4,Fill,V0-3,VILLA 83,,LAYER-3,20.5,2,,,APPROVED AS NOTED,DONE,4,DR/ OMAR OSMAN,1,,,
1378,Thursday,10-09-26,79909,44,Target,DPL,09-09-26,,,37.8,Fill,V0-3,VILLA 84,,LAYER-5,20.5,2,,,APPROVED AS NOTED,DONE,4,DR/ OMAR OSMAN,1,,,
1379,Thursday,10-09-26,79910,44,Target,DPL,09-09-26,,,40.6,Fill,V0-3,VILLA 85,,LAYER-5,20.5,2,,,APPROVED AS NOTED,DONE,4,DR/ OMAR OSMAN,1,,,
1380,Thursday,10-09-26,79911,44,Target,DPL,09-09-26,,,38.75,Fill,V0-3,VILLA 86,,LAYER-5,20.5,2,,,APPROVED AS NOTED,DONE,4,DR/ OMAR OSMAN,1,,,
1381,Thursday,10-09-26,79912,44,Target,DPL,09-09-26,,,41.66,Fill,V0-3,VILLA 87,,LAYER-2,19,2,,,APPROVED AS NOTED,DONE,4,DR/ OMAR OSMAN,1,,,
1382,Thursday,10-09-26,79913,44,Target,DPL,09-09-26,,,37.1,Fill,V0-3,VILLA 88,,LAYER-2,19,2,,,APPROVED AS NOTED,DONE,4,DR/ OMAR OSMAN,1,,,
1383,Thursday,10-09-26,79914,44,Target,DPL,09-09-26,,,38.86,Fill,V0-3,RD-16,,LAYER-2,20.5,2,,,APPROVED AS NOTED,DONE,4,DR/ OMAR OSMAN,1,,,
1384,Thursday,10-09-26,79915,44,Arabco,DPL,09-09-26,,,45.4,Fill,V0-3,BH-6,,LAYER-12,23.4,5,,,APPROVED AS NOTED,DONE,7,CEL,1,,,
1385,Thursday,10-09-26,79916,44,Arabco,DPL,09-09-26,,,41.06,Fill,V0-3,VILLA 6,,LAYER-14,24.45,3,,,APPROVED AS NOTED,DONE,5,CEL,1,,,
1386,Thursday,10-09-26,79917,44,Arabco,DPL,09-09-26,,,42.36,Fill,V0-3,VILLA 7,,LAYER-14,24.45,3,,,APPROVED AS NOTED,DONE,5,CEL,1,,,
1387,Thursday,10-09-26,79918,44,Arabco,DPL,09-09-26,,,42.73,Fill,V0-3,VILLA 8,,LAYER-14,24.45,3,,,APPROVED AS NOTED,DONE,5,CEL,1,,,
1388,Thursday,10-09-26,79919,44,Arabco,DPL,09-09-26,,,39.55,Fill,V0-3,RD-6(EX V 6),,LAYER-1,24.45,2,,,APPROVED AS NOTED,DONE,4,CEL,1,,,
1389,Thursday,10-09-26,79920,44,Arabco,DPL,09-09-26,,,36.1,Fill,V0-3,RD-6(EX V 7),,LAYER-1,24.45,2,,,APPROVED AS NOTED,DONE,4,CEL,1,,,
1390,Thursday,10-09-26,79921,44,Arabco,DPL,09-09-26,,,41.9,Fill,V0-3,RD-6(EX V 8),,LAYER-1,24.45,2,,,APPROVED AS NOTED,DONE,4,CEL,1,,,
1391,Thursday,10-09-26,79922,44,Arabco 2,DPL,09-09-26,,,53.6,Fill,V0-3,VILLA 35,,LAYER-10,23,3,,,APPROVED AS NOTED,DONE,5,HELIOPOLIS,1,,,
1392,Thursday,10-09-26,79923,44,Arabco 2,DPL,09-09-26,,,53.6,Fill,V0-3,VILLA 36,,LAYER-10,23,3,,,APPROVED AS NOTED,DONE,5,HELIOPOLIS,1,,,
1393,Thursday,10-09-26,79924,44,Al Ehsan,DPL,09-09-26,,,40.4,Fill,V0-3,VILLA 41,,LAYER-8,22.4,3,,,APPROVED AS NOTED,DONE,5,HELIOPOLIS,1,,,
1394,Thursday,10-09-26,79925,44,Al Hamd,DPL,09-09-26,,,49.45,Fill,V0-3,VILLA 126,,LAYER-1,19.8,2,,,APPROVED AS NOTED,DONE,4,CEL,1,,,
1395,Thursday,10-09-26,79926,44,Al Hamd,DPL,09-09-26,,,47.65,Fill,V0-3,VILLA 127,,LAYER-1,19.8,2,,,APPROVED AS NOTED,DONE,4,CEL,1,,,
1396,Thursday,10-09-26,79927,44,Al Selme,DPL,09-09-26,,,45,Fill,V0-3,VILLA 113,,LAYER-1,22.2,3,,,APPROVED AS NOTED,DONE,5,HELIOPOLIS,1,,,
1397,Thursday,10-09-26,79928,44,Al Selme,DPL,09-09-26,,,45,Fill,V0-3,VILLA 115,,LAYER-1,22.2,3,,,APPROVED AS NOTED,DONE,5,HELIOPOLIS,1,,,
1398,Thursday,10-09-26,79929,44,Al Selme,DPL,09-09-26,,,43.06,Fill,V0-3,VILLA 112,,LAYER-2,22.2,3,,,APPROVED AS NOTED,DONE,5,CEL,1,,,
1399,Thursday,10-09-26,79930,44,Al Selme,DPL,09-09-26,,,37.7,Fill,V0-3,RD-21,,LAYER-1,22.2,2,,,APPROVED AS NOTED,DONE,4,CEL,1,,,
1400,Thursday,10-09-26,79931,44,Al Kifah,DPL,09-09-26,,,41,Fill,V0-3,BH-1,,LAYER-14,24.25,8,,,APPROVED AS NOTED,DONE,10,HELIOPOLIS,1,,,
1401,Thursday,10-09-26,79932,44,Al Masria 1,DPL,09-09-26,,,42.2,Fill,V0-3,VILLA 100,,LAYER-4,20.35,2,,,APPROVED AS NOTED,DONE,4,HELIOPOLIS,1,,,
1402,Thursday,10-09-26,79933,44,Abnaa Oraby,DPL,09-09-26,,,42.18,Fill,V0-3,VILLA 52,,LAYER-7,21.1,3,,,APPROVED AS NOTED,DONE,5,HELIOPOLIS,1,,,
1403,Thursday,10-09-26,79934,44,Abnaa Oraby,DPL,09-09-26,,,42.18,Fill,V0-3,RD-9,,LAYER-4,21.1,2,,,APPROVED AS NOTED,DONE,4,HELIOPOLIS,1,,,
1404,Thursday,10-09-26,79935,44,Hosny Mubarak,DPL,09-09-26,,,38.9,Fill,V0-3,VILLA 12,,LAYER-12,24.9,2,,,APPROVED AS NOTED,DONE,4,HELIOPOLIS,1,,,
1405,Thursday,10-09-26,79936,44,Hosny Mubarak,DPL,09-09-26,,,38.9,Fill,V0-3,VILLA 13,,LAYER-11,24.9,2,,,APPROVED AS NOTED,DONE,4,HELIOPOLIS,1,,,
1406,Thursday,10-09-26,79937,44,ROCK,DPL,09-09-26,,,41.2,Fill,V0-3,RD-8,,LAYER-2,19.55,2,,,APPROVED AS NOTED,DONE,4,CEL,1,,,
1407,Thursday,10-09-26,79938,44,Samy Asaad,DPL,09-09-26,,,41,Fill,V0-3,RD-20,,LAYER-5,23.5,7,,,APPROVED AS NOTED,DONE,9,HELIOPOLIS,1,,,
1408,Thursday,10-09-26,79939,44,Target,PLATE LOAD,09-09-26,,,,Fill,V0-3,VILLA 85,,19.7,,1,,458,APPROVED AS NOTED,DONE,3,HELIOPOLIS,1,,,
1409,Thursday,10-09-26,79940,44,Al Farook,PLATE LOAD,09-09-26,,,,Fill,V0-3,VILLA 72,,19.7,,1,,1500,APPROVED AS NOTED,DONE,3,HELIOPOLIS,1,,,
1410,Thursday,10-09-26,79941,44,AL ALamiaa,PLATE LOAD,09-09-26,,,,Fill,V0-3,VILLA 91,,19.5,,1,,1031,APPROVED AS NOTED,DONE,3,GLOBAL LAB,1,,,
1411,Thursday,10-09-26,79942,44,AL ALamiaa,PLATE LOAD,09-09-26,,,,Fill,V0-3,VILLA 90,,19.5,,1,,861,APPROVED AS NOTED,DONE,3,GLOBAL LAB,1,,,
1412,Thursday,10-09-26,79943,44,Al Qimam,SOIL,09-09-26,A-2-4,26.00%,,Stockpile,V0-3,,,,,1,Sieve + Proctoer ,,APPROVED AS NOTED,DONE,3,LOGIC,1,,,
1413,Thursday,10-09-26,79944,44,Al Qimam,SOIL,09-09-26,A-2-4,25.60%,,Stockpile,V0-3,,,,,1,Sieve + Proctoer ,,APPROVED AS NOTED,DONE,3,LOGIC,1,,,
1414,Thursday,10-09-26,79945,44,Samy Asaad,SOIL,09-09-26,A-2-4,33.40%,,Bottom of excavation,V0-3,BH-20,,,,1,Sieve analysis,,APPROVED AS NOTED,DONE,2,LOGIC,1,,,
1415,Thursday,10-09-26,79946,44,Arabco 2,PLATE LOAD,09-09-26,,,,Fill,V0-3,VILLA 33,,23,,1,,1200,APPROVED AS NOTED,DONE,3,HELIOPOLIS,1,,,
1416,Thursday,10-09-26,79947,44,Arabco 2,PLATE LOAD,09-09-26,,,,Fill,V0-3,VILLA 34,,23,,1,,1300,APPROVED AS NOTED,DONE,3,HELIOPOLIS,1,,,
1417,Thursday,10-09-26,79948,44,Arabco 2,PLATE LOAD,09-09-26,,,,Fill,V0-3,VILLA 35,,23,,1,,1300,APPROVED AS NOTED,DONE,3,HELIOPOLIS,1,,,
1418,Thursday,10-09-26,79949,44,Arabco 2,PLATE LOAD,09-09-26,,,,Fill,V0-3,VILLA 36,,23,,1,,1300,APPROVED AS NOTED,DONE,3,HELIOPOLIS,1,,,
1419,Thursday,10-09-26,79950,44,Al Hamd,PLATE LOAD,09-09-26,,,,Natural Ground,V0-3,BH-21' A,,21.95,,1,,900,APPROVED AS NOTED,DONE,3,HELIOPOLIS,1,,,
1420,Thursday,10-09-26,79951,44,Al Hamd,PLATE LOAD,09-09-26,,,,Natural Ground,V0-3,BH-21' B,,20,,1,,900,APPROVED AS NOTED,DONE,3,HELIOPOLIS,1,,,
1421,Thursday,10-09-26,79952,44,Samy Asaad,PLATE LOAD,09-09-26,,,,Fill,V0-3,RD-20,,23.5,,2,,3470,APPROVED AS NOTED,DONE,5,GLOBAL LAB,1,,,
1422,Thursday,10-09-26,79953,44,Samy Asaad,PLATE LOAD,09-09-26,,,,Natural Ground,V0-3,BH-20,,19,,2,,5394,APPROVED AS NOTED,DONE,5,GLOBAL LAB,1,,,
1423,Thursday,10-09-26,79954,44,Arabco,PLATE LOAD,09-09-26,,,,Fill,V0-3,BH-6,,23.4,,1,,2300,APPROVED AS NOTED,DONE,3,HELIOPOLIS,1,,,
1424,Thursday,10-09-26,79955,44,Al Qimam,PLATE LOAD,09-09-26,,,,Fill,V0-3,VILLA 19,,24.6,,1,,1400,APPROVED AS NOTED,DONE,3,GLOBAL LAB,1,,,
1425,Thursday,10-09-26,79956,44,Samy Asaad,PLATE LOAD,09-09-26,,,,Natural Ground,V0-3,BH-20',,19,,2,,5310,APPROVED AS NOTED,DONE,5,GLOBAL LAB,1,,,
1426,Thursday,10-09-26,79957,44,Samy Asaad,SOIL,09-09-26,A-2-4,34.60%,,Bottom of excavation,V0-3,BH-20',,,,1,Sieve analysis,,APPROVED AS NOTED,DONE,2,LOGIC,1,,,
1427,Thursday,11-09-26,79958,44,AL ALamiaa,PLATE LOAD,10-09-26,,,,Fill,V0-3,VILLA 93,,20.5,,1,,940,APPROVED AS NOTED,DONE,3,HELIOPOLIS,1,,,
1428,Friday,11-09-26,79959,44,AL ALamiaa,PLATE LOAD,10-09-26,,,,Fill,V0-3,VILLA 96,,20.5,,1,,646,APPROVED AS NOTED,DONE,3,HELIOPOLIS,1,,,
1429,Friday,11-09-26,79960,44,EICO,SOIL,10-09-26,A-4,47.40%,,Natural Ground,V0-3,VILLA 75,,,,1,Sieve analysis,,APPROVED AS NOTED,DONE,3,CEL,1,,,
1430,Friday,11-09-26,79961,44,EICO,SOIL,10-09-26,A-4,55.00%,,Natural Ground,V0-3,VILLA 76,,,,1,Sieve analysis,,APPROVED AS NOTED,DONE,3,CEL,1,,,
1431,Friday,11-09-26,79962,44,EICO,SOIL,10-09-26,A-4,54.00%,,Natural Ground,V0-3,VILLA 77,,,,1,Sieve analysis,,APPROVED AS NOTED,DONE,3,CEL,1,,,
1432,Friday,11-09-26,79963,44,Fawzy Al Rfaay,SOIL,10-09-26,A-4,46.60%,,Natural Ground,V0-3,BH-22,,,,1,Sieve analysis,,APPROVED AS NOTED,DONE,3,CEL,1,,,
1433,Friday,11-09-26,79964,44,Fawzy Al Rfaay,SOIL,10-09-26,A-4,36.60%,,Natural Ground,V0-3,VILLA 131,,,,1,Sieve analysis,,APPROVED AS NOTED,DONE,3,CEL,1,,,
1434,Friday,11-09-26,79965,44,Fawzy Al Rfaay,SOIL,10-09-26,A-4,46.60%,,Natural Ground,V0-3,VILLA 132,,,,1,Sieve analysis,,APPROVED AS NOTED,DONE,3,CEL,1,,,
1435,Friday,11-09-26,79966,44,Fawzy Al Rfaay,SOIL,10-09-26,A-4,54.20%,,Natural Ground,V0-3,VILLA 133,,,,1,Sieve analysis,,APPROVED AS NOTED,DONE,3,CEL,1,,,
1436,Friday,11-09-26,79967,44,Fawzy Al Rfaay,SOIL,10-09-26,A-4,52.60%,,Natural Ground,V0-3,VILLA 134,,,,1,Sieve analysis,,APPROVED AS NOTED,DONE,3,CEL,1,,,
1437,Friday,11-09-26,79968,44,Fawzy Al Rfaay,SOIL,10-09-26,A-4,53.60%,,Natural Ground,V0-3,VILLA 135,,,,1,Sieve analysis,,APPROVED AS NOTED,DONE,3,CEL,1,,,
1438,Friday,11-09-26,79969,44,Fawzy Al Rfaay,SOIL,10-09-26,A-4,48.60%,,Natural Ground,V0-3,VILLA 136,,,,1,Sieve analysis,,APPROVED AS NOTED,DONE,3,CEL,1,,,
1439,Friday,11-09-26,79970,44,AL ALamiaa,DPL,10-09-26,,,39.6,Fill,V0-3,VILLA 96,,LAYER-5,20.5,2,,,APPROVED AS NOTED,DONE,4,DR/ OMAR OSMAN,1,,,
1440,Friday,11-09-26,79971,44,AL ALamiaa,DPL,10-09-26,,,38.9,Fill,V0-3,VILLA 97,,LAYER-4,20.5,2,,,APPROVED AS NOTED,DONE,4,DR/ OMAR OSMAN,1,,,
1441,,11-09-26,79972,44,Al Farook,DPL,10-09-26,,,54,Fill,V0-3,VILLA 73,,LAYER-7,19.65,2,,,APPROVED AS NOTED,DONE,4,DR/ OMAR OSMAN,1,,,
1442,Friday,11-09-26,79973,44,Al Farook,DPL,10-09-26,,,45.6,Fill,V0-3,VILLA 74,,LAYER-6,19.6,2,,,APPROVED AS NOTED,DONE,4,DR/ OMAR OSMAN,1,,,
1443,Friday,11-09-26,79974,44,Target,DPL,10-09-26,,,37.7,Fill,V0-3,VILLA 82,,LAYER-5,20.5,2,,,APPROVED AS NOTED,DONE,4,DR/ OMAR OSMAN,1,,,
1444,Friday,11-09-26,79975,44,Target,DPL,10-09-26,,,37.8,Fill,V0-3,BH-16,,LAYER-2,20.5,5,,,APPROVED AS NOTED,DONE,7,DR/ OMAR OSMAN,1,,,
1445,Friday,11-09-26,79976,44,Target,DPL,10-09-26,,,42.74,Fill,V0-3,RD-16 B,,LAYER-2,19.5,2,,,APPROVED AS NOTED,DONE,4,DR/ OMAR OSMAN,1,,,
1446,Friday,11-09-26,79977,44,Al Motamayez,DPL,10-09-26,,,48.6,Fill,V0-3,BH-7,,LAYER-10,22.5,4,,,APPROVED AS NOTED,DONE,6,DR/ OMAR OSMAN,1,,,
1447,Friday,11-09-26,79978,44,Al Motamayez,DPL,10-09-26,,,35.75,Fill,V0-3,VILLA 3,,LAYER-12,23.5,2,,,APPROVED AS NOTED,DONE,4,DR/ OMAR OSMAN,1,,,
1448,Friday,11-09-26,79979,44,Al Motamayez,DPL,10-09-26,,,40,Fill,V0-3,RD-7 (EX V 3),,LAYER-12,23.5,2,,,APPROVED AS NOTED,DONE,4,DR/ OMAR OSMAN,1,,,
1449,Friday,11-09-26,79980,44,Target,DPL,10-09-26,,,39.6,Fill,V0-3,VILLA 87,,LAYER-3,19.5,2,,,APPROVED AS NOTED,DONE,4,DR/ OMAR OSMAN,1,,,
1450,Friday,11-09-26,79981,44,Target,DPL,10-09-26,,,40,Fill,V0-3,VILLA 88,,LAYER-3,19.5,2,,,APPROVED AS NOTED,DONE,4,DR/ OMAR OSMAN,1,,,
1451,Wednesday,14-09-26,95130,44,Al Ayed,SOIL,13-09-26,A-2-4,48.80%,,Natural Ground,V0-3,VILLA 163,,,,1,Sieve analysis,,APPROVED AS NOTED,DONE,3,CEL,1,,,
1452,Thursday,09-09-26,79793,44,Al Ayed,SOIL,07-09-26,A-2-4,29.80%,,Natural Ground,V0-3,VILLA 164,,,,1,Sieve analysis,,APPROVED AS NOTED,DONE,3,CEL,2,,,
1453,Wednesday,11-09-26,79984,44,HIgh Dam,DPL,10-09-26,,,60.22,Fill,V0-3,VILLA 61,,LAYER-9,20.9,2,,,APPROVED AS NOTED,DONE,4,DR/ OMAR OSMAN,1,,,
1454,Friday,11-09-26,79985,44,HIgh Dam,DPL,10-09-26,,,58.5,Fill,V0-3,VILLA 62,,LAYER-9,20.9,3,,,APPROVED AS NOTED,DONE,5,DR/ OMAR OSMAN,1,,,
1455,Friday,11-09-26,79986,44,HIgh Dam,DPL,10-09-26,,,37.7,Fill,V0-3,VILLA 63,,LAYER-9,20.9,2,,,APPROVED AS NOTED,DONE,4,DR/ OMAR OSMAN,1,,,
1456,Friday,11-09-26,79987,44,HIgh Dam,DPL,10-09-26,,,53.8,Fill,V0-3,VILLA 64,,LAYER-9,20.9,2,,,APPROVED AS NOTED,DONE,4,DR/ OMAR OSMAN,1,,,
1457,Friday,11-09-26,79988,44,HIgh Dam,DPL,10-09-26,,,63,Fill,V0-3,RD-12,,LAYER-6,20.9,2,,,APPROVED AS NOTED,DONE,4,DR/ OMAR OSMAN,1,,,
1458,Friday,11-09-26,79989,44,HIgh Dam,DPL,10-09-26,,,51.1,Fill,V0-3,BH-13 C,,LAYER-3,18.9,7,,,APPROVED AS NOTED,DONE,9,DR/ OMAR OSMAN,1,,,
1459,Friday,11-09-26,79990,44,Hosny Mubarak,DPL,10-09-26,,,42.7,Fill,V0-3,BH-23,,LAYER-8,22.4,6,,,APPROVED AS NOTED,DONE,8,DR/ OMAR OSMAN,1,,,
1460,Friday,11-09-26,79991,44,Hosny Mubarak,DPL,10-09-26,,,53.32,Fill,V0-3,VILLA 145,,LAYER-9,23,2,,,APPROVED AS NOTED,DONE,4,DR/ OMAR OSMAN,1,,,
1461,Friday,11-09-26,79992,44,Hosny Mubarak,DPL,10-09-26,,,51.8,Fill,V0-3,VILLA 146,,LAYER-9,23,2,,,APPROVED AS NOTED,DONE,4,DR/ OMAR OSMAN,1,,,
1462,Friday,11-09-26,79993,44,Abnaa Hetler,DPL,10-09-26,,,44.7,Fill,V0-3,BH-11,,LAYER-13,22.65,12,,,APPROVED AS NOTED,DONE,14,DR/ OMAR OSMAN,1,,,
1463,Friday,11-09-26,79994,44,Abnaa Hetler,DPL,10-09-26,,,41.8,Fill,V0-3,BH-11',,LAYER-13,22.65,12,,,APPROVED AS NOTED,DONE,14,DR/ OMAR OSMAN,1,,,
1464,Friday,11-09-26,79995,44,Al Qimam,PLATE LOAD,10-09-26,,,,Fill,V0-3,VILLA 14,,24.6,,1,,500,APPROVED AS NOTED,DONE,3,GLOBAL LAB,1,,,
1465,Friday,11-09-26,79996,44,Ghali Aziz,SOIL,10-09-26,A-1-B,21.40%,,Stockpile,V0-3,,,,,1,Sieve + Proctoer ,,APPROVED AS NOTED,DONE,3,LOGIC,1,,,
1466,Friday,11-09-26,79997,44,Al Kifah,PLATE LOAD,10-09-26,,,,Fill,V0-3,RD-1,,22.5,,6,,8600,APPROVED AS NOTED,DONE,11,HELIOPOLIS,1,,,
1467,Saturday,13-09-26,79998,44,Arabco 2,DPL,11-09-26,,,47.03,Fill,V0-3,RD-5,,LAYER-1,23.5,2,,,APPROVED AS NOTED,DONE,4,HELIOPOLIS,2,,,
1468,Friday,12-09-26,79999,44,Hosny Mubarak,DPL,05-09-26,,,49.5,Fill,V0-3,VILLA 12,,LAYER-11,24.4,2,,,APPROVED AS NOTED,DONE,4,HELIOPOLIS,7,,,
1469,Sunday,12-09-26,80000,44,Al Kifah,DPL,02-09-26,,,41,Fill,V0-3,VILLA 24,,LAYER-11,24,2,,,APPROVED AS NOTED,DONE,4,HELIOPOLIS,10,,,
1470,Saturday,12-09-26,95001,44,Al Ehsan,DPL,10-09-26,,,41.62,Fill,V0-3,RD-10,,LAYER-5,22.4,5,,,APPROVED AS NOTED,DONE,7,CEL,2,,,
1471,Saturday,12-09-26,95002,44,Al Ehsan,DPL,10-09-26,,,36.66,Fill,V0-3,BH-10,,LAYER-7,21.9,5,,,APPROVED AS NOTED,DONE,7,CEL,2,,,
1472,Saturday,12-09-26,95003,44,Al Qimam,DPL,10-09-26,,,39.5,Fill,V0-3,VILLA 14,,LAYER-10,24.6,2,,,APPROVED AS NOTED,DONE,4,CEL,2,,,
1473,Saturday,12-09-26,95004,44,Al Qimam,DPL,10-09-26,,,39.9,Fill,V0-3,BH-2,,LAYER-11,23.35,7,,,APPROVED AS NOTED,DONE,9,CEL,2,,,
1474,Saturday,12-09-26,95005,44,Hosny Mubarak,DPL,10-09-26,,,43.25,Fill,V0-3,VILLA 9,,LAYER-14,25.2,2,,,APPROVED AS NOTED,DONE,4,CEL,2,,,
1475,Saturday,12-09-26,95006,44,Hosny Mubarak,DPL,10-09-26,,,41.65,Fill,V0-3,VILLA 10,,LAYER-14,25.2,2,,,APPROVED AS NOTED,DONE,4,CEL,2,,,
1476,Saturday,12-09-26,95007,44,Hosny Mubarak,DPL,10-09-26,,,40.25,Fill,V0-3,VILLA 11,,LAYER-14,25.2,2,,,APPROVED AS NOTED,DONE,4,CEL,2,,,
1477,Saturday,12-09-26,95008,44,Hosny Mubarak,DPL,10-09-26,,,43.5,Fill,V0-3,RD-4(EX V 9),,LAYER-4,25.2,2,,,APPROVED AS NOTED,DONE,4,CEL,2,,,
1478,Saturday,12-09-26,95009,44,Hosny Mubarak,DPL,10-09-26,,,48.45,Fill,V0-3,RD-4(EX V 10),,LAYER-4,25.2,2,,,APPROVED AS NOTED,DONE,4,CEL,2,,,
1479,Saturday,12-09-26,95010,44,Al Masria 2,DPL,10-09-26,,,40.76,Fill,V0-3,BH-19',,LAYER-1,20.1,3,,,APPROVED AS NOTED,DONE,5,CEL,2,,,
1480,Saturday,12-09-26,95011,44,Ghali Aziz,DPL,10-09-26,,,43.4,Fill,V0-3,VILLA 27,,LAYER-4,21.15,2,,,APPROVED AS NOTED,DONE,4,CEL,2,,,
1481,Saturday,12-09-26,95012,44,Ghali Aziz,DPL,10-09-26,,,44.3,Fill,V0-3,VILLA 28,,LAYER-4,21.15,2,,,APPROVED AS NOTED,DONE,4,CEL,2,,,
1482,Saturday,12-09-26,95013,44,ROCK,DPL,10-09-26,,,61.45,Fill,V0-3,VILLA 58,,LAYER-10,22,2,,,APPROVED AS NOTED,DONE,4,CEL,2,,,
1483,Saturday,12-09-26,95014,44,ROCK,DPL,10-09-26,,,36.95,Fill,V0-3,VILLA 59,,LAYER-10,22,2,,,APPROVED AS NOTED,DONE,4,CEL,2,,,
1484,Saturday,12-09-26,95015,44,Al Kifah,DPL,10-09-26,,,41.85,Fill,V0-3,RD-1,,LAYER-5,22.5,18,,,APPROVED AS NOTED,DONE,21,CEL,2,,,
1485,Saturday,12-09-26,95016,44,Hosny Mubarak,DPL,10-09-26,,,38.1,Fill,V0-3,BH-4,,LAYER-16,24.4,8,,,APPROVED AS NOTED,DONE,10,CEL,2,,,
1486,Saturday,12-09-26,95017,44,ROCK,DPL,10-09-26,,,38.5,Fill,V0-3,VILLA 60,,LAYER-9,21.45,2,,,APPROVED AS NOTED,DONE,4,CEL,2,,,
1487,Saturday,12-09-26,95018,44,Al Hamd,DPL,10-09-26,,,38.15,Fill,V0-3,VILLA 125,,LAYER-1,20.05,2,,,APPROVED AS NOTED,DONE,4,CEL,2,,,
1488,Saturday,12-09-26,95019,44,Ghali Aziz,DPL,10-09-26,,,49.75,Fill,V0-3,VILLA 29,,LAYER-2,20.05,2,,,APPROVED AS NOTED,DONE,4,CEL,2,,,
1489,Saturday,12-09-26,95020,44,Al Ehsan,DPL,10-09-26,,,57.79,Fill,V0-3,VILLA 37,,LAYER-9,22.4,2,,,APPROVED AS NOTED,DONE,4,HELIOPOLIS,2,,,
1490,Saturday,12-09-26,95022,44,Al Ehsan,DPL,10-09-26,,,37.2,Fill,V0-3,VILLA 43,,LAYER-8,22.4,2,,,APPROVED AS NOTED,DONE,4,HELIOPOLIS,2,,,
1491,Saturday,12-09-26,95023,44,Al Ehsan,DPL,10-09-26,,,37.2,Fill,V0-3,VILLA 42,,LAYER-8,22.4,2,,,APPROVED AS NOTED,DONE,4,HELIOPOLIS,2,,,
1492,Saturday,12-09-26,95024,44,Arabco 2,DPL,10-09-26,,,36.8,Fill,V0-3,VILLA 33,,LAYER-10,23.5,2,,,APPROVED AS NOTED,DONE,4,HELIOPOLIS,2,,,
1493,Saturday,12-09-26,95025,44,Arabco 2,DPL,10-09-26,,,40.43,Fill,V0-3,VILLA 34,,LAYER-11,23.5,2,,,APPROVED AS NOTED,DONE,4,HELIOPOLIS,2,,,
1494,Saturday,12-09-26,95026,44,Arabco 2,DPL,10-09-26,,,40.43,Fill,V0-3,VILLA 36,,LAYER-11,23.5,2,,,APPROVED AS NOTED,DONE,4,HELIOPOLIS,2,,,
1495,Saturday,12-09-26,95027,44,Al Motamayez,DPL,11-09-26,,,36.8,Fill,V0-3,VILLA 4,,LAYER-12,23.5,2,,,APPROVED AS NOTED,DONE,4,DR/ OMAR OSMAN,1,,,
1496,Saturday,12-09-26,95028,44,Al Motamayez,DPL,11-09-26,,,51.4,Fill,V0-3,RD-7(EX V 4),,LAYER-12,23.5,2,,,APPROVED AS NOTED,DONE,4,DR/ OMAR OSMAN,1,,,
1497,Saturday,12-09-26,95029,44,Hosny Mubarak,DPL,11-09-26,,,45,Fill,V0-3,VILLA 147,,LAYER-7,23.3,2,,,APPROVED AS NOTED,DONE,4,DR/ OMAR OSMAN,1,,,
1498,Saturday,12-09-26,95030,44,Hosny Mubarak,DPL,11-09-26,,,53.9,Fill,V0-3,VILLA 148,,LAYER-7,23.3,2,,,APPROVED AS NOTED,DONE,4,DR/ OMAR OSMAN,1,,,
1499,Saturday,12-09-26,95031,44,Hosny Mubarak,DPL,11-09-26,,,59.2,Fill,V0-3,RD-23,,LAYER-7,23.3,2,,,APPROVED AS NOTED,DONE,4,DR/ OMAR OSMAN,1,,,
1500,Saturday,12-09-26,95032,44,AL ALamiaa,DPL,11-09-26,,,43.5,Fill,V0-3,VILLA 90,,LAYER-6,20,2,,,APPROVED AS NOTED,DONE,4,DR/ OMAR OSMAN,1,,,
1501,Saturday,12-09-26,95033,44,AL ALamiaa,DPL,11-09-26,,,50.75,Fill,V0-3,VILLA 91,,LAYER-6,20,3,,,APPROVED AS NOTED,DONE,5,DR/ OMAR OSMAN,1,,,
1502,Saturday,12-09-26,95034,44,AL ALamiaa,DPL,11-09-26,,,43.4,Fill,V0-3,VILLA 92,,LAYER-7,20,4,,,APPROVED AS NOTED,DONE,6,DR/ OMAR OSMAN,1,,,
1503,Saturday,12-09-26,95035,44,AL ALamiaa,DPL,11-09-26,,,46.32,Fill,V0-3,RD-17,,LAYER-2,20,2,,,APPROVED AS NOTED,DONE,4,DR/ OMAR OSMAN,1,,,
1504,Saturday,12-09-26,95036,44,Al Hamd,DPL,11-09-26,,,35.9,Bottom of excavation,V0-3,VILLA 121,,LAYER-0,20.9,2,,,APPROVED AS NOTED,DONE,4,CEL,1,,,
1505,Saturday,12-09-26,95037,44,Al Kifah,DPL,11-09-26,,,37.6,Fill,V0-3,VILLA 22,,LAYER-12,25.5,2,,,APPROVED AS NOTED,DONE,4,CEL,1,,,
1506,Saturday,12-09-26,95038,44,Al Kifah,DPL,11-09-26,,,36.15,Fill,V0-3,VILLA 23,,LAYER-13,25.5,2,,,APPROVED AS NOTED,DONE,4,CEL,1,,,
1507,Saturday,12-09-26,95039,44,Al Kifah,DPL,11-09-26,,,39.1,Fill,V0-3,RD-1(EX V 23),,LAYER-2,25.5,2,,,APPROVED AS NOTED,DONE,4,CEL,1,,,
1508,Saturday,12-09-26,95040,44,Al Masria 1,DPL,11-09-26,,,37.9,Fill,V0-3,RD-19,,LAYER-3,20.85,2,,,APPROVED AS NOTED,DONE,4,CEL,1,,,
1509,Saturday,12-09-26,95041,44,Hosny Mubarak,DPL,11-09-26,,,42.7,Fill,V0-3,VILLA 12,,LAYER-13,25.4,2,,,APPROVED AS NOTED,DONE,4,CEL,1,,,
1510,Saturday,12-09-26,95042,44,Hosny Mubarak,DPL,11-09-26,,,40.6,Fill,V0-3,VILLA 9,,LAYER-15,25.7,2,,,APPROVED AS NOTED,DONE,4,CEL,1,,,
1511,Saturday,12-09-26,95043,44,Hosny Mubarak,DPL,11-09-26,,,36.7,Fill,V0-3,VILLA 10,,LAYER-15,25.7,2,,,APPROVED AS NOTED,DONE,4,CEL,1,,,
1512,Saturday,12-09-26,95044,44,Hosny Mubarak,DPL,11-09-26,,,58.95,Fill,V0-3,VILLA 11,,LAYER-15,25.7,2,,,APPROVED AS NOTED,DONE,4,CEL,1,,,
1513,Saturday,12-09-26,95045,44,Hosny Mubarak,DPL,11-09-26,,,48.15,Fill,V0-3,RD-4(EX V 9),,LAYER-5,25.2,2,,,APPROVED AS NOTED,DONE,4,CEL,1,,,
1514,Saturday,12-09-26,95046,44,Hosny Mubarak,DPL,11-09-26,,,45.45,Fill,V0-3,RD-4(EX V 10),,LAYER-5,25.7,2,,,APPROVED AS NOTED,DONE,4,CEL,1,,,
1515,Saturday,12-09-26,95047,44,Abnaa Oraby,DPL,11-09-26,,,45.32,Fill,V0-3,BH-9',,LAYER-5,21.1,2,,,APPROVED AS NOTED,DONE,4,CEL,1,,,
1516,Saturday,12-09-26,95048,44,Al Hamd,DPL,11-09-26,,,41.7,Fill,V0-3,BH-12 B,,LAYER-1,19.6,2,,,APPROVED AS NOTED,DONE,4,CEL,1,,,
1517,Saturday,12-09-26,95049,44,Al Kifah,DPL,11-09-26,,,41.53,Fill,V0-3,VILLA 20,,LAYER-12,25.5,3,,,APPROVED AS NOTED,DONE,5,CEL,1,,,
1518,Saturday,12-09-26,95050,44,Al Kifah,DPL,11-09-26,,,38.5,Fill,V0-3,VILLA 21,,LAYER-12,25.5,2,,,APPROVED AS NOTED,DONE,4,CEL,1,,,
1519,Saturday,12-09-26,95051,44,Al Kifah,DPL,11-09-26,,,44.75,Fill,V0-3,RD-1(EX V 20:22),,LAYER-2,25.5,2,,,APPROVED AS NOTED,DONE,4,CEL,1,,,
1520,Saturday,12-09-26,95052,44,Arabco,DPL,11-09-26,,,41.33,Fill,V0-3,VILLA 6,,LAYER-15,24.95,3,,,APPROVED AS NOTED,DONE,5,CEL,1,,,
1521,Saturday,12-09-26,95053,44,Arabco,DPL,11-09-26,,,42,Fill,V0-3,VILLA 7,,LAYER-15,24.95,3,,,APPROVED AS NOTED,DONE,5,CEL,1,,,
1522,Saturday,12-09-26,95054,44,Arabco,DPL,11-09-26,,,48.3,Fill,V0-3,VILLA 8,,LAYER-15,24.95,3,,,APPROVED AS NOTED,DONE,5,CEL,1,,,
1523,Saturday,12-09-26,95055,44,Al Qimam,DPL,12-09-26,,,46.9,Fill,V0-3,VILLA 18,,LAYER-11,25.1,3,,,APPROVED AS NOTED,DONE,5,CEL,0,,,
1524,Saturday,12-09-26,95056,44,Al Qimam,DPL,12-09-26,,,36.3,Fill,V0-3,RD-2(EX V 16),,LAYER-2,25.1,2,,,APPROVED AS NOTED,DONE,4,CEL,0,,,
1525,Saturday,12-09-26,95057,44,Samy Asaad,DPL,12-09-26,,,41.03,Fill,V0-3,VILLA 109,,LAYER-6,23.05,3,,,APPROVED AS NOTED,DONE,5,CEL,0,,,
1526,Saturday,12-09-26,95058,44,Samy Asaad,DPL,12-09-26,,,41.93,Fill,V0-3,VILLA 110,,LAYER-6,23.05,3,,,APPROVED AS NOTED,DONE,5,CEL,0,,,
1527,Saturday,12-09-26,95059,44,Samy Asaad,DPL,12-09-26,,,42.67,Fill,V0-3,VILLA 111,,LAYER-5,23.05,3,,,APPROVED AS NOTED,DONE,5,CEL,0,,,
1528,Saturday,12-09-26,95060,44,AL Qimam,DPL,12-09-26,,,43.85,Fill,V0-3,RD-2(EX V 18),,LAYER-2,25.1,2,,,APPROVED AS NOTED,DONE,4,CEL,0,,,
1529,Sunday,13-09-26,95061,44,ARABCO,DPL,12-09-26,,,50.8,Fill,V0-3,RD-6(EX V 6),,LAYER-2,24.95,2,,,APPROVED AS NOTED,DONE,4,CEL,1,,,
1530,Sunday,13-09-26,95062,44,ARABCO,DPL,12-09-26,,,43.85,Fill,V0-3,RD-6(EX V 7),,LAYER-2,24.95,2,,,APPROVED AS NOTED,DONE,4,CEL,1,,,
1531,Sunday,13-09-26,95063,44,ARABCO,DPL,12-09-26,,,43.5,Fill,V0-3,RD-6(EX V 8),,LAYER-2,24.95,2,,,APPROVED AS NOTED,DONE,4,CEL,1,,,
1532,Sunday,13-09-26,95064,44,Al Ehsan,DPL,12-09-26,,,40.15,Fill,V0-3,VILLA 38,,LAYER-9,22.4,2,,,APPROVED AS NOTED,DONE,4,CEL,1,,,
1533,Sunday,13-09-26,95065,44,Al Ehsan,DPL,12-09-26,,,50.6,Fill,V0-3,VILLA 40,,LAYER-9,22.9,2,,,APPROVED AS NOTED,DONE,4,CEL,1,,,
1534,Sunday,13-09-26,95066,44,Al Ehsan,DPL,12-09-26,,,42,Fill,V0-3,VILLA 41,,LAYER-9,22.9,2,,,APPROVED AS NOTED,DONE,4,CEL,1,,,
1535,Sunday,13-09-26,95067,44,Al Ehsan,DPL,12-09-26,,,43.35,Fill,V0-3,VILLA 44,,LAYER-8,22.4,2,,,APPROVED AS NOTED,DONE,4,CEL,1,,,
1536,Sunday,13-09-26,95068,44,Al Hamd,DPL,12-09-26,,,38.15,Fill,V0-3,VILLA 121,,LAYER-1,21.35,2,,,APPROVED AS NOTED,DONE,4,CEL,1,,,
1537,Sunday,13-09-26,95069,44,Al Hamd,DPL,12-09-26,,,39.3,Fill,V0-3,VILLA 126,,LAYER-3,20.5,2,,,APPROVED AS NOTED,DONE,4,CEL,1,,,
1538,Sunday,13-09-26,95070,44,Al Qimam,DPL,12-09-26,,,41.1,Fill,V0-3,VILLA 16,,LAYER-11,25.1,2,,,APPROVED AS NOTED,DONE,4,HELIOPOLIS,1,,,
1539,Sunday,13-09-26,95071,44,Al Qimam,DPL,12-09-26,,,43.13,Fill,V0-3,BH-2,,LAYER-12,23.6,6,,,APPROVED AS NOTED,DONE,8,HELIOPOLIS,1,,,
1540,Sunday,13-09-26,95072,44,Al Qimam,DPL,12-09-26,,,40.52,Fill,V0-3,RD-2(EX V 16),,LAYER-1,,2,,,APPROVED AS NOTED,DONE,4,HELIOPOLIS,1,,,
1541,Sunday,13-09-26,95073,44,Al Qimam,DPL,12-09-26,,,38.1,Fill,V0-3,VILLA 14,,LAYER-11,25.1,2,,,APPROVED AS NOTED,DONE,4,CEL,1,,,
1542,Sunday,13-09-26,95074,44,Al Qimam,DPL,12-09-26,,,47.9,Fill,V0-3,VILLA 15,,LAYER-11,25.1,2,,,APPROVED AS NOTED,DONE,4,CEL,1,,,
1543,Sunday,13-09-26,95075,44,Al Qimam,DPL,12-09-26,,,41.55,Fill,V0-3,VILLA 17,,LAYER-11,25.1,2,,,APPROVED AS NOTED,DONE,4,CEL,1,,,
1544,Sunday,13-09-26,95076,44,Al Qimam,DPL,12-09-26,,,46.9,Fill,V0-3,RD-2,,LAYER-9,25.1,2,,,APPROVED AS NOTED,DONE,4,CEL,1,,,
1545,Sunday,13-09-26,95077,44,Al Qimam,DPL,12-09-26,,,43.3,Fill,V0-3,RD-2(EX V 15),,LAYER-2,25.1,2,,,APPROVED AS NOTED,DONE,4,CEL,1,,,
1546,Sunday,13-09-26,95078,44,Al Qimam,DPL,12-09-26,,,40.05,Fill,V0-3,RD-2(EX V 17),,LAYER-2,25.1,2,,,APPROVED AS NOTED,DONE,4,CEL,1,,,
1547,Sunday,13-09-26,95079,44,Al Kifah,DPL,12-09-26,,,40.5,Fill,V0-3,VILLA 24,,LAYER-14,25.5,2,,,APPROVED AS NOTED,DONE,4,HELIOPOLIS,1,,,
1548,Sunday,13-09-26,95080,44,Al Kifah,DPL,12-09-26,,,39.28,Fill,V0-3,BH-1,,LAYER-15,24.5,5,,,APPROVED AS NOTED,DONE,7,CEL,1,,,
1549,Sunday,13-09-26,95081,44,Hosny Mubarak,DPL,12-09-26,,,44.04,Fill,V0-3,BH-4,,LAYER-17,24.65,5,,,APPROVED AS NOTED,DONE,7,HELIOPOLIS,1,,,
1550,Sunday,13-09-26,95082,44,Hosny Mubarak,DPL,12-09-26,,,45.87,Fill,V0-3,RD-20,,LAYER-6,24,7,,,APPROVED AS NOTED,DONE,9,CEL,1,,,
1551,Sunday,13-09-26,95083,44,Hosny Mubarak,SOIL,11-09-26,A-1-B,11.80%,,Stockpile,V0-3,,,,,1,Sieve + Proctoer ,,APPROVED AS NOTED,DONE,3,LOGIC,2,,,
1552,Sunday,13-09-26,95084,44,Hosny Mubarak,SOIL,12-09-26,A-1-B,10.40%,,Stockpile,V0-3,,,,,1,Sieve + Proctoer ,,APPROVED AS NOTED,DONE,3,LOGIC,1,,,
1553,Sunday,13-09-26,95085,44,Al Masria 1,SOIL,12-09-26,A-1-a,2.00%,,Stockpile,V0-3,,,,,1,Sieve + Proctoer ,,APPROVED AS NOTED,DONE,3,LOGIC,1,,,
1554,Sunday,13-09-26,95086,44,Al Masria 2,SOIL,12-09-26,A-1-B,2.00%,,Stockpile,V0-3,,,,,1,Sieve + Proctoer ,,APPROVED AS NOTED,DONE,3,LOGIC,1,,,
1555,Sunday,13-09-26,95087,44,Hosny Mubarak,PLATE LOAD,12-09-26,,,,Fill,V0-3,VILLA 9,,25.7,,1,,900,APPROVED AS NOTED,DONE,3,HELIOPOLIS,1,,,
1556,Sunday,13-09-26,95088,44,Hosny Mubarak,PLATE LOAD,12-09-26,,,,Fill,V0-3,VILLA 10,,25.7,,1,,900,APPROVED AS NOTED,DONE,3,GLOBAL LAB,1,,,
1557,Sunday,13-09-26,95089,44,Hosny Mubarak,PLATE LOAD,12-09-26,,,,Fill,V0-3,VILLA 11,,25.7,,1,,900,APPROVED AS NOTED,DONE,3,GLOBAL LAB,1,,,
1558,Sunday,13-09-26,95090,44,ARABCO,PLATE LOAD,12-09-26,,,,Fill,V0-3,VILLA 6,,24.95,,1,,1157,APPROVED AS NOTED,DONE,3,HELIOPOLIS,1,,,
1559,Sunday,13-09-26,95091,44,ARABCO,PLATE LOAD,12-09-26,,,,Fill,V0-3,VILLA 7,,24.95,,1,,1148,APPROVED AS NOTED,DONE,3,GLOBAL LAB,1,,,
1560,Sunday,13-09-26,95092,44,Hosny Mubarak,PLATE LOAD,12-09-26,,,,Fill,V0-3,RD-4(EX V 9:10),,25.7,,1,,250,APPROVED AS NOTED,DONE,3,HELIOPOLIS,1,,,
1561,,13-09-26,95093,44,ARABCO,PLATE LOAD,12-09-26,,,,Fill,V0-3,VILLA 8,,24.95,,1,,1150,APPROVED AS NOTED,DONE,3,HELIOPOLIS,1,,,
1562,,13-09-26,95094,44,Al Ehsan,PLATE LOAD,12-09-26,,,,Fill,V0-3,RD-10,,22.4,,2,,2500,APPROVED AS NOTED,DONE,5,GLOBAL LAB,1,,,
1563,,13-09-26,95095,44,AL ALamiaa,DPL,12-09-26,,,47.16,Fill,V0-3,BH-17,,LAYER-5,19.5,13,,,APPROVED AS NOTED,DONE,15,DR/ OMAR OSMAN,1,,,
1564,,13-09-26,95096,44,Al Farook,DPL,12-09-26,,,47.8,Fill,V0-3,BH-13,,LAYER-3,19.5,2,,,APPROVED AS NOTED,DONE,4,DR/ OMAR OSMAN,1,,,
1565,,13-09-26,95097,44,Al Farook,DPL,12-09-26,,,52.06,Fill,V0-3,RD-13,,LAYER-3,19.25,2,,,APPROVED AS NOTED,DONE,4,DR/ OMAR OSMAN,1,,,
1566,,13-09-26,95098,44,Al Motamayez,DPL,12-09-26,,,40.95,Fill,V0-3,BH-7,,LAYER-11,22.75,4,,,APPROVED AS NOTED,DONE,6,DR/ OMAR OSMAN,1,,,
1567,Sunday,13-09-26,95099,44,Target,DPL,12-09-26,,,37.4,Fill,V0-3,RD-16 B,,LAYER-3,20,4,,,APPROVED AS NOTED,DONE,6,DR/ OMAR OSMAN,1,,,
1568,Sunday,13-09-26,95100,44,Target,DPL,12-09-26,,,36.5,Fill,V0-3,VILLA 88,,LAYER-4,20,2,,,APPROVED AS NOTED,DONE,4,DR/ OMAR OSMAN,1,,,
1569,Sunday,13-09-26,95101,44,AL ALamiaa,DPL,12-09-26,,,54.86,Fill,V0-3,VILLA 93,,LAYER-6,21,2,,,APPROVED AS NOTED,DONE,4,DR/ OMAR OSMAN,1,,,
1570,Sunday,13-09-26,95102,44,AL ALamiaa,DPL,12-09-26,,,40.8,Fill,V0-3,VILLA 94,,LAYER-7,21,2,,,APPROVED AS NOTED,DONE,4,DR/ OMAR OSMAN,1,,,
1571,Sunday,13-09-26,95103,44,AL ALamiaa,DPL,12-09-26,,,43.4,Fill,V0-3,VILLA 95,,LAYER-7,21,2,,,APPROVED AS NOTED,DONE,4,DR/ OMAR OSMAN,1,,,
1572,Sunday,13-09-26,95104,44,AL ALamiaa,DPL,12-09-26,,,37.84,Fill,V0-3,VILLA 96,,LAYER-6,21,2,,,APPROVED AS NOTED,DONE,4,DR/ OMAR OSMAN,1,,,
1573,Sunday,13-09-26,95105,44,AL ALamiaa,DPL,12-09-26,,,41.1,Fill,V0-3,VILLA 97,,LAYER-5,21,2,,,APPROVED AS NOTED,DONE,4,DR/ OMAR OSMAN,1,,,
1574,Sunday,13-09-26,95106,44,Hosny Mubarak,DPL,12-09-26,,,49.7,Fill,V0-3,BH-23,,LAYER-9,22.65,6,,,APPROVED AS NOTED,DONE,8,DR/ OMAR OSMAN,1,,,
1575,Sunday,13-09-26,95107,44,Hosny Mubarak,DPL,12-09-26,,,43.2,Fill,V0-3,VILLA 145,,LAYER-10,23.5,2,,,APPROVED AS NOTED,DONE,4,DR/ OMAR OSMAN,1,,,
1576,Sunday,13-09-26,95108,44,Hosny Mubarak,DPL,12-09-26,,,66.25,Fill,V0-3,VILLA 146,,LAYER-10,23.5,2,,,APPROVED AS NOTED,DONE,4,DR/ OMAR OSMAN,1,,,
1577,Sunday,13-09-26,95109,44,Hosny Mubarak,DPL,12-09-26,,,40.3,Fill,V0-3,RD-23,,LAYER-8,23.8,2,,,APPROVED AS NOTED,DONE,4,DR/ OMAR OSMAN,1,,,
1578,Sunday,13-09-26,95110,44,HIgh Dam,DPL,12-09-26,,,59.75,Fill,V0-3,BH-13 A,,LAYER-6,19.9,2,,,APPROVED AS NOTED,DONE,4,DR/ OMAR OSMAN,1,,,
1579,Sunday,13-09-26,95111,44,HIgh Dam,DPL,12-09-26,,,48.8,Fill,V0-3,BH-13 B,,LAYER-6,19.9,3,,,APPROVED AS NOTED,DONE,5,DR/ OMAR OSMAN,1,,,
1580,Sunday,13-09-26,95112,44,HIgh Dam,DPL,12-09-26,,,46.8,Fill,V0-3,BH-12,,LAYER-7,20.4,2,,,APPROVED AS NOTED,DONE,4,DR/ OMAR OSMAN,1,,,
1581,Sunday,13-09-26,95113,44,Target,SOIL,12-09-26,A-1-B,6.20%,,Stockpile,V0-3,,,,,1,Sieve + Proctoer ,,APPROVED AS NOTED,DONE,4,CEL,1,,,
1582,Sunday,13-09-26,95114,44,AL ALamiaa,SOIL,12-09-26,A-4,37.40%,,Natural Ground,V0-3,,,,,1,Sieve analysis,,APPROVED AS NOTED,DONE,3,CEL,1,,,
1583,Sunday,13-09-26,95115,44,Hosny Mubarak,PLATE LOAD,12-09-26,,,,Fill,V0-3,VILLA 146,,23.5,,1,,,APPROVED AS NOTED,DONE,3,HELIOPOLIS,1,,,
1584,Sunday,13-09-26,95116,44,Hosny Mubarak,PLATE LOAD,12-09-26,,,,Fill,V0-3,VILLA 147,,23.5,,1,,,APPROVED AS NOTED,DONE,3,HELIOPOLIS,1,,,
1585,Sunday,13-09-26,95117,44,HIgh Dam,SOIL,12-09-26,A-2-4,28.60%,,Stockpile,V0-3,,,,,1,Sieve + Proctoer ,,APPROVED AS NOTED,DONE,4,CEL,1,,,
1586,Sunday,13-09-26,95118,44,Hosny Mubarak,SOIL,12-09-26,A-1-B,10.00%,,Stockpile,V0-3,,,,,1,Sieve + Proctoer ,,APPROVED AS NOTED,DONE,4,CEL,1,,,
1587,Sunday,13-09-26,95119,44,Hosny Mubarak,SOIL,12-09-26,A-1-B,17.60%,,Stockpile,V0-3,,,,,1,Sieve + Proctoer ,,APPROVED AS NOTED,DONE,4,CEL,1,,,
1588,Sunday,13-09-26,95120,44,HIgh Dam,SOIL,12-09-26,A-1-B,20.80%,,Stockpile,V0-3,,,,,1,Sieve + Proctoer ,,APPROVED AS NOTED,DONE,4,CEL,1,,,
1589,Monday,14-09-26,95121,44,Al Kifah,SOIL,13-09-26,A-1-B,19.60%,,Stockpile,V0-3,,,,,1,Sieve + Proctoer ,,APPROVED AS NOTED,DONE,3,LOGIC,1,,,
1590,Monday,14-09-26,95122,44,Al Kifah,SOIL,13-09-26,A-1-B,17.80%,,Stockpile,V0-3,,,,,1,Sieve + Proctoer ,,APPROVED AS NOTED,DONE,3,LOGIC,1,,,
1591,Monday,14-09-26,95123,44,Al Wadi Stone,SOIL,13-09-26,A-1-B,21.00%,,Stockpile,V0-3,,,,,1,Sieve + Proctoer ,,APPROVED AS NOTED,DONE,3,LOGIC,1,,,
1592,Monday,14-09-26,95124,44,Samy Asaad,SOIL,13-09-26,A-2-4,25.40%,,Stockpile,V0-3,,,,,1,Sieve + Proctoer ,,APPROVED AS NOTED,DONE,3,LOGIC,1,,,
1593,Monday,14-09-26,95125,44,Samy Asaad,PLATE LOAD,13-09-26,,,,Fill,V0-3,VILLA 111,,23.05,,1,,,APPROVED AS NOTED,DONE,3,GLOBAL LAB,1,,,
1594,Monday,14-09-26,95126,44,AL ALamiaa,SOIL,12-09-26,A-4,37.40%,,Natural Ground,V0-3,VILLA 89,,,,1,Sieve analysis,,APPROVED AS NOTED,DONE,3,CEL,2,,,
1595,Monday,14-09-26,95127,44,EICO,SOIL,13-09-26,A-2-4,25.20%,,Stockpile,V0-3,,,,,1,Sieve + Proctoer ,,APPROVED AS NOTED,DONE,4,CEL,1,,,
1596,Monday,14-09-26,95128,44,Al Motamayez,SOIL,13-09-26,A-1-B,19.80%,,Stockpile,V0-3,,,,,1,Sieve + Proctoer ,,APPROVED AS NOTED,DONE,4,CEL,1,,,
1597,Monday,14-09-26,95129,44,AL ALamiaa,SOIL,13-09-26,A-1-B,10.60%,,Stockpile,V0-3,,,,,1,Sieve + Proctoer ,,APPROVED AS NOTED,DONE,4,CEL,1,,,
1598,Tuesday,09-09-26,79668,44,Al Ayed,SOIL,06-09-26,A-2-4,28.40%,,Stockpile,V0-3,,,,,1,Sieve + Proctoer ,,APPROVED AS NOTED,DONE,3,CEL,3,,,
1599,Monday,14-09-26,95131,44,Al Ayed,SOIL,13-09-26,A-2-4,49.00%,,Natural Ground,V0-3,VILLA 162,,,,1,Sieve analysis,,APPROVED AS NOTED,DONE,3,CEL,1,,,
1600,Monday,14-09-26,95132,44,AL ALamiaa,PLATE LOAD,13-09-26,,,,Fill,V0-3,VILLA 98,,21,,1,,655,APPROVED AS NOTED,DONE,3,HELIOPOLIS,1,,,
1601,Monday,14-09-26,95133,44,AL ALamiaa,PLATE LOAD,13-09-26,,,,Fill,V0-3,VILLA 97,,20,,1,,667,APPROVED AS NOTED,DONE,3,GLOBAL LAB,1,,,
1602,Monday,14-09-26,95134,44,Target,PLATE LOAD,13-09-26,,,,Fill,V0-3,BH-16 B,,20,,2,,2270,APPROVED AS NOTED,DONE,5,GLOBAL LAB,1,,,
1603,Monday,14-09-26,95135,44,AL ALamiaa,PLATE LOAD,13-09-26,,,,Fill,V0-3,BH-17,,19.5,,3,,6890,APPROVED AS NOTED,DONE,7,HELIOPOLIS,1,,,
1604,Monday,14-09-26,95136,44,Target,DPL,13-09-26,,,40.1,Fill,V0-3,VILLA 87,,LAYER-4,20,2,,,APPROVED AS NOTED,DONE,4,DR/ OMAR OSMAN,1,,,
1605,Monday,14-09-26,95137,44,AL ALamiaa,DPL,13-09-26,,,46.75,Fill,V0-3,VILLA 98,,LAYER-5,21,2,,,APPROVED AS NOTED,DONE,4,DR/ OMAR OSMAN,1,,,
1606,Monday,14-09-26,95138,44,Hosny Mubarak,DPL,13-09-26,,,39.2,Fill,V0-3,VILLA 147,,LAYER-8,23.8,2,,,APPROVED AS NOTED,DONE,4,DR/ OMAR OSMAN,1,,,
1607,Monday,14-09-26,95139,44,Hosny Mubarak,DPL,13-09-26,,,50.11,Fill,V0-3,VILLA 148,,LAYER-8,23.8,2,,,APPROVED AS NOTED,DONE,4,DR/ OMAR OSMAN,1,,,
1608,Monday,14-09-26,95140,44,Al Farook,DPL,13-09-26,,,66.51,Fill,V0-3,VILLA 71,,LAYER-7,20.4,3,,,APPROVED AS NOTED,DONE,5,DR/ OMAR OSMAN,1,,,
1609,Monday,14-09-26,95141,44,Abnaa Hetler,DPL,13-09-26,,,43.3,Fill,V0-3,BH-11,,LAYER-14,22.9,12,,,APPROVED AS NOTED,DONE,14,DR/ OMAR OSMAN,1,,,
1610,Monday,14-09-26,95142,44,Abnaa Hetler,DPL,13-09-26,,,49.2,Fill,V0-3,BH-11',,LAYER-14,22.9,12,,,APPROVED AS NOTED,DONE,14,DR/ OMAR OSMAN,1,,,
1611,Monday,14-09-26,95143,44,Al Motamayez,DPL,13-09-26,,,42.45,Fill,V0-3,RD-7(EX V 4),,LAYER-13,24,2,,,APPROVED AS NOTED,DONE,4,DR/ OMAR OSMAN,1,,,
1612,Monday,14-09-26,95144,44,Al Motamayez,DPL,13-09-26,,,47.09,Fill,V0-3,VILLA 3,,LAYER-13,24,2,,,APPROVED AS NOTED,DONE,4,DR/ OMAR OSMAN,1,,,
1613,Monday,14-09-26,95145,44,Al Motamayez,DPL,13-09-26,,,47.3,Fill,V0-3,RD-7(EX V 3),,LAYER-13,24,2,,,APPROVED AS NOTED,DONE,4,DR/ OMAR OSMAN,1,,,
1614,Monday,14-09-26,95146,44,Al Motamayez,DPL,13-09-26,,,45.13,Fill,V0-3,VILLA 4,,LAYER-13,24,2,,,APPROVED AS NOTED,DONE,4,DR/ OMAR OSMAN,1,,,
1615,Monday,14-09-26,95147,44,AL ALamiaa,DPL,13-09-26,,,41.2,Fill,V0-3,VILLA 92,,LAYER-8,20.5,3,,,APPROVED AS NOTED,DONE,5,DR/ OMAR OSMAN,1,,,
1616,Monday,14-09-26,95148,44,AL ALamiaa,DPL,13-09-26,,,41.06,Fill,V0-3,RD-17,,LAYER-3,20.5,2,,,APPROVED AS NOTED,DONE,4,DR/ OMAR OSMAN,1,,,
1617,Monday,14-09-26,95149,44,AL ALamiaa,DPL,13-09-26,,,40.34,Fill,V0-3,VILLA 89,,LAYER-1,18.5,2,,,APPROVED AS NOTED,DONE,4,DR/ OMAR OSMAN,1,,,
1618,Monday,14-09-26,95150,44,AL ALamiaa,DPL,13-09-26,,,43.3,Fill,V0-3,VILLA 90,,LAYER-7,20.5,2,,,APPROVED AS NOTED,DONE,4,DR/ OMAR OSMAN,1,,,
1619,Monday,14-09-26,95151,44,HIgh Dam,DPL,13-09-26,,,41.8,Fill,V0-3,VILLA 61,,LAYER-10,21.4,2,,,APPROVED AS NOTED,DONE,4,DR/ OMAR OSMAN,1,,,
1620,Monday,14-09-26,95152,44,HIgh Dam,DPL,13-09-26,,,64,Fill,V0-3,VILLA 63,,LAYER-10,21.4,2,,,APPROVED AS NOTED,DONE,4,DR/ OMAR OSMAN,1,,,
1621,Monday,14-09-26,95153,44,HIgh Dam,DPL,13-09-26,,,46.4,Fill,V0-3,VILLA 64,,LAYER-10,21.4,2,,,APPROVED AS NOTED,DONE,4,DR/ OMAR OSMAN,1,,,
1622,Monday,14-09-26,95154,44,HIgh Dam,DPL,13-09-26,,,43.5,Fill,V0-3,RD-12,,LAYER-7,21.4,2,,,APPROVED AS NOTED,DONE,4,DR/ OMAR OSMAN,1,,,
1623,Monday,14-09-26,95155,44,HIgh Dam,DPL,13-09-26,,,43.5,Fill,V0-3,BH-13 C,,LAYER-4,19.4,5,,,APPROVED AS NOTED,DONE,7,DR/ OMAR OSMAN,1,,,
1624,Tuesday,15-09-26,95325,44,Al Ehsan,PLATE LOAD,14-09-26,,,,Fill,V0-3,VILLA 38,,22.9,,1,,500,APPROVED AS NOTED,DONE,3,HELIOPOLIS,1,,,
1625,Tuesday,15-09-26,95326,44,Al Ehsan,PLATE LOAD,14-09-26,,,,Fill,V0-3,VILLA 39,,22.9,,1,,500,APPROVED AS NOTED,DONE,3,HELIOPOLIS,1,,,
1626,Tuesday,15-09-26,95327,44,Al Anoud,SOIL,14-09-26,A-1-B,8.40%,,Stockpile,V0-3,,,,,1,Sieve + Proctoer ,,APPROVED AS NOTED,DONE,3,LOGIC,1,,,
1627,Tuesday,15-09-26,95328,44,Al Farook,DPL,14-09-26,,,61.74,Fill,V0-3,VILLA 74,,LAYER-7,20.1,3,,,APPROVED AS NOTED,DONE,5,DR/ OMAR OSMAN,1,,,
1628,Tuesday,15-09-26,95329,44,Al Farook,DPL,14-09-26,,,50,Fill,V0-3,VILLA 73,,LAYER-8,20.15,3,,,APPROVED AS NOTED,DONE,5,DR/ OMAR OSMAN,1,,,
1629,Tuesday,15-09-26,95330,44,Al Farook,DPL,14-09-26,,,68.1,Fill,V0-3,RD-13,,LAYER-4,19.75,2,,,APPROVED AS NOTED,DONE,4,DR/ OMAR OSMAN,1,,,
1630,Tuesday,15-09-26,95331,44,AL ALamiaa,DPL,14-09-26,,,39.14,Fill,V0-3,VILLA 91,,LAYER-7,20.5,3,,,APPROVED AS NOTED,DONE,5,DR/ OMAR OSMAN,1,,,
1631,Tuesday,15-09-26,95332,44,HIgh Dam,DPL,14-09-26,,,64.06,Fill,V0-3,VILLA 62,,LAYER-10,21.4,3,,,APPROVED AS NOTED,DONE,5,DR/ OMAR OSMAN,1,,,
1632,Tuesday,15-09-26,95333,44,Hosny Mubarak,DPL,14-09-26,,,66.7,Fill,V0-3,VILLA 145,,LAYER-11,24,2,,,APPROVED AS NOTED,DONE,4,DR/ OMAR OSMAN,1,,,
1633,Tuesday,15-09-26,95334,44,Hosny Mubarak,DPL,14-09-26,,,85.6,Fill,V0-3,VILLA 146,,LAYER-11,24,2,,,APPROVED AS NOTED,DONE,4,DR/ OMAR OSMAN,1,,,
1634,Tuesday,15-09-26,95335,44,AL ALamiaa,DPL,14-09-26,,,43.3,Fill,V0-3,VILLA 89,,LAYER-2,19,2,,,APPROVED AS NOTED,DONE,4,DR/ OMAR OSMAN,1,,,
1635,Tuesday,15-09-26,95336,44,Abnaa Hetler,DPL,14-09-26,,,44.1,Fill,V0-3,VILLA 1,,LAYER-15,24.7,3,,,APPROVED AS NOTED,DONE,5,DR/ OMAR OSMAN,1,,,
1636,Tuesday,15-09-26,95337,44,Abnaa Hetler,DPL,14-09-26,,,45,Fill,V0-3,VILLA 2,,LAYER-15,24.7,3,,,APPROVED AS NOTED,DONE,5,DR/ OMAR OSMAN,1,,,
1637,Tuesday,15-09-26,95338,44,Al Motamayez,DPL,14-09-26,,,42.9,Fill,V0-3,VILLA 3,,LAYER-14,24.5,2,,,APPROVED AS NOTED,DONE,4,DR/ OMAR OSMAN,1,,,
1638,Tuesday,15-09-26,95339,44,Al Motamayez,DPL,14-09-26,,,44.14,Fill,V0-3,VILLA 5,,LAYER-11,23,3,,,APPROVED AS NOTED,DONE,5,DR/ OMAR OSMAN,1,,,
1639,Tuesday,15-09-26,95340,44,Al Motamayez,DPL,14-09-26,,,50.8,Fill,V0-3,RD-7(EX V 3),,LAYER-14,24.5,2,,,APPROVED AS NOTED,DONE,4,DR/ OMAR OSMAN,1,,,
1640,Tuesday,15-09-26,95341,44,Al Motamayez,DPL,14-09-26,,,37.65,Fill,V0-3,RD-7(EX V 5),,LAYER-9,23,2,,,APPROVED AS NOTED,DONE,4,DR/ OMAR OSMAN,1,,,
1641,Tuesday,15-09-26,95342,44,Target,DPL,14-09-26,,,40.7,Fill,V0-3,RD-16 B,,LAYER-4,20.5,5,,,APPROVED AS NOTED,DONE,7,DR/ OMAR OSMAN,1,,,
1642,Tuesday,15-09-26,95343,44,Target,DPL,14-09-26,,,38.9,Fill,V0-3,RD-16 A,,LAYER-3,21,2,,,APPROVED AS NOTED,DONE,4,DR/ OMAR OSMAN,1,,,
1643,Tuesday,15-09-26,95344,44,Target,DPL,14-09-26,,,38.1,Fill,V0-3,VILLA 81,,LAYER-7,21,2,,,APPROVED AS NOTED,DONE,4,DR/ OMAR OSMAN,1,,,
1644,Tuesday,15-09-26,95345,44,Target,DPL,14-09-26,,,37.4,Fill,V0-3,VILLA 82,,LAYER-6,21,2,,,APPROVED AS NOTED,DONE,4,DR/ OMAR OSMAN,1,,,
1645,Tuesday,15-09-26,95346,44,Target,DPL,14-09-26,,,35.9,Fill,V0-3,VILLA 83,,LAYER-4,21,2,,,APPROVED AS NOTED,DONE,4,DR/ OMAR OSMAN,1,,,
1646,Tuesday,15-09-26,95347,44,Target,DPL,14-09-26,,,41.2,Fill,V0-3,VILLA 84,,LAYER-6,21,2,,,APPROVED AS NOTED,DONE,4,DR/ OMAR OSMAN,1,,,
1647,Tuesday,15-09-26,95348,44,Target,DPL,14-09-26,,,36.5,Fill,V0-3,VILLA 85,,LAYER-6,21,2,,,APPROVED AS NOTED,DONE,4,DR/ OMAR OSMAN,1,,,
1648,Tuesday,15-09-26,95349,44,Target,DPL,14-09-26,,,43,Fill,V0-3,VILLA 86,,LAYER-6,21,2,,,APPROVED AS NOTED,DONE,4,DR/ OMAR OSMAN,1,,,
1649,Tuesday,15-09-26,95350,44,Target,DPL,14-09-26,,,42.56,Fill,V0-3,BH-16,,LAYER-3,21,5,,,APPROVED AS NOTED,DONE,7,DR/ OMAR OSMAN,1,,,
1650,Tuesday,15-09-26,95351,44,Al Motamayez,DPL,14-09-26,,,43,Fill,V0-3,BH-7,,LAYER-12,23,4,,,APPROVED AS NOTED,DONE,6,DR/ OMAR OSMAN,1,,,
1651,Tuesday,15-09-26,95352,44,Abnaa Hetler,DPL,14-09-26,,,50.5,Fill,V0-3,BH-11,,LAYER-15,23.15,10,,,APPROVED AS NOTED,DONE,12,DR/ OMAR OSMAN,1,,,
1652,Tuesday,15-09-26,95353,44,Abnaa Hetler,DPL,14-09-26,,,40.72,Fill,V0-3,BH-11',,LAYER-15,23.15,11,,,APPROVED AS NOTED,DONE,13,DR/ OMAR OSMAN,1,,,
1653,Tuesday,15-09-26,95354,44,HIgh Dam,DPL,14-09-26,,,42.5,Fill,V0-3,BH-13 A,,LAYER-7,20.4,3,,,APPROVED AS NOTED,DONE,5,DR/ OMAR OSMAN,1,,,
1654,Tuesday,15-09-26,95355,44,HIgh Dam,DPL,14-09-26,,,43.8,Fill,V0-3,BH-13 B,,LAYER-7,20.4,4,,,APPROVED AS NOTED,DONE,6,DR/ OMAR OSMAN,1,,,
1655,Tuesday,15-09-26,95356,44,HIgh Dam,PLATE LOAD,14-09-26,,,,Fill,V0-3,VILLA 63,,21.4,,1,,800,APPROVED AS NOTED,DONE,3,HELIOPOLIS,1,,,
1656,Tuesday,15-09-26,95357,44,HIgh Dam,PLATE LOAD,14-09-26,,,,Fill,V0-3,VILLA 61,,21.4,,1,,1000,APPROVED AS NOTED,DONE,3,HELIOPOLIS,1,,,
1657,Tuesday,15-09-26,95358,44,HIgh Dam,PLATE LOAD,14-09-26,,,,Fill,V0-3,VILLA 62,,21.4,,1,,1500,APPROVED AS NOTED,DONE,3,HELIOPOLIS,1,,,
1658,Tuesday,15-09-26,95359,44,EICO,SOIL,14-09-26,A-4,46.40%,,Natural Ground,V0-3,VILLA 78,,,,1,Sieve analysis,,APPROVED AS NOTED,DONE,3,CEL,1,,,
1659,Tuesday,15-09-26,95360,44,EICO,SOIL,14-09-26,A-4,48.20%,,Natural Ground,V0-3,VILLA 79,,,,1,Sieve analysis,,APPROVED AS NOTED,DONE,3,CEL,1,,,
1660,Tuesday,15-09-26,95361,44,EICO,SOIL,14-09-26,A-4,45.20%,,Natural Ground,V0-3,VILLA 80,,,,1,Sieve analysis,,APPROVED AS NOTED,DONE,3,CEL,1,,,
1661,Tuesday,15-09-26,95362,44,EICO,SOIL,14-09-26,A-1-B,8.80%,,Stockpile,V0-3,,,,,1,Sieve + Proctoer ,,APPROVED AS NOTED,DONE,4,CEL,1,,,
1662,Tuesday,15-09-26,95363,44,Abnaa Hetler,SOIL,14-09-26,A-1-B,17.60%,,Stockpile,V0-3,,,,,1,Sieve + Proctoer ,,APPROVED AS NOTED,DONE,4,CEL,1,,,
1663,Wednesday,16-09-26,95364,44,Al Ehsan,DPL,13-09-26,,,43.74,Fill,V0-3,BH-10,,LAYER-8,22.15,5,,,APPROVED AS NOTED,DONE,7,CEL,3,,,
1664,Wednesday,16-09-26,95365,44,Al Kifah,DPL,13-09-26,,,40.95,Fill,V0-3,VILLA 25,,LAYER-14,25.5,2,,,APPROVED AS NOTED,DONE,4,CEL,3,,,
1665,Wednesday,16-09-26,95366,44,Al Kifah,DPL,13-09-26,,,41.45,Fill,V0-3,VILLA 26,,LAYER-14,25.5,2,,,APPROVED AS NOTED,DONE,4,CEL,3,,,
1666,Wednesday,16-09-26,95367,44,Al Masria 2,DPL,13-09-26,,,36.55,Fill,V0-3,VILLA 103,,LAYER-5,20.85,2,,,APPROVED AS NOTED,DONE,4,CEL,3,,,
1667,Wednesday,16-09-26,95368,44,Samy Asaad,DPL,13-09-26,,,38,Fill,V0-3,BH-20,,LAYER-1,19.5,2,,,APPROVED AS NOTED,DONE,4,CEL,3,,,
1668,Wednesday,16-09-26,95369,44,Samy Asaad,DPL,13-09-26,,,46.8,Fill,V0-3,BH-20',,LAYER-1,19.5,4,,,APPROVED AS NOTED,DONE,6,CEL,3,,,
1669,Wednesday,16-09-26,95370,44,Ghali Aziz,DPL,13-09-26,,,44.1,Fill,V0-3,BH-3,,LAYER-6,21.15,11,,,APPROVED AS NOTED,DONE,13,CEL,3,,,
1670,Wednesday,16-09-26,95371,44,Al Qimam,DPL,13-09-26,,,39.2,Fill,V0-3,RD-2(EX V 19),,LAYER-2,25.1,2,,,APPROVED AS NOTED,DONE,4,CEL,3,,,
1671,Wednesday,16-09-26,95372,44,ARABCO,DPL,13-09-26,,,40.88,Fill,V0-3,BH-6,,LAYER-13,23.65,5,,,APPROVED AS NOTED,DONE,7,CEL,3,,,
1672,Wednesday,16-09-26,95373,44,Hosny Mubarak,DPL,13-09-26,,,39.75,Fill,V0-3,VILLA 9,,LAYER-16,26.2,2,,,APPROVED AS NOTED,DONE,4,CEL,3,,,
1673,Wednesday,16-09-26,95374,44,Hosny Mubarak,DPL,13-09-26,,,45.95,Fill,V0-3,VILLA 10,,LAYER-16,26.2,2,,,APPROVED AS NOTED,DONE,4,CEL,3,,,
1674,Wednesday,16-09-26,95375,44,Hosny Mubarak,DPL,13-09-26,,,57.5,Fill,V0-3,VILLA 11,,LAYER-16,26.2,2,,,APPROVED AS NOTED,DONE,4,CEL,3,,,
1675,Wednesday,16-09-26,95376,44,Hosny Mubarak,DPL,13-09-26,,,54.6,Fill,V0-3,RD-4(EX V 9),,LAYER-6,26.2,2,,,APPROVED AS NOTED,DONE,4,CEL,3,,,
1676,Wednesday,16-09-26,95377,44,Hosny Mubarak,DPL,13-09-26,,,40.15,Fill,V0-3,RD-4(EX V 10),,LAYER-6,26.2,2,,,APPROVED AS NOTED,DONE,4,CEL,3,,,
1677,Wednesday,16-09-26,95378,44,Al Ehsan,DPL,13-09-26,,,40.65,Fill,V0-3,VILLA 37,,LAYER-10,22.9,2,,,APPROVED AS NOTED,DONE,4,CEL,3,,,
1678,Wednesday,16-09-26,95379,44,Al Ehsan,DPL,13-09-26,,,43.25,Fill,V0-3,VILLA 38,,LAYER-10,22.9,2,,,APPROVED AS NOTED,DONE,4,CEL,3,,,
1679,Wednesday,16-09-26,95380,44,Al Ehsan,DPL,13-09-26,,,45.05,Fill,V0-3,VILLA 39,,LAYER-9,22.9,2,,,APPROVED AS NOTED,DONE,4,CEL,3,,,
1680,Wednesday,16-09-26,95381,44,Al Selme,DPL,13-09-26,,,38.8,Fill,V0-3,VILLA 113,,LAYER-2,22.7,2,,,APPROVED AS NOTED,DONE,4,HELIOPOLIS,3,,,
1681,Wednesday,16-09-26,95382,44,Al Masria 2,DPL,13-09-26,,,44.11,Fill,V0-3,VILLA 106,,LAYER-1,19.85,2,,,APPROVED AS NOTED,DONE,4,HELIOPOLIS,3,,,
1682,Wednesday,16-09-26,95383,44,Hosny Mubarak,DPL,13-09-26,,,41.3,Fill,V0-3,BH-4,,LAYER-18,24.9,6,,,APPROVED AS NOTED,DONE,8,HELIOPOLIS,3,,,
1683,Wednesday,16-09-26,95384,44,Hosny Mubarak,DPL,13-09-26,,,44.7,Fill,V0-3,VILLA 12,,LAYER-14,25.9,2,,,APPROVED AS NOTED,DONE,4,HELIOPOLIS,3,,,
1684,Wednesday,16-09-26,95386,44,Al Hamd,DPL,13-09-26,,,47.7,Fill,V0-3,VILLA 123,,LAYER-1,20.5,2,,,APPROVED AS NOTED,DONE,4,HELIOPOLIS,3,,,
1685,Wednesday,16-09-26,95388,44,Arabco 2,DPL,13-09-26,,,41.5,Fill,V0-3,BH-5,,LAYER-7,22.15,5,,,APPROVED AS NOTED,DONE,7,HELIOPOLIS,3,,,
1686,Wednesday,16-09-26,95389,44,Al Ehsan,DPL,13-09-26,,,43.9,Fill,V0-3,VILLA 42,,LAYER-9,22.9,2,,,APPROVED AS NOTED,DONE,4,HELIOPOLIS,3,,,
1687,Wednesday,16-09-26,95390,44,Abnaa Oraby,DPL,13-09-26,,,37.7,Fill,V0-3,VILLA 52,,LAYER-8,21.6,2,,,APPROVED AS NOTED,DONE,4,HELIOPOLIS,3,,,
1688,Wednesday,16-09-26,95391,44,Abnaa Oraby,DPL,13-09-26,,,35.65,Fill,V0-3,VILLA 56,,LAYER-9,21.6,2,,,APPROVED AS NOTED,DONE,4,HELIOPOLIS,3,,,
1689,Wednesday,16-09-26,95392,44,Abnaa Oraby,DPL,14-09-26,,,41.44,Fill,V0-3,VILLA 53,,LAYER-8,21.6,2,,,APPROVED AS NOTED,DONE,4,HELIOPOLIS,2,,,
1690,Wednesday,16-09-26,95393,44,Abnaa Oraby,DPL,14-09-26,,,48.8,Fill,V0-3,VILLA 55,,LAYER-8,21.6,2,,,APPROVED AS NOTED,DONE,4,HELIOPOLIS,2,,,
1691,Wednesday,16-09-26,95394,44,Al Ehsan,DPL,14-09-26,,,41.4,Fill,V0-3,RD-10,,LAYER-6,22.9,5,,,APPROVED AS NOTED,DONE,7,HELIOPOLIS,2,,,
1692,Wednesday,16-09-26,95395,44,Al Ehsan,DPL,14-09-26,,,42,Fill,V0-3,VILLA 43,,LAYER-9,22.9,2,,,APPROVED AS NOTED,DONE,4,CEL,2,,,
1693,Wednesday,16-09-26,95396,44,Al Ehsan,DPL,14-09-26,,,42.4,Fill,V0-3,VILLA 44,,LAYER-9,22.9,2,,,APPROVED AS NOTED,DONE,4,CEL,2,,,
1694,Thursday,17-09-26,95397,44,Al Hamd,DPL,13-09-26,,,47.75,Fill,V0-3,VILLA 122,,LAYER-1,20.9,2,,,APPROVED AS NOTED,DONE,4,HELIOPOLIS,4,,,
1695,Wednesday,16-09-26,95398,44,Al Hamd,DPL,14-09-26,,,46.75,Fill,V0-3,VILLA 124,,LAYER-1,20.5,2,,,APPROVED AS NOTED,DONE,4,CEL,2,,,
1696,Wednesday,16-09-26,95399,44,Al Hamd,DPL,14-09-26,,,41.85,Fill,V0-3,VILLA 125,,LAYER-2,20.5,2,,,APPROVED AS NOTED,DONE,4,CEL,2,,,
1697,Wednesday,16-09-26,95400,44,Al Selme,DPL,14-09-26,,,39.27,Fill,V0-3,RD-21,,LAYER-2,22.7,2,,,APPROVED AS NOTED,DONE,4,HELIOPOLIS,2,,,
1698,Wednesday,16-09-26,95401,44,Al Selme,DPL,14-09-26,,,57,Fill,V0-3,VILLA 114,,LAYER-2,22.7,2,,,APPROVED AS NOTED,DONE,4,CEL,2,,,
1699,Wednesday,16-09-26,95402,44,Al Selme,DPL,14-09-26,,,42.05,Fill,V0-3,VILLA 115,,LAYER-2,22.7,2,,,APPROVED AS NOTED,DONE,4,CEL,2,,,
1700,Wednesday,16-09-26,95403,44,Al Qimam,DPL,14-09-26,,,43.45,Fill,V0-3,RD-2(EX V 16),,LAYER-3,25.6,2,,,APPROVED AS NOTED,DONE,4,CEL,2,,,
1701,Wednesday,16-09-26,95404,44,Al Qimam,DPL,14-09-26,,,47.45,Fill,V0-3,RD-2(EX V 17),,LAYER-3,25.6,2,,,APPROVED AS NOTED,DONE,4,CEL,2,,,
1702,Wednesday,16-09-26,95405,44,Al Kifah,DPL,14-09-26,,,42.2,Fill,V0-3,RD-1,,LAYER-6,23,17,,,APPROVED AS NOTED,DONE,20,CEL,2,,,
1703,Wednesday,16-09-26,95406,44,Al Kifah,DPL,14-09-26,,,41.13,Fill,V0-3,VILLA 20,,LAYER-13,26,3,,,APPROVED AS NOTED,DONE,5,CEL,2,,,
1704,Wednesday,16-09-26,95407,44,Al Kifah,DPL,14-09-26,,,41.45,Fill,V0-3,VILLA 21,,LAYER-13,26,2,,,APPROVED AS NOTED,DONE,4,CEL,2,,,
1705,Wednesday,16-09-26,95408,44,Al Kifah,DPL,14-09-26,,,42.65,Fill,V0-3,VILLA 22,,LAYER-13,26,2,,,APPROVED AS NOTED,DONE,4,CEL,2,,,
1706,Wednesday,16-09-26,95409,44,Al Kifah,DPL,14-09-26,,,45.75,Fill,V0-3,RD-1(EX V 20:22),,LAYER-3,26,2,,,APPROVED AS NOTED,DONE,4,CEL,2,,,
1707,Wednesday,16-09-26,95410,44,Al Masria 1,DPL,14-09-26,,,51.4,Fill,V0-3,VILLA 101,,LAYER-4,20.35,2,,,APPROVED AS NOTED,DONE,4,CEL,2,,,
1708,Wednesday,16-09-26,95411,44,Al Masria 1,DPL,14-09-26,,,47.05,Fill,V0-3,VILLA 102,,LAYER-5,20.85,2,,,APPROVED AS NOTED,DONE,4,CEL,2,,,
1709,Wednesday,16-09-26,95412,44,Al Masria 2,DPL,14-09-26,,,47.1,Fill,V0-3,VILLA 107,,LAYER-1,19.85,2,,,APPROVED AS NOTED,DONE,4,CEL,2,,,
1710,Wednesday,16-09-26,95413,44,Al Masria 2,DPL,14-09-26,,,40.8,Fill,V0-3,VILLA 108,,LAYER-1,19.85,2,,,APPROVED AS NOTED,DONE,4,CEL,2,,,
1711,Wednesday,16-09-26,95414,44,Al Masria 2,DPL,14-09-26,,,40.8,Fill,V0-3,RD-19',,LAYER-3,20.85,6,,,APPROVED AS NOTED,DONE,8,CEL,2,,,
1712,Wednesday,16-09-26,95415,44,Al Masria 1,DPL,14-09-26,,,40.9,Fill,V0-3,RD-19',,LAYER-4,21.35,3,,,APPROVED AS NOTED,DONE,5,HELIOPOLIS,2,,,
1713,Wednesday,16-09-26,95416,44,Hosny Mubarak,DPL,14-09-26,,,36.3,Fill,V0-3,VILLA 9,,LAYER-17,26.7,2,,,APPROVED AS NOTED,DONE,4,HELIOPOLIS,2,,,
1714,Wednesday,16-09-26,95417,44,Hosny Mubarak,DPL,14-09-26,,,37.9,Fill,V0-3,VILLA 10,,LAYER-17,26.7,2,,,APPROVED AS NOTED,DONE,4,HELIOPOLIS,2,,,
1715,Wednesday,16-09-26,95418,44,Hosny Mubarak,DPL,14-09-26,,,39.23,Fill,V0-3,VILLA 11,,LAYER-17,26.7,2,,,APPROVED AS NOTED,DONE,4,HELIOPOLIS,2,,,
1716,Wednesday,16-09-26,95419,44,Hosny Mubarak,DPL,14-09-26,,,44.8,Fill,V0-3,RD-4(EX V 9),,LAYER-7,26.7,2,,,APPROVED AS NOTED,DONE,4,HELIOPOLIS,2,,,
1717,Wednesday,16-09-26,95420,44,Hosny Mubarak,DPL,14-09-26,,,41.4,Fill,V0-3,RD-4(EX V 10),,LAYER-7,26.7,2,,,APPROVED AS NOTED,DONE,4,HELIOPOLIS,2,,,
1718,Wednesday,16-09-26,95421,44,Hosny Mubarak,DPL,14-09-26,,,38.96,Fill,V0-3,BH-4,,LAYER-19,25.15,6,,,APPROVED AS NOTED,DONE,8,HELIOPOLIS,2,,,
1719,Wednesday,16-09-26,95422,44,Hosny Mubarak,DPL,14-09-26,,,44.9,Fill,V0-3,RD-4(EX V 13),,LAYER-1,25.9,2,,,APPROVED AS NOTED,DONE,4,HELIOPOLIS,2,,,
1720,Wednesday,16-09-26,95423,44,Hosny Mubarak,DPL,14-09-26,,,39.33,Fill,V0-3,BH-8,,LAYER-5,20.9,14,,,APPROVED AS NOTED,DONE,16,HELIOPOLIS,2,,,
1721,Wednesday,16-09-26,95424,44,Samy Asaad,DPL,14-09-26,,,39.9,Fill,V0-3,VILLA 109,,LAYER-7,23.55,3,,,APPROVED AS NOTED,DONE,5,HELIOPOLIS,2,,,
1722,Wednesday,16-09-26,95425,44,Samy Asaad,DPL,14-09-26,,,44,Fill,V0-3,VILLA 110,,LAYER-7,23.55,3,,,APPROVED AS NOTED,DONE,5,HELIOPOLIS,2,,,
1723,Wednesday,16-09-26,95426,44,Samy Asaad,DPL,14-09-26,,,36.72,Fill,V0-3,VILLA 111,,LAYER-6,23.55,4,,,APPROVED AS NOTED,DONE,6,HELIOPOLIS,2,,,
1724,Wednesday,16-09-26,95427,44,Samy Asaad,DPL,14-09-26,,,45.72,Fill,V0-3,RD-20,,LAYER-7,24.5,7,,,APPROVED AS NOTED,DONE,9,CEL,2,,,
1725,Wednesday,16-09-26,95428,44,Ghali Aziz,DPL,14-09-26,,,46.24,Fill,V0-3,VILLA 31,,LAYER-5,21.7,2,,,APPROVED AS NOTED,DONE,4,HELIOPOLIS,2,,,
1726,Wednesday,16-09-26,95429,44,Al Wadi Stone,DPL,14-09-26,,,40.6,Fill,V0-3,VILLA 45,,LAYER-6,21.25,2,,,APPROVED AS NOTED,DONE,4,CEL,2,,,
1727,Wednesday,16-09-26,95430,44,Al Wadi Stone,DPL,14-09-26,,,35.6,Fill,V0-3,VILLA 46,,LAYER-6,21.25,2,,,APPROVED AS NOTED,DONE,4,CEL,2,,,
1728,Wednesday,16-09-26,95431,44,Al Wadi Stone,DPL,14-09-26,,,45.07,Fill,V0-3,BH-9,,LAYER-5,21.5,4,,,APPROVED AS NOTED,DONE,6,CEL,2,,,
1729,Wednesday,16-09-26,95432,44,Al Farook,DPL,15-09-26,,,46.7,Fill,V0-3,BH-13,,LAYER-4,20,2,,,APPROVED AS NOTED,DONE,4,DR/ OMAR OSMAN,1,,,
1730,Wednesday,16-09-26,95433,44,Al Farook,DPL,15-09-26,,,56.24,Fill,V0-3,VILLA 72,,LAYER-6,20.2,2,,,APPROVED AS NOTED,DONE,4,DR/ OMAR OSMAN,1,,,
1731,Wednesday,16-09-26,95434,44,AL ALamiaa,DPL,15-09-26,,,46.45,Fill,V0-3,BH-17,,LAYER-6,20,14,,,APPROVED AS NOTED,DONE,16,DR/ OMAR OSMAN,1,,,
1732,Wednesday,16-09-26,95435,44,Al Ayed,DPL,15-09-26,,,42.2,Fill,V0-3,VILLA 161,,LAYER-1,19.9,2,,,APPROVED AS NOTED,DONE,4,DR/ OMAR OSMAN,1,,,
1733,Wednesday,16-09-26,95436,44,Al Ayed,DPL,15-09-26,,,38.03,Fill,V0-3,VILLA 164,,LAYER-1,19.9,2,,,APPROVED AS NOTED,DONE,4,DR/ OMAR OSMAN,1,,,
1734,Wednesday,16-09-26,95437,44,Al Motamayez,DPL,15-09-26,,,59.55,Fill,V0-3,RD-7(EX V 4),,LAYER-14,24.5,2,,,APPROVED AS NOTED,DONE,4,DR/ OMAR OSMAN,1,,,
1735,Wednesday,16-09-26,95438,44,HIgh Dam,DPL,15-09-26,,,48.8,Fill,V0-3,BH-13 C,,LAYER-5,19.9,6,,,APPROVED AS NOTED,DONE,8,DR/ OMAR OSMAN,1,,,
1736,Wednesday,16-09-26,95439,44,Al Motamayez,DPL,15-09-26,,,45.28,Fill,V0-3,VILLA 4,,LAYER-14,24.5,2,,,APPROVED AS NOTED,DONE,4,DR/ OMAR OSMAN,1,,,
1737,Wednesday,16-09-26,95440,44,Abnaa Hetler,DPL,15-09-26,,,42.6,Fill,V0-3,BH-11',,LAYER-16,23.4,11,,,APPROVED AS NOTED,DONE,13,DR/ OMAR OSMAN,1,,,
1738,Wednesday,16-09-26,95441,44,Abnaa Hetler,DPL,15-09-26,,,44.11,Fill,V0-3,BH-11,,LAYER-16,23.4,12,,,APPROVED AS NOTED,DONE,14,DR/ OMAR OSMAN,1,,,
1739,Wednesday,16-09-26,95442,44,AL ALamiaa,DPL,15-09-26,,,38.9,Fill,V0-3,VILLA 89,,LAYER-3,19.5,2,,,APPROVED AS NOTED,DONE,4,DR/ OMAR OSMAN,1,,,
1740,Wednesday,16-09-26,95443,44,AL ALamiaa,DPL,15-09-26,,,44.6,Fill,V0-3,VILLA 93,,LAYER-7,21.5,2,,,APPROVED AS NOTED,DONE,4,DR/ OMAR OSMAN,1,,,
1741,Wednesday,16-09-26,95444,44,AL ALamiaa,DPL,15-09-26,,,42.75,Fill,V0-3,VILLA 94,,LAYER-8,21.5,2,,,APPROVED AS NOTED,DONE,4,DR/ OMAR OSMAN,1,,,
1742,Wednesday,16-09-26,95445,44,AL ALamiaa,DPL,15-09-26,,,43.2,Fill,V0-3,VILLA 95,,LAYER-8,21.5,2,,,APPROVED AS NOTED,DONE,4,DR/ OMAR OSMAN,1,,,
1743,Wednesday,16-09-26,95446,44,AL ALamiaa,DPL,15-09-26,,,36.11,Fill,V0-3,VILLA 96,,LAYER-7,21.5,2,,,APPROVED AS NOTED,DONE,4,DR/ OMAR OSMAN,1,,,
1744,Wednesday,16-09-26,95447,44,AL ALamiaa,DPL,15-09-26,,,41.3,Fill,V0-3,VILLA 97,,LAYER-6,21.5,2,,,APPROVED AS NOTED,DONE,4,DR/ OMAR OSMAN,1,,,
1745,Wednesday,16-09-26,95448,44,AL ALamiaa,DPL,15-09-26,,,51.04,Fill,V0-3,VILLA 98,,LAYER-6,21.5,2,,,APPROVED AS NOTED,DONE,4,DR/ OMAR OSMAN,1,,,
1746,Wednesday,16-09-26,95449,44,Hosny Mubarak,DPL,15-09-26,,,50.88,Fill,V0-3,BH-23,,LAYER-10,22.9,6,,,APPROVED AS NOTED,DONE,8,DR/ OMAR OSMAN,1,,,
1747,Wednesday,16-09-26,95450,44,HIgh Dam,PLATE LOAD,15-09-26,,,,Fill,V0-3,BH-13 C,,19.4,,1,,2300,APPROVED AS NOTED,DONE,3,HELIOPOLIS,1,,,
1748,Wednesday,16-09-26,95451,44,Target,PLATE LOAD,15-09-26,,,,Fill,V0-3,VILLA 87,,20,,1,,432,APPROVED AS NOTED,DONE,3,GLOBAL LAB,1,,,
1749,Wednesday,16-09-26,95452,44,Target,PLATE LOAD,15-09-26,,,,Fill,V0-3,VILLA 88,,20,,1,,418,APPROVED AS NOTED,DONE,3,GLOBAL LAB,1,,,
1750,Wednesday,16-09-26,95453,44,Abnaa Hetler,PLATE LOAD,15-09-26,,,,Fill,V0-3,VILLA 2,,24.7,,1,,1241,APPROVED AS NOTED,DONE,3,HELIOPOLIS,1,,,
1751,Wednesday,16-09-26,95454,44,Abnaa Hetler,PLATE LOAD,15-09-26,,,,Fill,V0-3,VILLA 1,,24.7,,1,,1773,APPROVED AS NOTED,DONE,3,HELIOPOLIS,1,,,
1752,Wednesday,16-09-26,95455,44,Al Motamayez,PLATE LOAD,15-09-26,,,,Fill,V0-3,BH-7,,23,,1,,2000,APPROVED AS NOTED,DONE,3,GLOBAL LAB,1,,,
1753,Wednesday,16-09-26,95456,44,Abnaa Hetler,SOIL,15-09-26,A-1-B,12.20%,,Stockpile,V0-3,,,,,1,Sieve + Proctoer ,,APPROVED AS NOTED,DONE,4,CEL,1,,,
1754,Wednesday,16-09-26,95457,44,Abnaa Hetler,SOIL,15-09-26,A-1-B,14.40%,,Stockpile,V0-3,,,,,1,Sieve + Proctoer ,,APPROVED AS NOTED,DONE,4,CEL,1,,,
1755,Wednesday,16-09-26,95458,44,HIgh Dam,PLATE LOAD,15-09-26,,,,Fill,V0-3,VILLA 64,,21.4,,1,,400,APPROVED AS NOTED,DONE,3,HELIOPOLIS,1,,,
1756,Wednesday,16-09-26,95459,44,ROCK,PLATE LOAD,15-09-26,,,,Fill,V0-3,BH-8,,20.9,,3,,7300,APPROVED AS NOTED,DONE,7,HELIOPOLIS,1,,,
1757,Wednesday,16-09-26,95460,44,Al Masria 1,PLATE LOAD,15-09-26,,,,Fill,V0-3,VILLA 99,,20.35,,1,,686,APPROVED AS NOTED,DONE,3,GLOBAL LAB,1,,,
1758,Wednesday,16-09-26,95461,44,Al Masria 1,PLATE LOAD,15-09-26,,,,Fill,V0-3,VILLA 100,,20.35,,1,,751,APPROVED AS NOTED,DONE,3,GLOBAL LAB,1,,,
1759,Wednesday,16-09-26,95462,44,Al Masria 1,PLATE LOAD,15-09-26,,,,Fill,V0-3,VILLA 101,,20.35,,1,,686,APPROVED AS NOTED,DONE,3,GLOBAL LAB,1,,,
1760,Wednesday,16-09-26,95463,44,Al Masria 1,PLATE LOAD,15-09-26,,,,Fill,V0-3,RD-19,,21.35,,1,,1160,APPROVED AS NOTED,DONE,3,GLOBAL LAB,1,,,
1761,Wednesday,16-09-26,95464,44,Al Kifah,PLATE LOAD,15-09-26,,,,Fill,V0-3,VILLA 23,,26,,1,,492,APPROVED AS NOTED,DONE,3,HELIOPOLIS,1,,,
1762,Wednesday,16-09-26,95465,44,Al Kifah,PLATE LOAD,15-09-26,,,,Fill,V0-3,VILLA 24,,26,,1,,664,APPROVED AS NOTED,DONE,3,GLOBAL LAB,1,,,
1763,Wednesday,16-09-26,95466,44,Al Kifah,PLATE LOAD,15-09-26,,,,Fill,V0-3,VILLA 25,,26,,1,,699,APPROVED AS NOTED,DONE,3,HELIOPOLIS,1,,,
1764,Wednesday,16-09-26,95467,44,Al Kifah,PLATE LOAD,15-09-26,,,,Fill,V0-3,VILLA 26,,26,,1,,842,APPROVED AS NOTED,DONE,3,HELIOPOLIS,1,,,
1765,Wednesday,16-09-26,95468,44,Samy Asaad,SOIL,15-09-26,A-1-B,17.20%,,Stockpile,V0-3,,,,,1,Sieve + Proctoer ,,APPROVED AS NOTED,DONE,3,LOGIC,1,,,
1766,Wednesday,16-09-26,95469,44,Samy Asaad,SOIL,15-09-26,A-2-4,25.40%,,Stockpile,V0-3,,,,,1,Sieve + Proctoer ,,APPROVED AS NOTED,DONE,3,LOGIC,1,,,
1767,Wednesday,16-09-26,95470,44,Al Wadi Stone,SOIL,15-09-26,A-1-B,21.60%,,Stockpile,V0-3,,,,,1,Sieve + Proctoer ,,APPROVED AS NOTED,DONE,3,LOGIC,1,,,
1768,Wednesday,16-09-26,95471,44,Fawzy Al Rfaay,SOIL,15-09-26,A-1-B,23.00%,,Stockpile,V0-3,,,,,1,Sieve + Proctoer ,,APPROVED AS NOTED,DONE,3,LOGIC,1,,,
1769,Thursday,17-09-26,95385,44,Al Qimam,DPL,14-09-26,,,44,Fill,V0-3,BH-2,,LAYER-13,23.85,6,,,APPROVED AS NOTED,DONE,8,CEL,3,,,
1770,Thursday,17-09-26,95472,44,Abnaa Oraby,DPL,15-09-26,,,36.3,Fill,V0-3,RD-9,,LAYER-5,21.1,2,,,APPROVED AS NOTED,DONE,4,HELIOPOLIS,2,,,
1771,Thursday,17-09-26,95473,44,ARABCO,DPL,15-09-26,,,40.5,Fill,V0-3,VILLA 6,,LAYER-16,25.45,3,,,APPROVED AS NOTED,DONE,5,HELIOPOLIS,2,,,
1772,Thursday,17-09-26,95474,44,ARABCO,DPL,15-09-26,,,40.2,Fill,V0-3,VILLA 7,,LAYER-16,25.45,3,,,APPROVED AS NOTED,DONE,5,HELIOPOLIS,2,,,
1773,Thursday,17-09-26,95475,44,ARABCO,DPL,15-09-26,,,41.4,Fill,V0-3,VILLA 8,,LAYER-16,25.45,3,,,APPROVED AS NOTED,DONE,5,HELIOPOLIS,2,,,
1774,Thursday,17-09-26,95476,44,ARABCO,DPL,15-09-26,,,42.3,Fill,V0-3,RD-6(EX V 6),,LAYER-3,25.45,2,,,APPROVED AS NOTED,DONE,4,HELIOPOLIS,2,,,
1775,Thursday,17-09-26,95477,44,ARABCO,DPL,15-09-26,,,41,Fill,V0-3,RD-6(EX V 7),,LAYER-3,25.45,2,,,APPROVED AS NOTED,DONE,4,HELIOPOLIS,2,,,
1776,Thursday,17-09-26,95478,44,ARABCO,DPL,15-09-26,,,38.35,Fill,V0-3,RD-6(EX V 8),,LAYER-3,25.45,2,,,APPROVED AS NOTED,DONE,4,HELIOPOLIS,2,,,
1777,Thursday,17-09-26,95479,44,Arabco 2,DPL,15-09-26,,,50.2,Fill,V0-3,BH-5,,LAYER-8,22.4,5,,,APPROVED AS NOTED,DONE,7,HELIOPOLIS,2,,,
1778,Thursday,17-09-26,95480,44,AL ANOUD,DPL,15-09-26,,,37.8,Fill,V0-3,BH-18,,LAYER-1,19.2,3,,,APPROVED AS NOTED,DONE,5,HELIOPOLIS,2,,,
1779,Thursday,17-09-26,95481,44,Arabco 2,DPL,15-09-26,,,41.33,Fill,V0-3,VILLA 33,,LAYER-11,24,3,,,APPROVED AS NOTED,DONE,5,CEL,2,,,
1780,Thursday,17-09-26,95482,44,Arabco 2,DPL,15-09-26,,,37.33,Fill,V0-3,VILLA 34,,LAYER-12,24,3,,,APPROVED AS NOTED,DONE,5,CEL,2,,,
1781,Thursday,17-09-26,95483,44,Arabco 2,DPL,15-09-26,,,55.5,Fill,V0-3,VILLA 36,,LAYER-12,24,3,,,APPROVED AS NOTED,DONE,5,CEL,2,,,
1782,Thursday,17-09-26,95484,44,Arabco 2,DPL,15-09-26,,,46.95,Fill,V0-3,RD-5,,LAYER-2,24,2,,,APPROVED AS NOTED,DONE,4,CEL,2,,,
1783,Thursday,17-09-26,95485,44,ARABCO,DPL,15-09-26,,,52.1,Fill,V0-3,BH-6,,LAYER-14,23.9,5,,,APPROVED AS NOTED,DONE,7,CEL,2,,,
1784,Thursday,17-09-26,95486,44,Al Ehsan,DPL,15-09-26,,,35.6,Fill,V0-3,VILLA 37,,LAYER-11,23.4,2,,,APPROVED AS NOTED,DONE,4,HELIOPOLIS,2,,,
1785,Thursday,17-09-26,95487,44,Al Ehsan,DPL,15-09-26,,,37.4,Fill,V0-3,VILLA 38,,LAYER-11,23.4,2,,,APPROVED AS NOTED,DONE,4,HELIOPOLIS,2,,,
1786,Thursday,17-09-26,95488,44,Al Ehsan,DPL,15-09-26,,,39.5,Fill,V0-3,VILLA 39,,LAYER-10,23.4,2,,,APPROVED AS NOTED,DONE,4,HELIOPOLIS,2,,,
1787,Thursday,17-09-26,95489,44,Al Ehsan,DPL,15-09-26,,,44.4,Fill,V0-3,BH-10,,LAYER-9,22.4,6,,,APPROVED AS NOTED,DONE,8,CEL,2,,,
1788,Thursday,17-09-26,95490,44,Al Selme,DPL,15-09-26,,,38.3,Fill,V0-3,VILLA 112,,LAYER-3,22.7,3,,,APPROVED AS NOTED,DONE,5,HELIOPOLIS,2,,,
1789,Thursday,17-09-26,95491,44,Al Selme,DPL,15-09-26,,,38.3,Fill,V0-3,VILLA 116,,LAYER-2,22.7,3,,,APPROVED AS NOTED,DONE,5,HELIOPOLIS,2,,,
1790,Thursday,17-09-26,95493,44,Al Qimam,DPL,15-09-26,,,47.5,Fill,V0-3,RD-2(EX V 15),,LAYER-3,25.6,2,,,APPROVED AS NOTED,DONE,4,CEL,2,,,
1791,Thursday,17-09-26,95494,44,Al Kifah,DPL,15-09-26,,,50.4,Fill,V0-3,VILLA 23,,LAYER-14,26,2,,,APPROVED AS NOTED,DONE,4,CEL,2,,,
1792,Thursday,17-09-26,95495,44,Al Kifah,DPL,15-09-26,,,43,Fill,V0-3,VILLA 24,,LAYER-15,26,2,,,APPROVED AS NOTED,DONE,4,CEL,2,,,
1793,Thursday,17-09-26,95496,44,Al Kifah,DPL,15-09-26,,,52.3,Fill,V0-3,VILLA 25,,LAYER-15,26,2,,,APPROVED AS NOTED,DONE,4,CEL,2,,,
1794,Thursday,17-09-26,95497,44,Al Kifah,DPL,15-09-26,,,48.65,Fill,V0-3,VILLA 26,,LAYER-15,26,2,,,APPROVED AS NOTED,DONE,4,CEL,2,,,
1795,Thursday,17-09-26,95498,44,Al Kifah,DPL,15-09-26,,,50.15,Fill,V0-3,RD-1(EX V 23),,LAYER-3,26,2,,,APPROVED AS NOTED,DONE,4,CEL,2,,,
1796,Thursday,17-09-26,95499,44,Al Kifah,DPL,15-09-26,,,44.4,Fill,V0-3,BH-1,,LAYER-16,24.75,5,,,APPROVED AS NOTED,DONE,7,CEL,2,,,
1797,Thursday,17-09-26,95500,44,Al Masria 2,DPL,15-09-26,,,49.9,Fill,V0-3,VILLA 104,,LAYER-4,20.85,2,,,APPROVED AS NOTED,DONE,4,CEL,2,,,
1798,Thursday,17-09-26,95501,44,Hosny Mubarak,DPL,15-09-26,,,51.8,Fill,V0-3,BH-4,,LAYER-20,25.4,5,,,APPROVED AS NOTED,DONE,7,HELIOPOLIS,2,,,
1799,Thursday,17-09-26,95502,44,ROCK,DPL,15-09-26,,,36.5,Fill,V0-3,VILLA 60,,LAYER-10,21.95,2,,,APPROVED AS NOTED,DONE,4,HELIOPOLIS,2,,,
1800,Thursday,17-09-26,95503,44,Samy Asaad,DPL,15-09-26,,,43.8,Fill,V0-3,RD-20,,LAYER-8,25,7,,,APPROVED AS NOTED,DONE,9,CEL,2,,,
1801,Thursday,17-09-26,95504,44,Fawzy Al Rfaay,DPL,15-09-26,,,38,Fill,V0-3,VILLA 131,,LAYER-1,19.75,2,,,APPROVED AS NOTED,DONE,4,HELIOPOLIS,2,,,
1802,Thursday,17-09-26,95505,44,Fawzy Al Rfaay,DPL,15-09-26,,,45.5,Fill,V0-3,VILLA 132,,LAYER-1,19.75,2,,,APPROVED AS NOTED,DONE,4,HELIOPOLIS,2,,,
1803,Thursday,17-09-26,95506,44,Fawzy Al Rfaay,DPL,15-09-26,,,42.9,Fill,V0-3,VILLA 133,,LAYER-1,19.8,2,,,APPROVED AS NOTED,DONE,4,HELIOPOLIS,2,,,
1804,Thursday,17-09-26,95507,44,Fawzy Al Rfaay,DPL,15-09-26,,,37.12,Fill,V0-3,VILLA 134,,LAYER-1,19.75,2,,,APPROVED AS NOTED,DONE,4,HELIOPOLIS,2,,,
1805,Thursday,17-09-26,95508,44,Al Wadi Stone,DPL,15-09-26,,,37.5,Fill,V0-3,VILLA 50,,LAYER-6,20.75,2,,,APPROVED AS NOTED,DONE,4,HELIOPOLIS,2,,,
1806,Thursday,17-09-26,95509,44,Al Qimam,DPL,14-09-26,,,37.6,Fill,V0-3,VILLA 19,,LAYER-11,37.6,3,,,APPROVED AS NOTED,DONE,5,CEL,3,,,
1807,Thursday,17-09-26,95510,44,Al Qimam,DPL,15-09-26,,,37.2,Fill,V0-3,VILLA 17,,LAYER-12,25.6,2,,,APPROVED AS NOTED,DONE,4,CEL,2,,,
1808,Thursday,17-09-26,95511,44,Al Qimam,DPL,15-09-26,,,49.2,Fill,V0-3,VILLA 16,,LAYER-12,25.6,2,,,APPROVED AS NOTED,DONE,4,CEL,2,,,
1809,Thursday,17-09-26,95512,44,Hosny Mubarak,DPL,10-08-26,,,42.34,Fill,V0-3,VILLA 13,,LAYER-3,20.9,3,,,APPROVED AS NOTED,DONE,5,HELIOPOLIS,38,,,
1810,Thursday,17-09-26,95513,44,Hosny Mubarak,DPL,11-09-26,,,48.8,Fill,V0-3,VILLA 13,,LAYER-12,25.4,3,,,APPROVED AS NOTED,DONE,5,HELIOPOLIS,6,,,
1811,Thursday,17-09-26,95514,44,Hosny Mubarak,DPL,15-09-26,,,50,Fill,V0-3,VILLA 13,,LAYER-13,25.9,3,,,APPROVED AS NOTED,DONE,5,HELIOPOLIS,2,,,
1812,Thursday,17-09-26,95515,44,Al Hamd,DPL,11-09-26,,,38,Fill,V0-3,VILLA 127,,LAYER-2,20.05,2,,,APPROVED AS NOTED,DONE,4,HELIOPOLIS,6,,,
1813,Thursday,17-09-26,95516,44,Al Hamd,DPL,15-09-26,,,37.5,Fill,V0-3,VILLA 127,,LAYER-3,20.5,2,,,APPROVED AS NOTED,DONE,4,CEL,2,,,
1814,Thursday,17-09-26,95517,44,Hosny Mubarak,PLATE LOAD,16-09-26,,,,Fill,V0-3,BH-4,,25.4,,2,,4000,APPROVED AS NOTED,DONE,5,HELIOPOLIS,1,,,
1815,Thursday,17-09-26,95518,44,Al Ehsan,PLATE LOAD,16-09-26,,,,Fill,V0-3,VILLA 43,,23.4,,1,,500,APPROVED AS NOTED,DONE,3,GLOBAL LAB,1,,,
1816,Thursday,17-09-26,95519,44,Hosny Mubarak,PLATE LOAD,16-09-26,,,,Fill,V0-3,VILLA 12,,26.4,,1,,900,APPROVED AS NOTED,DONE,3,HELIOPOLIS,1,,,
1817,Thursday,17-09-26,95520,44,Abnaa Oraby,SOIL,16-09-26,A-1-B,18.00%,,Stockpile,V0-3,,,,,1,Sieve + Proctoer ,,APPROVED AS NOTED,DONE,3,LOGIC,1,,,
1818,Thursday,17-09-26,95521,44,Al Selme,SOIL,16-09-26,A-1-B,8.60%,,Stockpile,V0-3,,,,,1,Sieve + Proctoer ,,APPROVED AS NOTED,DONE,3,LOGIC,1,,,
1819,Thursday,17-09-26,95522,44,Al Qimam,SOIL,16-09-26,A-1-B,6.40%,,Stockpile,V0-3,,,,,1,Sieve + Proctoer ,,APPROVED AS NOTED,DONE,3,LOGIC,1,,,
1820,Thursday,17-09-26,95523,44,Ghali Aziz,SOIL,16-09-26,A-2-4,29.00%,,Stockpile,V0-3,,,,,1,Sieve + Proctoer ,,APPROVED AS NOTED,DONE,3,LOGIC,1,,,
1821,Thursday,17-09-26,95524,44,Fawzy Al Rfaay,SOIL,16-09-26,A-4,46.60%,,Natural Ground,V0-3,VILLA 142,,,,1,Sieve analysis,,APPROVED AS NOTED,DONE,2,LOGIC,1,,,
1822,Thursday,17-09-26,95525,44,Fawzy Al Rfaay,SOIL,16-09-26,A-4,47.60%,,Bottom of excavation,V0-3,VILLA 143,,,,1,Sieve analysis,,APPROVED AS NOTED,DONE,2,LOGIC,1,,,
1823,Thursday,17-09-26,95526,44,Fawzy Al Rfaay,SOIL,16-09-26,A-4,48.80%,,Natural Ground,V0-3,VILLA 144,,,,1,Sieve analysis,,APPROVED AS NOTED,DONE,2,LOGIC,1,,,
1824,Thursday,17-09-26,95527,44,Hosny Mubarak,PLATE LOAD,16-09-26,,,,Fill,V0-3,BH-23,,22.9,,1,,,APPROVED AS NOTED,DONE,3,HELIOPOLIS,1,,,
1825,Thursday,17-09-26,95528,44,Al Ayed,SOIL,16-09-26,A-1-B,13.60%,,Stockpile,V0-3,,,,,1,Sieve analysis,,APPROVED AS NOTED,DONE,4,CEL,1,,,
1826,Thursday,17-09-26,95529,44,Al Farook,DPL,16-09-26,,,47.22,Fill,V0-3,VILLA 73,,LAYER-9,20.65,2,,,APPROVED AS NOTED,DONE,4,DR/ OMAR OSMAN,1,,,
1827,Thursday,17-09-26,95530,44,Al Farook,DPL,16-09-26,,,41.7,Fill,V0-3,VILLA 74,,LAYER-8,20.65,2,,,APPROVED AS NOTED,DONE,4,DR/ OMAR OSMAN,1,,,
1828,Thursday,17-09-26,95531,44,Al Ayed,DPL,16-09-26,,,37.5,Fill,V0-3,VILLA 159,,LAYER-3,19.65,2,,,APPROVED AS NOTED,DONE,4,DR/ OMAR OSMAN,1,,,
1829,Thursday,17-09-26,95532,44,Target,DPL,16-09-26,,,41.05,Fill,V0-3,VILLA 87,,LAYER-5,20.5,2,,,APPROVED AS NOTED,DONE,4,DR/ OMAR OSMAN,1,,,
1830,Thursday,17-09-26,95533,44,Target,DPL,16-09-26,,,39.7,Fill,V0-3,VILLA 88,,LAYER-5,20.5,2,,,APPROVED AS NOTED,DONE,4,DR/ OMAR OSMAN,1,,,
1831,Thursday,17-09-26,95534,44,AL ALamiaa,DPL,16-09-26,,,42.55,Fill,V0-3,VILLA 89,,LAYER-4,20,2,,,APPROVED AS NOTED,DONE,4,DR/ OMAR OSMAN,1,,,
1832,Thursday,17-09-26,95535,44,Abnaa Hetler,DPL,16-09-26,,,40.66,Fill,V0-3,VILLA 1,,LAYER-16,25.2,4,,,APPROVED AS NOTED,DONE,6,DR/ OMAR OSMAN,1,,,
1833,Thursday,17-09-26,95536,44,Abnaa Hetler,DPL,16-09-26,,,40.4,Fill,V0-3,VILLA 2,,LAYER-16,25.2,3,,,APPROVED AS NOTED,DONE,5,DR/ OMAR OSMAN,1,,,
1834,Thursday,17-09-26,95537,44,AL ALamiaa,DPL,16-09-26,,,47.3,Fill,V0-3,BH-17,,LAYER-7,20.5,13,,,APPROVED AS NOTED,DONE,15,DR/ OMAR OSMAN,1,,,
1835,Thursday,17-09-26,95538,44,Abnaa Hetler,DPL,14-09-26,,,41,Fill,V0-3,BH-11,,LAYER-17,23.65,12,,,APPROVED AS NOTED,DONE,14,DR/ OMAR OSMAN,3,,,
1836,Thursday,17-09-26,95539,44,Al Farook,DPL,16-09-26,,,54.5,Fill,V0-3,VILLA 71,,LAYER-8,20.9,3,,,APPROVED AS NOTED,DONE,5,DR/ OMAR OSMAN,1,,,
1837,Thursday,17-09-26,95540,44,EICO,DPL,16-09-26,,,44.7,Fill,V0-3,VILLA 78,,LAYER-1,16.7,2,,,APPROVED AS NOTED,DONE,4,DR/ OMAR OSMAN,1,,,
1838,Thursday,17-09-26,95541,44,EICO,DPL,16-09-26,,,41.7,Fill,V0-3,VILLA 79,,LAYER-1,16.7,2,,,APPROVED AS NOTED,DONE,4,DR/ OMAR OSMAN,1,,,
1839,Thursday,17-09-26,95542,44,EICO,DPL,16-09-26,,,40.6,Fill,V0-3,VILLA 80,,LAYER-1,16.95,2,,,APPROVED AS NOTED,DONE,4,DR/ OMAR OSMAN,1,,,
1840,Thursday,17-09-26,95543,44,Target,DPL,16-09-26,,,41.3,Fill,V0-3,RD-16 B,,LAYER-5,21,6,,,APPROVED AS NOTED,DONE,8,DR/ OMAR OSMAN,1,,,
1841,Thursday,17-09-26,95544,44,Hosny Mubarak,DPL,16-09-26,,,42.5,Fill,V0-3,VILLA 147,,LAYER-9,24.3,2,,,APPROVED AS NOTED,DONE,4,DR/ OMAR OSMAN,1,,,
1842,Thursday,17-09-26,95545,44,Hosny Mubarak,DPL,16-09-26,,,36,Fill,V0-3,VILLA 148,,LAYER-9,24.3,2,,,APPROVED AS NOTED,DONE,4,DR/ OMAR OSMAN,1,,,
1843,Thursday,17-09-26,95546,44,Hosny Mubarak,DPL,16-09-26,,,63.8,Fill,V0-3,RD-23,,LAYER-9,24.3,2,,,APPROVED AS NOTED,DONE,4,DR/ OMAR OSMAN,1,,,
1844,Thursday,17-09-26,95547,44,Al Motamayez,DPL,14-09-26,,,43.3,Fill,V0-3,BH-7,,LAYER-12,23,4,,,APPROVED AS NOTED,DONE,6,DR/ OMAR OSMAN,3,,,
1845,Thursday,17-09-26,95548,44,Al Motamayez,DPL,16-09-26,,,46.7,Fill,V0-3,VILLA 5,,LAYER-12,23.5,3,,,APPROVED AS NOTED,DONE,5,DR/ OMAR OSMAN,1,,,
1846,Thursday,17-09-26,95549,44,Al Motamayez,DPL,16-09-26,,,49,Fill,V0-3,RD-7(EX V 5),,LAYER-10,23.5,2,,,APPROVED AS NOTED,DONE,4,DR/ OMAR OSMAN,1,,,
1847,Thursday,17-09-26,95550,44,Al Farook,DPL,16-09-26,,,56,Fill,V0-3,RD-13,,LAYER-5,20.25,2,,,APPROVED AS NOTED,DONE,4,DR/ OMAR OSMAN,1,,,
1848,Thursday,17-09-26,95551,44,Fawzy Al Rfaay,SOIL,16-09-26,A-4,39.80%,,Bottom of excavation,V0-3,VILLA 137,,,,1,Sieve analysis,,APPROVED AS NOTED,DONE,2,LOGIC,1,,,
1849,Thursday,17-09-26,95552,44,Al Hamd,DPL,16-09-26,,,39,Fill,V0-3,RD-21',,LAYER-1,22.2,2,,,APPROVED AS NOTED,DONE,4,CEL,1,,,
1850,Thursday,17-09-26,95553,44,Abnaa Oraby,DPL,16-09-26,,,44.8,Fill,V0-3,VILLA 54,,LAYER-8,21.6,2,,,APPROVED AS NOTED,DONE,4,CEL,1,,,
1851,Thursday,17-09-26,95554,44,ARABCO,DPL,16-09-26,,,37.6,Fill,V0-3,VILLA 6,,LAYER-17,25.95,3,,,APPROVED AS NOTED,DONE,5,CEL,1,,,
1852,Thursday,17-09-26,95555,44,ARABCO,DPL,16-09-26,,,36,Fill,V0-3,VILLA 7,,LAYER-17,25.95,3,,,APPROVED AS NOTED,DONE,5,CEL,1,,,
1853,Thursday,17-09-26,95556,44,ARABCO,DPL,16-09-26,,,39.96,Fill,V0-3,VILLA 8,,LAYER-17,25.95,3,,,APPROVED AS NOTED,DONE,5,CEL,1,,,
1854,Thursday,17-09-26,95557,44,ARABCO,DPL,16-09-26,,,43.15,Fill,V0-3,RD-6(EX V 6),,LAYER-4,25.95,2,,,APPROVED AS NOTED,DONE,4,CEL,1,,,
1855,Thursday,17-09-26,95558,44,ARABCO,DPL,16-09-26,,,41.8,Fill,V0-3,RD-6(EX V 7),,LAYER-4,25.95,2,,,APPROVED AS NOTED,DONE,4,CEL,1,,,
1856,Thursday,17-09-26,95559,44,ARABCO,DPL,16-09-26,,,40.05,Fill,V0-3,RD-6(EX V 8),,LAYER-4,25.95,2,,,APPROVED AS NOTED,DONE,4,CEL,1,,,
1857,Thursday,17-09-26,95560,44,ARABCO,DPL,16-09-26,,,40,Fill,V0-3,BH-6,,LAYER-15,24.15,5,,,APPROVED AS NOTED,DONE,7,CEL,1,,,
1858,Thursday,17-09-26,95561,44,Arabco 2,DPL,16-09-26,,,39.04,Fill,V0-3,BH-5,,LAYER-9,22.65,5,,,APPROVED AS NOTED,DONE,7,CEL,1,,,
1859,Thursday,17-09-26,95562,44,Al Ehsan,DPL,16-09-26,,,39,Fill,V0-3,VILLA 40,,LAYER-10,23.4,2,,,APPROVED AS NOTED,DONE,4,CEL,1,,,
1860,Thursday,17-09-26,95563,44,Al Ehsan,DPL,16-09-26,,,37.5,Fill,V0-3,VILLA 41,,LAYER-10,23.4,2,,,APPROVED AS NOTED,DONE,4,CEL,1,,,
1861,Thursday,17-09-26,95564,44,Al Ehsan,DPL,16-09-26,,,39.85,Fill,V0-3,VILLA 42,,LAYER-10,23.4,2,,,APPROVED AS NOTED,DONE,4,CEL,1,,,
1862,Thursday,17-09-26,95565,44,Al Ehsan,DPL,16-09-26,,,37,Fill,V0-3,VILLA 43,,LAYER-10,23.4,2,,,APPROVED AS NOTED,DONE,4,HELIOPOLIS,1,,,
1863,Thursday,17-09-26,95566,44,Al Ehsan,DPL,16-09-26,,,45.7,Fill,V0-3,VILLA 44,,LAYER-10,23.4,2,,,APPROVED AS NOTED,DONE,4,CEL,1,,,
1864,Thursday,17-09-26,95567,44,Al Hamd,DPL,16-09-26,,,40.05,Fill,V0-3,VILLA 117,,LAYER-1,22.2,2,,,APPROVED AS NOTED,DONE,4,CEL,1,,,
1865,Thursday,17-09-26,95568,44,Al Ehsan,DPL,16-09-26,,,43.9,Fill,V0-3,BH-10,,LAYER-10,22.65,6,,,APPROVED AS NOTED,DONE,8,CEL,1,,,
1866,Thursday,17-09-26,95569,44,Al Qimam,DPL,16-09-26,,,45.96,Fill,V0-3,BH-2,,LAYER-14,24.1,6,,,APPROVED AS NOTED,DONE,8,CEL,1,,,
1867,Thursday,17-09-26,95570,44,Al Qimam,DPL,16-09-26,,,39.2,Fill,V0-3,VILLA 18,,LAYER-12,25.6,3,,,APPROVED AS NOTED,DONE,5,CEL,1,,,
1868,Thursday,17-09-26,95571,44,Al Qimam,DPL,16-09-26,,,40.75,Fill,V0-3,RD-2(EX V 18),,LAYER-3,25.6,2,,,APPROVED AS NOTED,DONE,4,CEL,1,,,
1869,Thursday,17-09-26,95572,44,Al Qimam,DPL,16-09-26,,,49.15,Fill,V0-3,RD-2,,LAYER-10,25.6,2,,,APPROVED AS NOTED,DONE,4,CEL,1,,,
1870,Thursday,17-09-26,95573,44,Al Kifah,DPL,16-09-26,,,45.77,Fill,V0-3,RD-1,,LAYER-7,23.5,17,,,APPROVED AS NOTED,DONE,19,CEL,1,,,
1871,Thursday,17-09-26,95574,44,Al Masria 2,DPL,16-09-26,,,38,Fill,V0-3,BH-19,,LAYER-2,20.1,2,,,APPROVED AS NOTED,DONE,4,HELIOPOLIS,1,,,
1872,Thursday,17-09-26,95575,44,Hosny Mubarak,DPL,16-09-26,,,49.75,Fill,V0-3,VILLA 12,,LAYER-15,26.4,2,,,APPROVED AS NOTED,DONE,4,CEL,1,,,
1873,Thursday,17-09-26,95576,44,Hosny Mubarak,DPL,16-09-26,,,49.45,Fill,V0-3,VILLA 13,,LAYER-14,26.4,2,,,APPROVED AS NOTED,DONE,4,CEL,1,,,
1874,Thursday,17-09-26,95577,44,Hosny Mubarak,DPL,16-09-26,,,46.3,Fill,V0-3,RD-4(EX V 13),,LAYER-2,26.4,2,,,APPROVED AS NOTED,DONE,4,CEL,1,,,
1875,Thursday,17-09-26,95578,44,Hosny Mubarak,DPL,16-09-26,,,37.35,Fill,V0-3,VILLA 9,,LAYER-18,27.2,2,,,APPROVED AS NOTED,DONE,4,HELIOPOLIS,1,,,
1876,Thursday,17-09-26,95579,44,Hosny Mubarak,DPL,16-09-26,,,48.8,Fill,V0-3,VILLA 10,,LAYER-18,27.2,2,,,APPROVED AS NOTED,DONE,4,HELIOPOLIS,1,,,
1877,Thursday,17-09-26,95580,44,Hosny Mubarak,DPL,16-09-26,,,48.7,Fill,V0-3,VILLA 11,,LAYER-18,27.2,2,,,APPROVED AS NOTED,DONE,4,HELIOPOLIS,1,,,
1878,Thursday,17-09-26,95581,44,Hosny Mubarak,DPL,16-09-26,,,48.9,Fill,V0-3,RD-4(EX V 9),,LAYER-8,27.2,2,,,APPROVED AS NOTED,DONE,4,HELIOPOLIS,1,,,
1879,Thursday,17-09-26,95582,44,Hosny Mubarak,DPL,16-09-26,,,40.9,Fill,V0-3,RD-4(EX V 10),,LAYER-8,27.2,2,,,APPROVED AS NOTED,DONE,4,HELIOPOLIS,1,,,
1880,Thursday,17-09-26,95583,44,ROCK,DPL,16-09-26,,,39.3,Fill,V0-3,VILLA 57,,LAYER-11,22.5,2,,,APPROVED AS NOTED,DONE,4,CEL,1,,,
1881,Thursday,17-09-26,95584,44,ROCK,DPL,16-09-26,,,36.55,Fill,V0-3,VILLA 58,,LAYER-11,22.5,2,,,APPROVED AS NOTED,DONE,4,CEL,1,,,
1882,Thursday,17-09-26,95585,44,ROCK,DPL,16-09-26,,,37.55,Fill,V0-3,VILLA 59,,LAYER-11,22.5,2,,,APPROVED AS NOTED,DONE,4,CEL,1,,,
1883,Thursday,17-09-26,95586,44,Samy Asaad,DPL,16-09-26,,,42.36,Fill,V0-3,VILLA 109,,LAYER-8,24.05,3,,,APPROVED AS NOTED,DONE,5,CEL,1,,,
1884,Thursday,17-09-26,95587,44,Samy Asaad,DPL,16-09-26,,,38.03,Fill,V0-3,VILLA 111,,LAYER-7,24.05,3,,,APPROVED AS NOTED,DONE,5,CEL,1,,,
1885,Thursday,17-09-26,95588,44,Samy Asaad,DPL,16-09-26,,,45.9,Fill,V0-3,BH-20,,LAYER-2,20,4,,,APPROVED AS NOTED,DONE,6,HELIOPOLIS,1,,,
1886,Thursday,17-09-26,95589,44,Samy Asaad,DPL,16-09-26,,,41,Fill,V0-3,BH-20',,LAYER-2,20,4,,,APPROVED AS NOTED,DONE,6,HELIOPOLIS,1,,,
1887,Thursday,17-09-26,95590,44,Al Kifah,SAND CONE,16-09-26,,,,Fill,V0-3,VILLA 47,,LAYER-5,20.75,2,,,APPROVED AS NOTED,DONE,2,HELIOPOLIS,1,,,
1888,Thursday,17-09-26,95591,44,Al Kifah,SAND CONE,16-09-26,,,,Fill,V0-3,VILLA 48,,LAYER-6,20.75,2,,,APPROVED AS NOTED,DONE,2,HELIOPOLIS,1,,,
1889,Thursday,17-09-26,95592,44,Al Kifah,SAND CONE,16-09-26,,,,Fill,V0-3,VILLA 49,,LAYER-5,20.75,2,,,APPROVED AS NOTED,DONE,2,HELIOPOLIS,1,,,
1890,Thursday,17-09-26,95593,44,Al Kifah,SAND CONE,16-09-26,,,,Fill,V0-3,VILLA 51,,LAYER-6,20.75,2,,,APPROVED AS NOTED,DONE,2,HELIOPOLIS,1,,,
1891,Thursday,17-09-26,95594,44,Al Kifah,SAND CONE,16-09-26,,,,Fill,V0-3,RD-9,,LAYER-3,21,6,,,APPROVED AS NOTED,DONE,2,HELIOPOLIS,1,,,
1892,Saturday,19-09-26,95492,44,Al Qimam,DPL,15-09-26,,,37.95,Fill,V0-3,VILLA 14,,LAYER-12,25.6,2,,,APPROVED AS NOTED,DONE,4,CEL,4,,,
1893,Saturday,19-09-26,95595,44,Abnaa Hetler,DPL,17-09-26,,,45.75,Fill,V0-3,BH-11',,LAYER-17,23.65,13,,,APPROVED AS NOTED,DONE,15,DR/ OMAR OSMAN,2,,,
1894,Saturday,19-09-26,95596,44,Abnaa Hetler,DPL,17-09-26,,,45.9,Fill,V0-3,BH-11,,LAYER-18,23.9,11,,,APPROVED AS NOTED,DONE,13,DR/ OMAR OSMAN,2,,,
1895,Saturday,19-09-26,95597,44,Target,DPL,17-09-26,,,44.3,Fill,V0-3,RD-16 B,,LAYER-6,21.5,5,,,APPROVED AS NOTED,DONE,7,DR/ OMAR OSMAN,2,,,
1896,Saturday,19-09-26,95598,44,Target,DPL,17-09-26,,,49.3,Fill,V0-3,BH-16,,LAYER-4,21.5,4,,,APPROVED AS NOTED,DONE,6,DR/ OMAR OSMAN,2,,,
1897,Saturday,19-09-26,95599,44,Al Motamayez,DPL,17-09-26,,,44.5,Fill,V0-3,RD-7(EX V 5),,LAYER-11,24,2,,,APPROVED AS NOTED,DONE,4,DR/ OMAR OSMAN,2,,,
1898,Saturday,19-09-26,95600,44,Al Motamayez,DPL,17-09-26,,,39.4,Fill,V0-3,RD-7(EX V 4),,LAYER-15,25,2,,,APPROVED AS NOTED,DONE,4,DR/ OMAR OSMAN,2,,,
1899,Saturday,19-09-26,95601,44,EICO,DPL,17-09-26,,,59.1,Fill,V0-3,VILLA 80,,LAYER-2,17.45,2,,,APPROVED AS NOTED,DONE,4,DR/ OMAR OSMAN,2,,,
1900,Saturday,19-09-26,95602,44,EICO,DPL,17-09-26,,,44.25,Fill,V0-3,VILLA 79,,LAYER-2,17.45,2,,,APPROVED AS NOTED,DONE,4,DR/ OMAR OSMAN,2,,,
1901,Saturday,19-09-26,95603,44,EICO,DPL,17-09-26,,,42.8,Fill,V0-3,VILLA 78,,LAYER-2,17.45,2,,,APPROVED AS NOTED,DONE,4,DR/ OMAR OSMAN,2,,,
1902,Saturday,19-09-26,95604,44,EICO,DPL,17-09-26,,,45.5,Fill,V0-3,VILLA 77,,LAYER-1,17.2,2,,,APPROVED AS NOTED,DONE,4,DR/ OMAR OSMAN,2,,,
1903,Saturday,19-09-26,95605,44,EICO,DPL,17-09-26,,,57.6,Fill,V0-3,VILLA 76,,LAYER-1,17.2,2,,,APPROVED AS NOTED,DONE,4,DR/ OMAR OSMAN,2,,,
1904,Saturday,19-09-26,95606,44,EICO,DPL,17-09-26,,,58.6,Fill,V0-3,VILLA 75,,LAYER-1,17.2,2,,,APPROVED AS NOTED,DONE,4,DR/ OMAR OSMAN,2,,,
1905,Saturday,19-09-26,95607,44,AL ALamiaa,DPL,17-09-26,,,50,Fill,V0-3,VILLA 94,,LAYER-9,22,2,,,APPROVED AS NOTED,DONE,4,DR/ OMAR OSMAN,2,,,
1906,Saturday,19-09-26,95608,44,AL ALamiaa,DPL,17-09-26,,,43.6,Fill,V0-3,VILLA 98,,LAYER-7,22,2,,,APPROVED AS NOTED,DONE,4,DR/ OMAR OSMAN,2,,,
1907,Saturday,19-09-26,95609,44,Al Motamayez,DPL,17-09-26,,,40.3,Fill,V0-3,VILLA 5,,LAYER-13,24,3,,,APPROVED AS NOTED,DONE,5,DR/ OMAR OSMAN,2,,,
1908,Saturday,19-09-26,95610,44,AL ALamiaa,DPL,17-09-26,,,43,Fill,V0-3,VILLA 97,,LAYER-7,22,2,,,APPROVED AS NOTED,DONE,4,DR/ OMAR OSMAN,2,,,
1909,Saturday,19-09-26,95611,44,AL ALamiaa,DPL,17-09-26,,,38.5,Fill,V0-3,VILLA 93,,LAYER-8,22,2,,,APPROVED AS NOTED,DONE,4,DR/ OMAR OSMAN,2,,,
1910,Saturday,19-09-26,95612,44,AL ALamiaa,DPL,17-09-26,,,38,Fill,V0-3,VILLA 95,,LAYER-9,22,2,,,APPROVED AS NOTED,DONE,4,DR/ OMAR OSMAN,2,,,
1911,Saturday,19-09-26,95613,44,AL ALamiaa,DPL,17-09-26,,,43.22,Fill,V0-3,VILLA 96,,LAYER-8,22,2,,,APPROVED AS NOTED,DONE,4,DR/ OMAR OSMAN,2,,,
1912,Saturday,19-09-26,95614,44,Al Motamayez,DPL,17-09-26,,,45.6,Fill,V0-3,VILLA 4,,LAYER-15,25,2,,,APPROVED AS NOTED,DONE,4,DR/ OMAR OSMAN,2,,,
1913,Saturday,19-09-26,95615,44,Al Motamayez,DPL,17-09-26,,,44.5,Fill,V0-3,VILLA 3,,LAYER-15,25,2,,,APPROVED AS NOTED,DONE,4,DR/ OMAR OSMAN,2,,,
1914,Saturday,19-09-26,95616,44,Al Ayed,DPL,17-09-26,,,42.3,Fill,V0-3,VILLA 157,,LAYER-4,19.65,2,,,APPROVED AS NOTED,DONE,4,DR/ OMAR OSMAN,2,,,
1915,Saturday,19-09-26,95617,44,Al Ayed,DPL,17-09-26,,,48.6,Fill,V0-3,VILLA 160,,LAYER-3,19.65,2,,,APPROVED AS NOTED,DONE,4,DR/ OMAR OSMAN,2,,,
1916,Saturday,19-09-26,95618,44,Al Ayed,DPL,17-09-26,,,47.4,Fill,V0-3,VILLA 164,,LAYER-2,20.4,2,,,APPROVED AS NOTED,DONE,4,DR/ OMAR OSMAN,2,,,
1917,Saturday,19-09-26,95619,44,Target,DPL,17-09-26,,,57.95,Fill,V0-3,VILLA 85,,LAYER-7,21.5,2,,,APPROVED AS NOTED,DONE,4,DR/ OMAR OSMAN,2,,,
1918,Saturday,19-09-26,95620,44,Target,DPL,17-09-26,,,53.6,Fill,V0-3,VILLA 86,,LAYER-7,21.5,2,,,APPROVED AS NOTED,DONE,4,DR/ OMAR OSMAN,2,,,
1919,Saturday,19-09-26,95621,44,Target,DPL,17-09-26,,,42.3,Fill,V0-3,VILLA 84,,LAYER-7,21.5,2,,,APPROVED AS NOTED,DONE,4,DR/ OMAR OSMAN,2,,,
1920,Saturday,19-09-26,95622,44,Target,DPL,17-09-26,,,37.5,Fill,V0-3,VILLA 83,,LAYER-5,21.5,2,,,APPROVED AS NOTED,DONE,4,DR/ OMAR OSMAN,2,,,
1921,Saturday,19-09-26,95623,44,Target,DPL,17-09-26,,,62.5,Fill,V0-3,VILLA 82,,LAYER-7,21.5,2,,,APPROVED AS NOTED,DONE,4,DR/ OMAR OSMAN,2,,,
1922,Saturday,19-09-26,95624,44,Target,DPL,17-09-26,,,54.3,Fill,V0-3,VILLA 81,,LAYER-8,21.5,2,,,APPROVED AS NOTED,DONE,4,DR/ OMAR OSMAN,2,,,
1923,Saturday,19-09-26,95625,44,AL ALamiaa,DPL,17-09-26,,,39.3,Fill,V0-3,VILLA 89,,LAYER-5,20.5,2,,,APPROVED AS NOTED,DONE,4,DR/ OMAR OSMAN,2,,,
1924,Saturday,19-09-26,95626,44,Al Motamayez,DPL,17-09-26,,,36.5,Fill,V0-3,RD-7(EX V 3),,LAYER-15,25,2,,,APPROVED AS NOTED,DONE,4,DR/ OMAR OSMAN,2,,,
1925,Saturday,19-09-26,95627,44,Target,DPL,17-09-26,,,40,Fill,V0-3,RD-16 A,,LAYER-4,21.5,2,,,APPROVED AS NOTED,DONE,4,DR/ OMAR OSMAN,2,,,
1926,Saturday,19-09-26,95629,44,Al Selme,SOIL,17-09-26,A-1-B,14.20%,,Stockpile,V0-3,,,,,1,Sieve + Proctoer ,,APPROVED AS NOTED,DONE,3,LOGIC,2,,,
1927,Saturday,19-09-26,95630,44,Hosny Mubarak,SOIL,17-09-26,A-1-B,18.20%,,Stockpile,V0-3,,,,,1,Sieve + Proctoer ,,APPROVED AS NOTED,DONE,3,LOGIC,2,,,
1928,Saturday,19-09-26,95631,44,Abnaa Oraby,PLATE LOAD,17-09-26,,,,Fill,V0-3,BH-9',,21.1,,1,,2493,APPROVED AS NOTED,DONE,3,HELIOPOLIS,2,,,
1929,Saturday,19-09-26,95632,44,Abnaa Oraby,PLATE LOAD,17-09-26,,,,Fill,V0-3,RD-9',,21.1,,1,,990,APPROVED AS NOTED,DONE,3,GLOBAL LAB,2,,,
1930,Saturday,19-09-26,95633,44,Al Ehsan,PLATE LOAD,17-09-26,,,,Fill,V0-3,VILLA 39,,23.4,,1,,500,APPROVED AS NOTED,DONE,3,HELIOPOLIS,2,,,
1931,Saturday,19-09-26,95634,44,Al Ehsan,PLATE LOAD,17-09-26,,,,Fill,V0-3,VILLA 40,,23.4,,1,,500,APPROVED AS NOTED,DONE,3,HELIOPOLIS,2,,,
1932,Saturday,19-09-26,95635,44,Al Ehsan,PLATE LOAD,17-09-26,,,,Fill,V0-3,VILLA 41,,23.4,,1,,500,APPROVED AS NOTED,DONE,3,HELIOPOLIS,2,,,
1933,Saturday,19-09-26,95636,44,Al Ehsan,PLATE LOAD,17-09-26,,,,Fill,V0-3,VILLA 42,,23.4,,1,,500,APPROVED AS NOTED,DONE,3,HELIOPOLIS,2,,,
1934,Saturday,19-09-26,95637,44,Al Ehsan,PLATE LOAD,17-09-26,,,,Fill,V0-3,VILLA 44,,23.4,,1,,500,APPROVED AS NOTED,DONE,3,HELIOPOLIS,2,,,
1935,Saturday,19-09-26,95638,44,ROCK,PLATE LOAD,17-09-26,,,,Fill,V0-3,VILLA 57,,22.5,,1,,816,APPROVED AS NOTED,DONE,3,GLOBAL LAB,2,,,
1936,Saturday,19-09-26,95639,44,ROCK,PLATE LOAD,17-09-26,,,,Fill,V0-3,VILLA 58,,22.5,,1,,687,APPROVED AS NOTED,DONE,3,HELIOPOLIS,2,,,
1937,Saturday,19-09-26,95640,44,ROCK,PLATE LOAD,17-09-26,,,,Fill,V0-3,VILLA 60,,21.95,,1,,892,APPROVED AS NOTED,DONE,3,HELIOPOLIS,2,,,
1938,Saturday,19-09-26,95641,44,Al Kifah,PLATE LOAD,17-09-26,,,,Fill,V0-3,BH-1,,25,,1,,2100,APPROVED AS NOTED,DONE,3,GLOBAL LAB,2,,,
1939,Saturday,19-09-26,95642,44,Al Farook,PLATE LOAD,17-09-26,,,,Fill,V0-3,RD-13,,20.25,,1,,1000,APPROVED AS NOTED,DONE,3,HELIOPOLIS,2,,,
1940,Saturday,19-09-26,95643,44,Abnaa Hetler,SOIL,17-09-26,A-1-B,3.40%,,Stockpile,V0-3,,,,,1,Sieve + Proctoer ,,APPROVED AS NOTED,DONE,4,CEL,2,,,
1941,Saturday,19-09-26,95644,44,Abnaa Hetler,SOIL,17-09-26,A-1-B,4.60%,,Stockpile,V0-3,,,,,1,Sieve + Proctoer ,,APPROVED AS NOTED,DONE,4,CEL,2,,,
1942,Saturday,19-09-26,95645,44,AL ALamiaa,SOIL,17-09-26,A-1-B,4.80%,,Stockpile,V0-3,,,,,1,Sieve + Proctoer ,,APPROVED AS NOTED,DONE,4,CEL,2,,,
1943,Saturday,19-09-26,95646,44,Al Motamayez,SOIL,17-09-26,A-1-B,21.00%,,Stockpile,V0-3,,,,,1,Sieve + Proctoer ,,APPROVED AS NOTED,DONE,4,CEL,2,,,
1944,Saturday,19-09-26,95647,44,Target,SOIL,17-09-26,A-1-B,17.00%,,Stockpile,V0-3,,,,,1,Sieve + Proctoer ,,APPROVED AS NOTED,DONE,4,CEL,2,,,
1945,Saturday,19-09-26,95648,44,Hosny Mubarak,SOIL,17-09-26,A-1-B,18.20%,,Stockpile,V0-3,,,,,1,Sieve + Proctoer ,,APPROVED AS NOTED,DONE,4,CEL,2,,,
1946,Saturday,19-09-26,95649,44,Al Saman,SOIL,17-09-26,A-1-B,18.00%,,Natural Ground,V0-3,BH-14 A,,,,1,Sieve analysis,,APPROVED AS NOTED,DONE,3,CEL,2,,,
1947,Saturday,19-09-26,95650,44,Al Saman,SOIL,17-09-26,A-1-B,12.40%,,Natural Ground,V0-3,BH-14 C,,,,1,Sieve analysis,,APPROVED AS NOTED,DONE,3,CEL,2,,,
1948,Saturday,19-09-26,95651,44,Al Qimam,DPL,15-09-26,,,40.7,Fill,V0-3,VILLA 15,,LAYER-12,25.6,2,,,APPROVED AS NOTED,DONE,4,CEL,4,,,
1949,Saturday,19-09-26,95652,44,ROCK,DPL,14-09-26,,,41.8,Fill,V0-3,RD-8,,LAYER-3,20.05,2,,,APPROVED AS NOTED,DONE,4,HELIOPOLIS,5,,,
1950,Saturday,19-09-26,95653,44,ROCK,DPL,15-09-26,,,38,Fill,V0-3,RD-8,,LAYER-4,20.55,2,,,APPROVED AS NOTED,DONE,4,HELIOPOLIS,4,,,
1951,Saturday,19-09-26,95654,44,ROCK,DPL,11-09-26,,,42.6,Fill,V0-3,VILLA 57,,LAYER-10,22,2,,,APPROVED AS NOTED,DONE,4,HELIOPOLIS,8,,,
1952,Saturday,19-09-26,95655,44,Arabco 2,DPL,14-09-26,,,36.5,Fill,V0-3,VILLA 35,,LAYER-11,23.5,2,,,APPROVED AS NOTED,DONE,4,HELIOPOLIS,5,,,
1953,Saturday,19-09-26,95656,44,Ghali Aziz,DPL,16-09-26,,,49.6,Fill,V0-3,VILLA 30,,LAYER-4,21.25,3,,,APPROVED AS NOTED,DONE,5,HELIOPOLIS,3,,,
1954,Saturday,19-09-26,95657,44,Ghali Aziz,DPL,10-09-26,,,70,Fill,V0-3,VILLA 30,,LAYER-3,20.75,2,,,APPROVED AS NOTED,DONE,4,HELIOPOLIS,9,,,
1955,Saturday,19-09-26,95658,44,Al Motamayez,DPL,18-09-26,,,36.9,Fill,V0-3,VILLA 5,,LAYER-14,24.5,2,,,APPROVED AS NOTED,DONE,4,DR/ OMAR OSMAN,1,,,
1956,Saturday,19-09-26,95659,44,Al Motamayez,DPL,18-09-26,,,41.5,Fill,V0-3,RD-7(EX V 5),,LAYER-12,24.5,2,,,APPROVED AS NOTED,DONE,4,DR/ OMAR OSMAN,1,,,
1957,Saturday,19-09-26,95660,44,Al Motamayez,DPL,18-09-26,,,55.6,Fill,V0-3,BH-7,,LAYER-14,23.5,4,,,APPROVED AS NOTED,DONE,6,DR/ OMAR OSMAN,1,,,
1958,Saturday,19-09-26,95661,44,Abnaa Hetler,DPL,18-09-26,,,49.8,Fill,V0-3,BH-11',,LAYER-18,23.9,12,,,APPROVED AS NOTED,DONE,14,DR/ OMAR OSMAN,1,,,
1959,Saturday,19-09-26,95662,44,Abnaa Hetler,DPL,18-09-26,,,40.9,Fill,V0-3,VILLA 1,,LAYER-17,25.7,3,,,APPROVED AS NOTED,DONE,5,DR/ OMAR OSMAN,1,,,
1960,Saturday,19-09-26,95663,44,Abnaa Hetler,DPL,18-09-26,,,41.9,Fill,V0-3,VILLA 2,,LAYER-17,25.7,4,,,APPROVED AS NOTED,DONE,6,DR/ OMAR OSMAN,1,,,
1961,Saturday,19-09-26,95664,44,Arabco 2,DPL,15-09-26,,,36.9,Fill,V0-3,VILLA 35,,LAYER-12,24,3,,,APPROVED AS NOTED,DONE,5,CEL,4,,,
1962,Saturday,19-09-26,95628,44,Abnaa Oraby,DPL,17-09-26,,,41.2,Fill,V0-3,VILLA 56,,LAYER-10,22.1,2,,,APPROVED AS NOTED,DONE,4,CEL,2,,,
1963,Saturday,19-09-26,95665,44,Arabco,DPL,11-09-26,,,37.5,Fill,V0-3,BH-6,,LAYER-16,24.4,4,,,APPROVED AS NOTED,DONE,6,HELIOPOLIS,8,,,
1964,Saturday,19-09-26,95666,44,Arabco,DPL,18-09-26,,,37.6,Fill,V0-3,VILLA 7,,LAYER-18,26.45,3,,,APPROVED AS NOTED,DONE,5,HELIOPOLIS,1,,,
1965,Saturday,19-09-26,95667,44,Arabco,DPL,18-09-26,,,37.6,Fill,V0-3,RD-6(EX V 7),,LAYER-5,26.45,3,,,APPROVED AS NOTED,DONE,5,HELIOPOLIS,1,,,
1966,Saturday,19-09-26,95668,44,Arabco,DPL,18-09-26,,,38,Fill,V0-3,VILLA 6,,LAYER-18,26.55,3,,,APPROVED AS NOTED,DONE,5,HELIOPOLIS,1,,,
1967,Saturday,19-09-26,95669,44,Arabco,DPL,18-09-26,,,36.9,Fill,V0-3,RD-6(EX V 6),,LAYER-5,26.45,2,,,APPROVED AS NOTED,DONE,4,HELIOPOLIS,1,,,
1968,Saturday,19-09-26,95670,44,Arabco,DPL,18-09-26,,,39.2,Fill,V0-3,VILLA 8,,LAYER-18,26.45,3,,,APPROVED AS NOTED,DONE,5,HELIOPOLIS,1,,,
1969,Saturday,19-09-26,95671,44,Arabco,DPL,18-09-26,,,39.5,Fill,V0-3,RD-6(EX V 8),,LAYER-5,26.45,2,,,APPROVED AS NOTED,DONE,4,HELIOPOLIS,1,,,
1970,Saturday,19-09-26,95672,44,Arabco 2,DPL,18-09-26,,,38.5,Fill,V0-3,VILLA 33,,LAYER-12,24.5,3,,,APPROVED AS NOTED,DONE,5,HELIOPOLIS,1,,,
1971,Saturday,19-09-26,95673,44,Arabco 2,DPL,18-09-26,,,62.35,Fill,V0-3,VILLA 34,,LAYER-13,24.5,3,,,APPROVED AS NOTED,DONE,5,HELIOPOLIS,1,,,
1972,Saturday,19-09-26,95674,44,Arabco 2,DPL,18-09-26,,,36.8,Fill,V0-3,RD-5,,LAYER-3,24.5,2,,,APPROVED AS NOTED,DONE,4,HELIOPOLIS,1,,,
1973,Saturday,19-09-26,95675,44,Al Ehsan,DPL,17-09-26,,,40.32,Fill,V0-3,RD-10,,LAYER-7,23.4,5,,,APPROVED AS NOTED,DONE,7,CEL,2,,,
1974,Saturday,19-09-26,95676,44,Al Hamd,DPL,17-09-26,,,38.85,Fill,V0-3,VILLA 122,,LAYER-2,20.9,2,,,APPROVED AS NOTED,DONE,4,CEL,2,,,
1975,Saturday,19-09-26,95677,44,Al Hamd,DPL,17-09-26,,,40.6,Fill,V0-3,VILLA 123,,LAYER-2,20.9,2,,,APPROVED AS NOTED,DONE,4,CEL,2,,,
1976,Saturday,19-09-26,95678,44,Al Hamd,DPL,17-09-26,,,42.5,Fill,V0-3,VILLA 124,,LAYER-2,20.9,2,,,APPROVED AS NOTED,DONE,4,CEL,2,,,
1977,Saturday,19-09-26,95679,44,Al Hamd,DPL,17-09-26,,,40.05,Fill,V0-3,VILLA 125,,LAYER-3,20.9,2,,,APPROVED AS NOTED,DONE,4,CEL,2,,,
1978,Saturday,19-09-26,95680,44,Al Hamd,DPL,17-09-26,,,39.7,Fill,V0-3,VILLA 126,,LAYER-4,20.9,2,,,APPROVED AS NOTED,DONE,4,CEL,2,,,
1979,Saturday,19-09-26,95681,44,Al Hamd,DPL,17-09-26,,,40.75,Fill,V0-3,VILLA 127,,LAYER-4,20.9,2,,,APPROVED AS NOTED,DONE,4,CEL,2,,,
1980,Saturday,19-09-26,95682,44,Al Hamd,DPL,17-09-26,,,39.5,Fill,V0-3,VILLA 118,,LAYER-1,22.2,2,,,APPROVED AS NOTED,DONE,4,CEL,2,,,
1981,Saturday,19-09-26,95683,44,Al Selme,DPL,17-09-26,,,37.5,Fill,V0-3,VILLA 116,,LAYER-3,23.2,3,,,APPROVED AS NOTED,DONE,5,HELIOPOLIS,2,,,
1982,Saturday,19-09-26,95684,44,Al Selme,DPL,17-09-26,,,39.5,Fill,V0-3,VILLA 112,,LAYER-4,23.2,3,,,APPROVED AS NOTED,DONE,5,CEL,2,,,
1983,Saturday,19-09-26,95685,44,Al Selme,DPL,17-09-26,,,42.45,Fill,V0-3,VILLA 113,,LAYER-3,23.2,2,,,APPROVED AS NOTED,DONE,4,CEL,2,,,
1984,Saturday,19-09-26,95686,44,Al Selme,DPL,17-09-26,,,41.2,Fill,V0-3,VILLA 114,,LAYER-3,23.2,2,,,APPROVED AS NOTED,DONE,4,CEL,2,,,
1985,Saturday,19-09-26,95687,44,Al Selme,DPL,17-09-26,,,40.4,Fill,V0-3,VILLA 115,,LAYER-3,23.2,2,,,APPROVED AS NOTED,DONE,4,CEL,2,,,
1986,Saturday,19-09-26,95688,44,Al Qimam,DPL,17-09-26,,,46.95,Fill,V0-3,VILLA 14,,LAYER-13,26.1,2,,,APPROVED AS NOTED,DONE,4,CEL,2,,,
1987,Saturday,19-09-26,95689,44,Al Qimam,DPL,17-09-26,,,37.65,Fill,V0-3,VILLA 15,,LAYER-13,26.1,2,,,APPROVED AS NOTED,DONE,4,CEL,2,,,
1988,Saturday,19-09-26,95690,44,Al Qimam,DPL,17-09-26,,,40.5,Fill,V0-3,VILLA 16,,LAYER-13,26.1,2,,,APPROVED AS NOTED,DONE,4,CEL,2,,,
1989,Saturday,19-09-26,95691,44,Al Qimam,DPL,17-09-26,,,57.85,Fill,V0-3,VILLA 17,,LAYER-13,26.1,2,,,APPROVED AS NOTED,DONE,4,CEL,2,,,
1990,Saturday,19-09-26,95692,44,Al Qimam,DPL,17-09-26,,,39.5,Fill,V0-3,VILLA 18,,LAYER-12,25.6,3,,,APPROVED AS NOTED,DONE,5,CEL,2,,,
1991,Saturday,19-09-26,95693,44,Al Qimam,DPL,17-09-26,,,42.8,Fill,V0-3,RD-2(EX V 16),,LAYER-4,26.1,2,,,APPROVED AS NOTED,DONE,4,CEL,2,,,
1992,Saturday,19-09-26,95694,44,Al Qimam,DPL,17-09-26,,,39.15,Fill,V0-3,RD-2(EX V 17),,LAYER-4,26.1,2,,,APPROVED AS NOTED,DONE,4,CEL,2,,,
1993,Saturday,19-09-26,95695,44,Al Qimam,DPL,17-09-26,,,47.3,Fill,V0-3,RD-2(EX V 19),,LAYER-3,26.1,2,,,APPROVED AS NOTED,DONE,4,CEL,2,,,
1994,Saturday,19-09-26,95696,44,Al Qimam,DPL,17-09-26,,,37.45,Fill,V0-3,RD-2(EX V 15),,LAYER-4,26.1,2,,,APPROVED AS NOTED,DONE,4,CEL,2,,,
1995,Saturday,19-09-26,95697,44,Al Kifah,DPL,17-09-26,,,37.5,Fill,V0-3,VILLA 21,,LAYER-14,26.5,2,,,APPROVED AS NOTED,DONE,4,HELIOPOLIS,2,,,
1996,Saturday,19-09-26,95698,44,Al Kifah,DPL,17-09-26,,,39,Fill,V0-3,RD-1(EX V 20:22),,LAYER-4,26.5,2,,,APPROVED AS NOTED,DONE,4,HELIOPOLIS,2,,,
1997,Saturday,19-09-26,95699,44,Al Kifah,DPL,17-09-26,,,40.3,Fill,V0-3,BH-1,,LAYER-17,25,5,,,APPROVED AS NOTED,DONE,7,HELIOPOLIS,2,,,
1998,Saturday,19-09-26,95700,44,Al Kifah,DPL,17-09-26,,,39,Fill,V0-3,VILLA 20,,LAYER-14,26.5,3,,,APPROVED AS NOTED,DONE,5,HELIOPOLIS,2,,,
1999,Saturday,19-09-26,95701,44,Al Masria 2,DPL,17-09-26,,,40.35,Fill,V0-3,VILLA 106,,LAYER-2,20.35,2,,,APPROVED AS NOTED,DONE,4,CEL,2,,,
2000,Saturday,19-09-26,95702,44,Al Masria 2,DPL,17-09-26,,,41.2,Fill,V0-3,VILLA 107,,LAYER-2,20.35,2,,,APPROVED AS NOTED,DONE,4,CEL,2,,,
2001,Saturday,19-09-26,95703,44,Al Masria 2,DPL,17-09-26,,,41.85,Fill,V0-3,VILLA 108,,LAYER-2,20.35,2,,,APPROVED AS NOTED,DONE,4,CEL,2,,,
2002,Saturday,19-09-26,95704,44,Hosny Mubarak,DPL,17-09-26,,,43.7,Fill,V0-3,VILLA 9,,LAYER-19,27.7,3,,,APPROVED AS NOTED,DONE,5,HELIOPOLIS,2,,,
2003,Saturday,19-09-26,95705,44,Hosny Mubarak,DPL,17-09-26,,,44.8,Fill,V0-3,BH-4,,LAYER-21,25.65,8,,,APPROVED AS NOTED,DONE,10,HELIOPOLIS,2,,,
2004,Saturday,19-09-26,95706,44,ROCK,DPL,17-09-26,,,36.5,Fill,V0-3,RD-8,,LAYER-5,21.05,2,,,APPROVED AS NOTED,DONE,4,HELIOPOLIS,2,,,
2005,Saturday,19-09-26,95707,44,Samy Asaad,DPL,17-09-26,,,38.3,Fill,V0-3,RD-20,,LAYER-9,25.5,7,,,APPROVED AS NOTED,DONE,9,CEL,2,,,
2006,Saturday,19-09-26,95708,44,Samy Asaad,DPL,17-09-26,,,40.3,Fill,V0-3,VILLA 110,,LAYER-8,24.05,3,,,APPROVED AS NOTED,DONE,5,CEL,2,,,
2007,Saturday,19-09-26,95709,44,Ghali Aziz,DPL,17-09-26,,,37.5,Fill,V0-3,VILLA 30,,LAYER-5,21.75,2,,,APPROVED AS NOTED,DONE,4,HELIOPOLIS,2,,,
2008,Saturday,19-09-26,95710,44,Al Wadi Stone,DPL,17-09-26,,,41.3,Fill,V0-3,VILLA 45,,LAYER-7,21.75,2,,,APPROVED AS NOTED,DONE,4,CEL,2,,,
2009,Saturday,19-09-26,95711,44,Al Wadi Stone,DPL,17-09-26,,,42.8,Fill,V0-3,VILLA 46,,LAYER-7,21.75,2,,,APPROVED AS NOTED,DONE,4,CEL,2,,,
2010,Saturday,19-09-26,95713,44,Al Motamayez,PLATE LOAD,18-09-26,,,,Fill,V0-3,RD-9,,25,,1,,1500,APPROVED AS NOTED,DONE,3,HELIOPOLIS,1,,,
2011,Saturday,19-09-26,95714,44,Al Motamayez,PLATE LOAD,18-09-26,,,,Fill,V0-3,VILLA 3,,25,,1,,900,APPROVED AS NOTED,DONE,3,HELIOPOLIS,1,,,
2012,Saturday,19-09-26,95715,44,Al Motamayez,PLATE LOAD,18-09-26,,,,Fill,V0-3,VILLA 4,,25,,1,,900,APPROVED AS NOTED,DONE,3,HELIOPOLIS,1,,,
2013,Saturday,19-09-26,95716,44,Abnaa Hetler,SOIL,18-09-26,A-1-B,9.20%,,Stockpile,V0-3,,,,,1,Sieve + Proctoer ,,APPROVED AS NOTED,DONE,4,CEL,1,,,
2014,Saturday,19-09-26,95717,44,Al Farook,SOIL,18-09-26,A-1-B,10.60%,,Stockpile,V0-3,,,,,1,Sieve + Proctoer ,,APPROVED AS NOTED,DONE,4,CEL,1,,,
2015,Saturday,19-09-26,95718,44,Abnaa Hetler,SOIL,18-09-26,A-1-B,13.60%,,Stockpile,V0-3,,,,,1,Sieve + Proctoer ,,APPROVED AS NOTED,DONE,4,CEL,1,,,
2016,Saturday,19-09-26,95719,44,Abnaa Oraby,DPL,18-09-26,,,37.15,Fill,V0-3,VILLA 52,,LAYER-9,22.1,2,,,APPROVED AS NOTED,DONE,4,CEL,1,,,
2017,Saturday,19-09-26,95720,44,Abnaa Oraby,DPL,18-09-26,,,39.1,Fill,V0-3,VILLA 53,,LAYER-9,22.1,2,,,APPROVED AS NOTED,DONE,4,CEL,1,,,
2018,Saturday,19-09-26,95721,44,Abnaa Oraby,DPL,18-09-26,,,44.4,Fill,V0-3,VILLA 54,,LAYER-9,22.1,2,,,APPROVED AS NOTED,DONE,4,CEL,1,,,
2019,Saturday,19-09-26,95722,44,Abnaa Oraby,DPL,18-09-26,,,38.55,Fill,V0-3,VILLA 55,,LAYER-9,22.1,2,,,APPROVED AS NOTED,DONE,4,CEL,1,,,
2020,Saturday,19-09-26,95723,44,Al Ehsan,DPL,18-09-26,,,41.53,Fill,V0-3,BH-10,,LAYER-11,22.9,6,,,APPROVED AS NOTED,DONE,8,HELIOPOLIS,1,,,
2021,Saturday,19-09-26,95724,44,AL ANOUD,DPL,18-09-26,,,44.5,Fill,V0-3,BH-18,,LAYER-2,19.7,6,,,APPROVED AS NOTED,DONE,8,HELIOPOLIS,1,,,
2022,Saturday,19-09-26,95725,44,Al Qimam,DPL,18-09-26,,,45.7,Fill,V0-3,BH-2,,LAYER-15,24.35,6,,,APPROVED AS NOTED,DONE,8,CEL,1,,,
2023,Saturday,19-09-26,95726,44,Al Kifah,DPL,18-09-26,,,42.5,Fill,V0-3,VILLA 22,,LAYER-14,26.5,2,,,APPROVED AS NOTED,DONE,4,HELIOPOLIS,1,,,
2024,Saturday,19-09-26,95727,44,Al Kifah,DPL,18-09-26,,,41.7,Fill,V0-3,VILLA 23,,LAYER-15,26.5,2,,,APPROVED AS NOTED,DONE,4,HELIOPOLIS,1,,,
2025,Saturday,19-09-26,95728,44,Al Kifah,DPL,18-09-26,,,39,Fill,V0-3,VILLA 24,,LAYER-16,26.5,2,,,APPROVED AS NOTED,DONE,4,HELIOPOLIS,1,,,
2026,Saturday,19-09-26,95729,44,Al Kifah,DPL,18-09-26,,,39,Fill,V0-3,VILLA 25,,LAYER-17,26.5,2,,,APPROVED AS NOTED,DONE,4,HELIOPOLIS,1,,,
2027,Saturday,19-09-26,95730,44,Al Kifah,DPL,18-09-26,,,37.5,Fill,V0-3,VILLA 26,,LAYER-16,26.5,2,,,APPROVED AS NOTED,DONE,4,HELIOPOLIS,1,,,
2028,Saturday,19-09-26,95731,44,Al Kifah,DPL,18-09-26,,,51.1,Fill,V0-3,RD-1(EX V 23),,LAYER-4,26.5,2,,,APPROVED AS NOTED,DONE,4,HELIOPOLIS,1,,,
2029,Saturday,19-09-26,95732,44,ROCK,DPL,18-09-26,,,39.6,Fill,V0-3,RD-8,,LAYER-6,21.55,2,,,APPROVED AS NOTED,DONE,4,HELIOPOLIS,1,,,
2030,Saturday,19-09-26,95733,44,Samy Asaad,DPL,18-09-26,,,45.05,Fill,V0-3,BH-20,,LAYER-3,20.5,8,,,APPROVED AS NOTED,DONE,10,CEL,1,,,
2031,Saturday,19-09-26,95734,44,Samy Asaad,DPL,18-09-26,,,42,Fill,V0-3,BH-20',,LAYER-3,20.5,8,,,APPROVED AS NOTED,DONE,10,HELIOPOLIS,1,,,
2032,Saturday,19-09-26,95735,44,Ghali Aziz,PLATE LOAD,18-09-26,,,,Fill,V0-3,VILLA 30,,21.75,,1,,732,APPROVED AS NOTED,DONE,3,GLOBAL LAB,1,,,
2033,Saturday,19-09-26,95736,44,Ghali Aziz,PLATE LOAD,18-09-26,,,,Fill,V0-3,VILLA 32,,21.15,,1,,891,APPROVED AS NOTED,DONE,3,GLOBAL LAB,1,,,
2034,Saturday,19-09-26,95737,44,ROCK,PLATE LOAD,18-09-26,,,,Fill,V0-3,VILLA 59,,22.5,,1,,673,APPROVED AS NOTED,DONE,3,HELIOPOLIS,1,,,
2035,Saturday,19-09-26,95738,44,Abnaa Oraby,PLATE LOAD,18-09-26,,,,Fill,V0-3,VILLA 56,,22.1,,1,,993,APPROVED AS NOTED,DONE,3,HELIOPOLIS,1,,,
2036,Saturday,19-09-26,95739,44,Al Kifah,SOIL,18-09-26,A-2-4,27.60%,,Stockpile,V0-3,,,,,1,Sieve + Proctoer ,,APPROVED AS NOTED,DONE,3,LOGIC,1,,,
2037,Saturday,19-09-26,95740,44,Fawzy Al Rfaay,SOIL,18-09-26,A-4,75.00%,,Bottom of excavation,V0-3,VILLA 140,,,,1,Sieve analysis,,APPROVED AS NOTED,DONE,2,LOGIC,1,,,
2038,Saturday,19-09-26,95741,44,Fawzy Al Rfaay,SOIL,18-09-26,A-4,68.00%,,Bottom of excavation,V0-3,VILLA 141,,,,1,Sieve analysis,,APPROVED AS NOTED,DONE,2,LOGIC,1,,,
2039,Saturday,19-09-26,95742,44,Al Asefa,SOIL,18-09-26,A-4,65.00%,,Bottom of excavation,V0-3,VILLA 195,,,,1,Sieve analysis,,APPROVED AS NOTED,DONE,2,LOGIC,1,,,
